year,state,state_po,state_fips,state_cen,state_ic,candidate_id,candidate_ballot_name,candidate_display,party_simplified,candidatevotes,totalvotes,vote_share,writein,source_row_count
1976,ALASKA,AK,2,94,81.0,gerald-ford,"FORD, GERALD",Gerald Ford,REPUBLICAN,71555,123574,0.5790457539611893,False,1
1976,ALASKA,AK,2,94,81.0,jimmy-carter,"CARTER, JIMMY",Jimmy Carter,DEMOCRAT,44058,123574,0.3565313091750692,False,1
1976,ALASKA,AK,2,94,81.0,roger-macbride,"MACBRIDE, ROGER",Roger Macbride,LIBERTARIAN,6785,123574,0.054906371890527134,False,1
1976,ALASKA,AK,2,94,81.0,write-in-blank,,Write-in/blank,OTHER,1176,123574,0.00951656497321443,True,1
1976,ALABAMA,AL,1,63,41.0,jimmy-carter,"CARTER, JIMMY",Jimmy Carter,DEMOCRAT,659170,1182850,0.5572726888447394,False,1
1976,ALABAMA,AL,1,63,41.0,gerald-ford,"FORD, GERALD",Gerald Ford,REPUBLICAN,504070,1182850,0.42614870862746757,False,1
1976,ALABAMA,AL,1,63,41.0,lester-maddox,"MADDOX, LESTER",Lester Maddox,OTHER,9198,1182850,0.0077761339138521365,False,1
1976,ALABAMA,AL,1,63,41.0,benjamin-ben-bubar,"BUBAR, BENJAMIN ""BEN""","Benjamin ""Ben"" Bubar",OTHER,6669,1182850,0.005638077524622733,False,1
1976,ALABAMA,AL,1,63,41.0,gus-hall,"HALL, GUS",Gus Hall,OTHER,1954,1182850,0.0016519423426469967,False,1
1976,ALABAMA,AL,1,63,41.0,roger-macbride,"MACBRIDE, ROGER",Roger Macbride,LIBERTARIAN,1481,1182850,0.0012520607008496428,False,1
1976,ALABAMA,AL,1,63,41.0,write-in-blank,,Write-in/blank,OTHER,308,1182850,0.0002603880458215327,True,1
1976,ARKANSAS,AR,5,71,42.0,jimmy-carter,"CARTER, JIMMY",Jimmy Carter,DEMOCRAT,498604,767535,0.6496172812966184,False,1
1976,ARKANSAS,AR,5,71,42.0,gerald-ford,"FORD, GERALD",Gerald Ford,REPUBLICAN,267903,767535,0.3490433661005687,False,1
1976,ARKANSAS,AR,5,71,42.0,write-in-blank,,Write-in/blank,OTHER,639,767535,0.000832535324122027,False,1
1976,ARKANSAS,AR,5,71,42.0,lester-maddox,"MADDOX, LESTER",Lester Maddox,OTHER,389,767535,0.000506817278690874,False,1
1976,ARIZONA,AZ,4,86,61.0,gerald-ford,"FORD, GERALD",Gerald Ford,REPUBLICAN,418642,742719,0.5636613577948053,False,1
1976,ARIZONA,AZ,4,86,61.0,jimmy-carter,"CARTER, JIMMY",Jimmy Carter,DEMOCRAT,295602,742719,0.39799978188251545,False,1
1976,ARIZONA,AZ,4,86,61.0,eugene-mccarthy,"MCCARTHY, EUGENE ""GENE""",Eugene McCarthy,OTHER,19229,742719,0.02589000685319751,False,1
1976,ARIZONA,AZ,4,86,61.0,roger-macbride,"MACBRIDE, ROGER",Roger Macbride,LIBERTARIAN,7647,742719,0.010295953112819249,False,1
1976,ARIZONA,AZ,4,86,61.0,peter-camejo,"CAMEJO, PETER",Peter Camejo,OTHER,928,742719,0.00124946312131506,False,1
1976,ARIZONA,AZ,4,86,61.0,thomas-j-anderson,"ANDERSON, THOMAS J.",Thomas J. Anderson,OTHER,564,742719,0.0007593719832130322,False,1
1976,ARIZONA,AZ,4,86,61.0,lester-maddox,"MADDOX, LESTER",Lester Maddox,OTHER,85,742719,0.00011444435917217683,False,1
1976,ARIZONA,AZ,4,86,61.0,write-in-blank,,Write-in/blank,OTHER,22,742719,2.9620892962210473e-05,True,1
1976,CALIFORNIA,CA,6,93,71.0,gerald-ford,"FORD, GERALD",Gerald Ford,REPUBLICAN,3882244,7803770,0.4974831395594693,False,1
1976,CALIFORNIA,CA,6,93,71.0,jimmy-carter,"CARTER, JIMMY",Jimmy Carter,DEMOCRAT,3742284,7803770,0.47954821836112543,False,1
1976,CALIFORNIA,CA,6,93,71.0,roger-macbride,"MACBRIDE, ROGER",Roger Macbride,OTHER,56388,7803770,0.0072257383290384005,False,1
1976,CALIFORNIA,CA,6,93,71.0,lester-maddox,"MADDOX, LESTER",Lester Maddox,OTHER,51098,7803770,0.006547860841618859,False,1
1976,CALIFORNIA,CA,6,93,71.0,margaret-wright,"WRIGHT, MARGARET",Margaret Wright,OTHER,41731,7803770,0.005347543559074653,False,1
1976,CALIFORNIA,CA,6,93,71.0,peter-camejo,"CAMEJO, PETER",Peter Camejo,OTHER,17259,7803770,0.0022116233564033793,False,1
1976,CALIFORNIA,CA,6,93,71.0,gus-hall,"HALL, GUS",Gus Hall,OTHER,12766,7803770,0.0016358759932699196,False,1
1976,COLORADO,CO,8,84,62.0,gerald-ford,"FORD, GERALD",Gerald Ford,REPUBLICAN,584278,1081440,0.5402777777777777,False,1
1976,COLORADO,CO,8,84,62.0,jimmy-carter,"CARTER, JIMMY",Jimmy Carter,DEMOCRAT,460801,1081440,0.4260994599792869,False,1
1976,COLORADO,CO,8,84,62.0,eugene-mccarthy,"MCCARTHY, EUGENE ""GENE""",Eugene McCarthy,OTHER,26047,1081440,0.024085478621097795,False,1
1976,COLORADO,CO,8,84,62.0,roger-macbride,"MACBRIDE, ROGER",Roger Macbride,LIBERTARIAN,5338,1081440,0.004936011244266903,False,1
1976,COLORADO,CO,8,84,62.0,benjamin-ben-bubar,"BUBAR, BENJAMIN ""BEN""","Benjamin ""Ben"" Bubar",OTHER,2886,1081440,0.002668664003550821,False,1
1976,COLORADO,CO,8,84,62.0,peter-camejo,"CAMEJO, PETER",Peter Camejo,OTHER,1122,1081440,0.0010375055481580116,False,1
1976,COLORADO,CO,8,84,62.0,lyndon-larouche-jr,"LAROUCHE, LYNDON, JR.",Lyndon Larouche Jr.,OTHER,565,1081440,0.0005224515460866992,False,1
1976,COLORADO,CO,8,84,62.0,gus-hall,"HALL, GUS",Gus Hall,OTHER,403,1081440,0.00037265127977511464,False,1
1976,CONNECTICUT,CT,9,16,1.0,gerald-ford,"FORD, GERALD",Gerald Ford,REPUBLICAN,719261,1386355,0.5188144450735923,False,1
1976,CONNECTICUT,CT,9,16,1.0,jimmy-carter,"CARTER, JIMMY",Jimmy Carter,DEMOCRAT,647895,1386355,0.46733700964038793,False,1
1976,CONNECTICUT,CT,9,16,1.0,scattering,SCATTERING,Scattering,OTHER,10309,1386355,0.0074360463229115195,False,1
1976,CONNECTICUT,CT,9,16,1.0,lester-maddox,"MADDOX, LESTER",Lester Maddox,OTHER,7101,1386355,0.005122064694829246,False,1
1976,CONNECTICUT,CT,9,16,1.0,lyndon-larouche-jr,"LAROUCHE, LYNDON, JR.",Lyndon Larouche Jr.,OTHER,1789,1386355,0.0012904342682790483,False,1
1976,DISTRICT OF COLUMBIA,DC,11,53,55.0,jimmy-carter,"CARTER, JIMMY",Jimmy Carter,DEMOCRAT,137818,168830,0.8163122667772316,False,1
1976,DISTRICT OF COLUMBIA,DC,11,53,55.0,gerald-ford,"FORD, GERALD",Gerald Ford,REPUBLICAN,27873,168830,0.16509506604276492,False,1
1976,DISTRICT OF COLUMBIA,DC,11,53,55.0,other,OTHER,Other,OTHER,1656,168830,0.009808683290884322,False,1
1976,DISTRICT OF COLUMBIA,DC,11,53,55.0,write-in-blank,,Write-in/blank,OTHER,1483,168830,0.008783983889119232,True,2
1976,DELAWARE,DE,10,51,11.0,jimmy-carter,"CARTER, JIMMY",Jimmy Carter,DEMOCRAT,122461,235642,0.5196908870235357,False,1
1976,DELAWARE,DE,10,51,11.0,gerald-ford,"FORD, GERALD",Gerald Ford,REPUBLICAN,109780,235642,0.46587620203529084,False,1
1976,DELAWARE,DE,10,51,11.0,write-in-blank,,Write-in/blank,OTHER,2518,235642,0.010685701190789418,False,2
1976,DELAWARE,DE,10,51,11.0,thomas-j-anderson,"ANDERSON, THOMAS J.",Thomas J. Anderson,OTHER,645,235642,0.0027372030452975276,False,1
1976,DELAWARE,DE,10,51,11.0,lyndon-larouche-jr,"LAROUCHE, LYNDON, JR.",Lyndon Larouche Jr.,OTHER,135,235642,0.0005729029629692499,False,1
1976,DELAWARE,DE,10,51,11.0,benjamin-ben-bubar,"BUBAR, BENJAMIN ""BEN""","Benjamin ""Ben"" Bubar",OTHER,103,235642,0.0004371037421172796,False,1
1976,FLORIDA,FL,12,59,43.0,jimmy-carter,"CARTER, JIMMY",Jimmy Carter,DEMOCRAT,1636000,3150631,0.5192610623078361,False,1
1976,FLORIDA,FL,12,59,43.0,gerald-ford,"FORD, GERALD",Gerald Ford,REPUBLICAN,1469531,3150631,0.46642434483758966,False,1
1976,FLORIDA,FL,12,59,43.0,eugene-mccarthy,"MCCARTHY, EUGENE ""GENE""",Eugene McCarthy,OTHER,23643,3150631,0.007504211061212817,False,1
1976,FLORIDA,FL,12,59,43.0,thomas-j-anderson,"ANDERSON, THOMAS J.",Thomas J. Anderson,OTHER,21325,3150631,0.006768485424030932,False,1
1976,FLORIDA,FL,12,59,43.0,write-in-blank,,Write-in/blank,OTHER,132,3150631,4.1896369330461105e-05,True,1
1976,GEORGIA,GA,13,58,44.0,jimmy-carter,"CARTER, JIMMY",Jimmy Carter,DEMOCRAT,979409,1463152,0.6693829485931742,False,1
1976,GEORGIA,GA,13,58,44.0,gerald-ford,"FORD, GERALD",Gerald Ford,REPUBLICAN,483743,1463152,0.3306170514068258,False,1
1976,HAWAII,HI,15,95,82.0,jimmy-carter,"CARTER, JIMMY",Jimmy Carter,DEMOCRAT,147375,291301,0.5059199934088795,False,1
1976,HAWAII,HI,15,95,82.0,gerald-ford,"FORD, GERALD",Gerald Ford,REPUBLICAN,140003,291301,0.48061283689379714,False,1
1976,HAWAII,HI,15,95,82.0,roger-macbride,"MACBRIDE, ROGER",Roger Macbride,LIBERTARIAN,3923,291301,0.013467169697323388,False,1
1976,IOWA,IA,19,42,31.0,gerald-ford,"FORD, GERALD",Gerald Ford,REPUBLICAN,632864,1279303,0.49469437654722925,False,1
1976,IOWA,IA,19,42,31.0,jimmy-carter,"CARTER, JIMMY",Jimmy Carter,DEMOCRAT,619931,1279303,0.48458496540694423,False,1
1976,IOWA,IA,19,42,31.0,eugene-mccarthy,"MCCARTHY, EUGENE ""GENE""",Eugene McCarthy,OTHER,20057,1279303,0.015678068448209688,False,1
1976,IOWA,IA,19,42,31.0,thomas-j-anderson,"ANDERSON, THOMAS J.",Thomas J. Anderson,OTHER,3041,1279303,0.002377075641970667,False,1
1976,IOWA,IA,19,42,31.0,roger-macbride,"MACBRIDE, ROGER",Roger Macbride,LIBERTARIAN,1454,1279303,0.0011365563904719993,False,1
1976,IOWA,IA,19,42,31.0,gus-hall,"HALL, GUS",Gus Hall,OTHER,551,1279303,0.0004307032813961978,False,1
1976,IOWA,IA,19,42,31.0,scattering,SCATTERING,Scattering,OTHER,509,1279303,0.0003978729042298814,False,1
1976,IOWA,IA,19,42,31.0,peter-camejo,"CAMEJO, PETER",Peter Camejo,OTHER,262,1279303,0.00020479901946606862,False,1
1976,IOWA,IA,19,42,31.0,lyndon-larouche-jr,"LAROUCHE, LYNDON, JR.",Lyndon Larouche Jr.,OTHER,241,1279303,0.00018838383088291046,False,1
1976,IOWA,IA,19,42,31.0,frank-zeidler,"ZEIDLER, FRANK",Frank Zeidler,OTHER,233,1279303,0.000182130425708374,False,1
1976,IOWA,IA,19,42,31.0,levin-julius-jules,"JULIUS ""JULES"", LEVIN","Levin Julius ""Jules""",OTHER,160,1279303,0.00012506810349072894,False,1
1976,IDAHO,ID,16,82,63.0,gerald-ford,"FORD, GERALD",Gerald Ford,REPUBLICAN,204151,340932,0.5988026937923104,False,1
1976,IDAHO,ID,16,82,63.0,jimmy-carter,"CARTER, JIMMY",Jimmy Carter,DEMOCRAT,126549,340932,0.37118545633733413,False,1
1976,IDAHO,ID,16,82,63.0,lester-maddox,"MADDOX, LESTER",Lester Maddox,OTHER,5935,340932,0.017408163504745815,False,1
1976,IDAHO,ID,16,82,63.0,roger-macbride,"MACBRIDE, ROGER",Roger Macbride,LIBERTARIAN,3558,340932,0.010436098694167752,False,1
1976,IDAHO,ID,16,82,63.0,lyndon-larouche-jr,"LAROUCHE, LYNDON, JR.",Lyndon Larouche Jr.,OTHER,739,340932,0.0021675876714418126,False,1
1976,ILLINOIS,IL,17,33,21.0,gerald-ford,"FORD, GERALD",Gerald Ford,REPUBLICAN,2364269,4721282,0.5007684353529401,False,1
1976,ILLINOIS,IL,17,33,21.0,jimmy-carter,"CARTER, JIMMY",Jimmy Carter,DEMOCRAT,2271295,4721282,0.48107590268914247,False,1
1976,ILLINOIS,IL,17,33,21.0,eugene-mccarthy,"MCCARTHY, EUGENE ""GENE""",Eugene McCarthy,OTHER,55939,4721282,0.011848264941598489,False,1
1976,ILLINOIS,IL,17,33,21.0,gus-hall,"HALL, GUS",Gus Hall,OTHER,9250,4721282,0.001959213620368366,False,1
1976,ILLINOIS,IL,17,33,21.0,roger-macbride,"MACBRIDE, ROGER",Roger Macbride,LIBERTARIAN,8057,4721282,0.0017065280150603162,False,1
1976,ILLINOIS,IL,17,33,21.0,write-in-blank,,Write-in/blank,OTHER,4417,4721282,0.0009355509795856295,True,1
1976,ILLINOIS,IL,17,33,21.0,peter-camejo,"CAMEJO, PETER",Peter Camejo,OTHER,3615,4721282,0.0007656818635277452,False,1
1976,ILLINOIS,IL,17,33,21.0,levin-julius-jules,"JULIUS ""JULES"", LEVIN","Levin Julius ""Jules""",OTHER,2422,4721282,0.0005129962582196955,False,1
1976,ILLINOIS,IL,17,33,21.0,lyndon-larouche-jr,"LAROUCHE, LYNDON, JR.",Lyndon Larouche Jr.,OTHER,2018,4721282,0.0004274262795571203,False,1
1976,INDIANA,IN,18,32,22.0,gerald-ford,"FORD, GERALD",Gerald Ford,REPUBLICAN,1183958,2220362,0.5332274647107094,False,1
1976,INDIANA,IN,18,32,22.0,jimmy-carter,"CARTER, JIMMY",Jimmy Carter,DEMOCRAT,1014714,2220362,0.45700385792947273,False,1
1976,INDIANA,IN,18,32,22.0,thomas-j-anderson,"ANDERSON, THOMAS J.",Thomas J. Anderson,OTHER,14048,2220362,0.006326896244846561,False,1
1976,INDIANA,IN,18,32,22.0,peter-camejo,"CAMEJO, PETER",Peter Camejo,OTHER,5695,2220362,0.0025648970753417684,False,1
1976,INDIANA,IN,18,32,22.0,lyndon-larouche-jr,"LAROUCHE, LYNDON, JR.",Lyndon Larouche Jr.,OTHER,1947,2220362,0.0008768840396295739,False,1
1976,KANSAS,KS,20,47,32.0,gerald-ford,"FORD, GERALD",Gerald Ford,REPUBLICAN,502752,957845,0.5248782423043394,False,1
1976,KANSAS,KS,20,47,32.0,jimmy-carter,"CARTER, JIMMY",Jimmy Carter,DEMOCRAT,430421,957845,0.44936393675385894,False,1
1976,KANSAS,KS,20,47,32.0,eugene-mccarthy,"MCCARTHY, EUGENE ""GENE""",Eugene McCarthy,OTHER,13185,957845,0.013765275175002218,False,1
1976,KANSAS,KS,20,47,32.0,thomas-j-anderson,"ANDERSON, THOMAS J.",Thomas J. Anderson,OTHER,4724,957845,0.004931904431301515,False,1
1976,KANSAS,KS,20,47,32.0,roger-macbride,"MACBRIDE, ROGER",Roger Macbride,OTHER,3242,957845,0.003384681237569753,False,1
1976,KANSAS,KS,20,47,32.0,lester-maddox,"MADDOX, LESTER",Lester Maddox,OTHER,2118,957845,0.0022112137141186727,False,1
1976,KANSAS,KS,20,47,32.0,benjamin-ben-bubar,"BUBAR, BENJAMIN ""BEN""","Benjamin ""Ben"" Bubar",OTHER,1403,957845,0.001464746383809489,False,1
1976,KENTUCKY,KY,21,61,51.0,jimmy-carter,"CARTER, JIMMY",Jimmy Carter,DEMOCRAT,615717,1167142,0.5275424926872652,False,1
1976,KENTUCKY,KY,21,61,51.0,gerald-ford,"FORD, GERALD",Gerald Ford,REPUBLICAN,531852,1167142,0.45568748275702525,False,1
1976,KENTUCKY,KY,21,61,51.0,thomas-j-anderson,"ANDERSON, THOMAS J.",Thomas J. Anderson,OTHER,8308,1167142,0.007118242681695972,False,1
1976,KENTUCKY,KY,21,61,51.0,eugene-mccarthy,"MCCARTHY, EUGENE ""GENE""",Eugene McCarthy,OTHER,6837,1167142,0.005857899038848743,False,1
1976,KENTUCKY,KY,21,61,51.0,lester-maddox,"MADDOX, LESTER",Lester Maddox,OTHER,2328,1167142,0.0019946159079186595,False,1
1976,KENTUCKY,KY,21,61,51.0,roger-macbride,"MACBRIDE, ROGER",Roger Macbride,LIBERTARIAN,814,1167142,0.0006974301327516275,False,1
1976,KENTUCKY,KY,21,61,51.0,lyndon-larouche-jr,"LAROUCHE, LYNDON, JR.",Lyndon Larouche Jr.,OTHER,510,1167142,0.0004369648251883661,False,1
1976,KENTUCKY,KY,21,61,51.0,gus-hall,"HALL, GUS",Gus Hall,OTHER,426,1167142,0.00036499414809851755,False,1
1976,KENTUCKY,KY,21,61,51.0,peter-camejo,"CAMEJO, PETER",Peter Camejo,OTHER,350,1167142,0.00029987782120770225,False,1
1976,LOUISIANA,LA,22,72,45.0,jimmy-carter,"CARTER, JIMMY",Jimmy Carter,DEMOCRAT,661365,1277383,0.5177499622274604,False,1
1976,LOUISIANA,LA,22,72,45.0,gerald-ford,"FORD, GERALD",Gerald Ford,REPUBLICAN,587446,1277383,0.45988243150253294,False,1
1976,LOUISIANA,LA,22,72,45.0,lester-maddox,"MADDOX, LESTER",Lester Maddox,OTHER,10058,1277383,0.007873910957011327,False,1
1976,LOUISIANA,LA,22,72,45.0,gus-hall,"HALL, GUS",Gus Hall,OTHER,7417,1277383,0.005806402621609964,False,1
1976,LOUISIANA,LA,22,72,45.0,eugene-mccarthy,"MCCARTHY, EUGENE ""GENE""",Eugene McCarthy,OTHER,6490,1277383,0.005080700150229023,False,1
1976,LOUISIANA,LA,22,72,45.0,roger-macbride,"MACBRIDE, ROGER",Roger Macbride,LIBERTARIAN,3134,1277383,0.002453453662683784,False,1
1976,LOUISIANA,LA,22,72,45.0,peter-camejo,"CAMEJO, PETER",Peter Camejo,OTHER,1473,1277383,0.0011531388784726273,False,1
1976,MASSACHUSETTS,MA,25,14,3.0,jimmy-carter,"CARTER, JIMMY",Jimmy Carter,DEMOCRAT,1429475,2547558,0.5611157822510813,False,1
1976,MASSACHUSETTS,MA,25,14,3.0,gerald-ford,"FORD, GERALD",Gerald Ford,REPUBLICAN,1030276,2547558,0.40441709276098914,False,1
1976,MASSACHUSETTS,MA,25,14,3.0,eugene-mccarthy,"MCCARTHY, EUGENE ""GENE""",Eugene McCarthy,OTHER,65637,2547558,0.025764673463764123,False,1
1976,MASSACHUSETTS,MA,25,14,3.0,peter-camejo,"CAMEJO, PETER",Peter Camejo,OTHER,8138,2547558,0.0031944316871294,False,1
1976,MASSACHUSETTS,MA,25,14,3.0,thomas-j-anderson,"ANDERSON, THOMAS J.",Thomas J. Anderson,OTHER,7555,2547558,0.00296558508187056,False,1
1976,MASSACHUSETTS,MA,25,14,3.0,lyndon-larouche-jr,"LAROUCHE, LYNDON, JR.",Lyndon Larouche Jr.,OTHER,4922,2547558,0.0019320462968850955,False,1
1976,MASSACHUSETTS,MA,25,14,3.0,scattering,SCATTERING,Scattering,OTHER,1401,2547558,0.0005499384116082932,False,1
1976,MASSACHUSETTS,MA,25,14,3.0,roger-macbride,"MACBRIDE, ROGER",Roger Macbride,LIBERTARIAN,135,2547558,5.299192403077771e-05,False,1
1976,MASSACHUSETTS,MA,25,14,3.0,levin-julius-jules,"JULIUS ""JULES"", LEVIN","Levin Julius ""Jules""",OTHER,19,2547558,7.458122641368714e-06,False,1
1976,MARYLAND,MD,24,52,52.0,jimmy-carter,"CARTER, JIMMY",Jimmy Carter,DEMOCRAT,759612,1432273,0.5303541992343639,False,1
1976,MARYLAND,MD,24,52,52.0,gerald-ford,"FORD, GERALD",Gerald Ford,REPUBLICAN,672661,1432273,0.46964580076563617,False,1
1976,MAINE,ME,23,11,2.0,gerald-ford,"FORD, GERALD",Gerald Ford,REPUBLICAN,236320,482968,0.489307780225605,False,1
1976,MAINE,ME,23,11,2.0,jimmy-carter,"CARTER, JIMMY",Jimmy Carter,DEMOCRAT,232279,482968,0.480940766261947,False,1
1976,MAINE,ME,23,11,2.0,eugene-mccarthy,"MCCARTHY, EUGENE ""GENE""",Eugene McCarthy,OTHER,10874,482968,0.022514949230590848,False,1
1976,MAINE,ME,23,11,2.0,benjamin-ben-bubar,"BUBAR, BENJAMIN ""BEN""","Benjamin ""Ben"" Bubar",OTHER,3495,482968,0.007236504281857183,False,1
1976,MICHIGAN,MI,26,34,23.0,gerald-ford,"FORD, GERALD",Gerald Ford,REPUBLICAN,1893742,3651590,0.518607510700818,False,1
1976,MICHIGAN,MI,26,34,23.0,jimmy-carter,"CARTER, JIMMY",Jimmy Carter,DEMOCRAT,1696714,3651590,0.46465074118397737,False,1
1976,MICHIGAN,MI,26,34,23.0,eugene-mccarthy,"MCCARTHY, EUGENE ""GENE""",Eugene McCarthy,OTHER,47905,3651590,0.013118942707149488,False,1
1976,MICHIGAN,MI,26,34,23.0,roger-macbride,"MACBRIDE, ROGER",Roger Macbride,LIBERTARIAN,5407,3651590,0.0014807248349349188,False,1
1976,MICHIGAN,MI,26,34,23.0,margaret-wright,"WRIGHT, MARGARET",Margaret Wright,OTHER,3504,3651590,0.00095958199031107,False,1
1976,MICHIGAN,MI,26,34,23.0,peter-camejo,"CAMEJO, PETER",Peter Camejo,OTHER,1804,3651590,0.0004940313671578683,False,1
1976,MICHIGAN,MI,26,34,23.0,lyndon-larouche-jr,"LAROUCHE, LYNDON, JR.",Lyndon Larouche Jr.,OTHER,1366,3651590,0.0003740836183689845,False,1
1976,MICHIGAN,MI,26,34,23.0,levin-julius-jules,"JULIUS ""JULES"", LEVIN","Levin Julius ""Jules""",OTHER,1148,3651590,0.0003143835972822798,False,1
1976,MINNESOTA,MN,27,41,33.0,jimmy-carter,"CARTER, JIMMY",Jimmy Carter,DEMOCRAT,1070440,1949931,0.5489630145887213,False,1
1976,MINNESOTA,MN,27,41,33.0,gerald-ford,"FORD, GERALD",Gerald Ford,REPUBLICAN,819395,1949931,0.4202174333348206,False,1
1976,MINNESOTA,MN,27,41,33.0,eugene-mccarthy,"MCCARTHY, EUGENE ""GENE""",Eugene McCarthy,OTHER,35490,1949931,0.0182006440227885,False,1
1976,MINNESOTA,MN,27,41,33.0,thomas-j-anderson,"ANDERSON, THOMAS J.",Thomas J. Anderson,OTHER,13592,1949931,0.006970503058826184,False,1
1976,MINNESOTA,MN,27,41,33.0,peter-camejo,"CAMEJO, PETER",Peter Camejo,OTHER,4149,1949931,0.0021277675979303884,False,1
1976,MINNESOTA,MN,27,41,33.0,roger-macbride,"MACBRIDE, ROGER",Roger Macbride,LIBERTARIAN,3529,1949931,0.0018098076290904653,False,1
1976,MINNESOTA,MN,27,41,33.0,gus-hall,"HALL, GUS",Gus Hall,OTHER,1092,1949931,0.0005600198160858,False,1
1976,MINNESOTA,MN,27,41,33.0,margaret-wright,"WRIGHT, MARGARET",Margaret Wright,OTHER,635,1949931,0.0003256525487312115,False,1
1976,MINNESOTA,MN,27,41,33.0,lyndon-larouche-jr,"LAROUCHE, LYNDON, JR.",Lyndon Larouche Jr.,OTHER,543,1949931,0.0002784713920646423,False,1
1976,MINNESOTA,MN,27,41,33.0,levin-julius-jules,"JULIUS ""JULES"", LEVIN","Levin Julius ""Jules""",OTHER,370,1949931,0.00018975030398511538,False,1
1976,MINNESOTA,MN,27,41,33.0,frank-zeidler,"ZEIDLER, FRANK",Frank Zeidler,OTHER,354,1949931,0.0001815448854344077,False,1
1976,MINNESOTA,MN,27,41,33.0,write-in-blank,,Write-in/blank,OTHER,342,1949931,0.0001753908215213769,True,1
1976,MISSOURI,MO,29,43,34.0,jimmy-carter,"CARTER, JIMMY",Jimmy Carter,DEMOCRAT,998387,1953600,0.5110498566748567,False,1
1976,MISSOURI,MO,29,43,34.0,gerald-ford,"FORD, GERALD",Gerald Ford,REPUBLICAN,927443,1953600,0.47473536036036035,False,1
1976,MISSOURI,MO,29,43,34.0,eugene-mccarthy,"MCCARTHY, EUGENE ""GENE""",Eugene McCarthy,OTHER,24029,1953600,0.012299856674856675,False,1
1976,MISSOURI,MO,29,43,34.0,other,OTHER,Other,OTHER,3741,1953600,0.00191492628992629,False,1
1976,MISSISSIPPI,MS,28,64,46.0,jimmy-carter,"CARTER, JIMMY",Jimmy Carter,DEMOCRAT,381329,768390,0.4962701232447065,False,1
1976,MISSISSIPPI,MS,28,64,46.0,gerald-ford,"FORD, GERALD",Gerald Ford,REPUBLICAN,366846,768390,0.4774216218326631,False,1
1976,MISSISSIPPI,MS,28,64,46.0,thomas-j-anderson,"ANDERSON, THOMAS J.",Thomas J. Anderson,OTHER,6678,768390,0.008690899152773981,False,1
1976,MISSISSIPPI,MS,28,64,46.0,eugene-mccarthy,"MCCARTHY, EUGENE ""GENE""",Eugene McCarthy,OTHER,4074,768390,0.005301995080623121,False,1
1976,MISSISSIPPI,MS,28,64,46.0,lester-maddox,"MADDOX, LESTER",Lester Maddox,OTHER,4049,768390,0.005269459519254545,False,1
1976,MISSISSIPPI,MS,28,64,46.0,peter-camejo,"CAMEJO, PETER",Peter Camejo,OTHER,2805,768390,0.0036504899855542105,False,1
1976,MISSISSIPPI,MS,28,64,46.0,roger-macbride,"MACBRIDE, ROGER",Roger Macbride,LIBERTARIAN,2609,768390,0.003395411184424576,False,1
1976,MONTANA,MT,30,81,64.0,gerald-ford,"FORD, GERALD",Gerald Ford,REPUBLICAN,173703,328734,0.5283998612860246,False,1
1976,MONTANA,MT,30,81,64.0,jimmy-carter,"CARTER, JIMMY",Jimmy Carter,DEMOCRAT,149259,328734,0.4540418697183741,False,1
1976,MONTANA,MT,30,81,64.0,thomas-j-anderson,"ANDERSON, THOMAS J.",Thomas J. Anderson,OTHER,5772,328734,0.017558268995601308,False,1
1976,NORTH CAROLINA,NC,37,56,47.0,jimmy-carter,"CARTER, JIMMY",Jimmy Carter,DEMOCRAT,927365,1677906,0.5526918671248569,False,1
1976,NORTH CAROLINA,NC,37,56,47.0,gerald-ford,"FORD, GERALD",Gerald Ford,REPUBLICAN,741960,1677906,0.4421940204040036,False,1
1976,NORTH CAROLINA,NC,37,56,47.0,thomas-j-anderson,"ANDERSON, THOMAS J.",Thomas J. Anderson,OTHER,5607,1677906,0.0033416651469152622,False,1
1976,NORTH CAROLINA,NC,37,56,47.0,roger-macbride,"MACBRIDE, ROGER",Roger Macbride,LIBERTARIAN,2219,1677906,0.0013224817123247668,False,1
1976,NORTH CAROLINA,NC,37,56,47.0,lyndon-larouche-jr,"LAROUCHE, LYNDON, JR.",Lyndon Larouche Jr.,OTHER,755,1677906,0.0004499656118995939,False,1
1976,NORTH DAKOTA,ND,38,44,36.0,gerald-ford,"FORD, GERALD",Gerald Ford,REPUBLICAN,153684,297308,0.5169184818437446,False,1
1976,NORTH DAKOTA,ND,38,44,36.0,jimmy-carter,"CARTER, JIMMY",Jimmy Carter,DEMOCRAT,136078,297308,0.4577004318753616,False,1
1976,NORTH DAKOTA,ND,38,44,36.0,thomas-j-anderson,"ANDERSON, THOMAS J.",Thomas J. Anderson,OTHER,3698,297308,0.012438279494665465,False,1
1976,NORTH DAKOTA,ND,38,44,36.0,eugene-mccarthy,"MCCARTHY, EUGENE ""GENE""",Eugene McCarthy,OTHER,2952,297308,0.009929097097959019,False,1
1976,NORTH DAKOTA,ND,38,44,36.0,lester-maddox,"MADDOX, LESTER",Lester Maddox,OTHER,269,297308,0.0009047856095362385,False,1
1976,NORTH DAKOTA,ND,38,44,36.0,roger-macbride,"MACBRIDE, ROGER",Roger Macbride,LIBERTARIAN,256,297308,0.0008610599109341154,False,1
1976,NORTH DAKOTA,ND,38,44,36.0,lyndon-larouche-jr,"LAROUCHE, LYNDON, JR.",Lyndon Larouche Jr.,OTHER,142,297308,0.0004776191693462672,False,1
1976,NORTH DAKOTA,ND,38,44,36.0,gus-hall,"HALL, GUS",Gus Hall,OTHER,85,297308,0.00028589879855234304,False,1
1976,NORTH DAKOTA,ND,38,44,36.0,benjamin-ben-bubar,"BUBAR, BENJAMIN ""BEN""","Benjamin ""Ben"" Bubar",OTHER,63,297308,0.0002119014624564425,False,1
1976,NORTH DAKOTA,ND,38,44,36.0,peter-camejo,"CAMEJO, PETER",Peter Camejo,OTHER,43,297308,0.00014463115691471472,False,1
1976,NORTH DAKOTA,ND,38,44,36.0,frank-zeidler,"ZEIDLER, FRANK",Frank Zeidler,OTHER,38,297308,0.00012781358052928277,False,1
1976,NEBRASKA,NE,31,46,35.0,gerald-ford,"FORD, GERALD",Gerald Ford,REPUBLICAN,359219,606749,0.5920388826351588,False,1
1976,NEBRASKA,NE,31,46,35.0,jimmy-carter,"CARTER, JIMMY",Jimmy Carter,DEMOCRAT,233293,606749,0.38449671940126806,False,1
1976,NEBRASKA,NE,31,46,35.0,eugene-mccarthy,"MCCARTHY, EUGENE ""GENE""",Eugene McCarthy,OTHER,9383,606749,0.015464384778549285,False,1
1976,NEBRASKA,NE,31,46,35.0,lester-maddox,"MADDOX, LESTER",Lester Maddox,OTHER,3378,606749,0.005567376295634603,False,1
1976,NEBRASKA,NE,31,46,35.0,roger-macbride,"MACBRIDE, ROGER",Roger Macbride,LIBERTARIAN,1476,606749,0.0024326368893891875,False,1
1976,NEW HAMPSHIRE,NH,33,12,4.0,gerald-ford,"FORD, GERALD",Gerald Ford,REPUBLICAN,185935,339627,0.5474682519352113,False,1
1976,NEW HAMPSHIRE,NH,33,12,4.0,jimmy-carter,"CARTER, JIMMY",Jimmy Carter,DEMOCRAT,147645,339627,0.43472692100451377,False,1
1976,NEW HAMPSHIRE,NH,33,12,4.0,eugene-mccarthy,"MCCARTHY, EUGENE ""GENE""",Eugene McCarthy,OTHER,4095,339627,0.012057345264069111,False,1
1976,NEW HAMPSHIRE,NH,33,12,4.0,roger-macbride,"MACBRIDE, ROGER",Roger Macbride,LIBERTARIAN,936,339627,0.0027559646317872255,False,1
1976,NEW HAMPSHIRE,NH,33,12,4.0,scattering,SCATTERING,Scattering,OTHER,603,339627,0.001775477214709078,False,1
1976,NEW HAMPSHIRE,NH,33,12,4.0,lyndon-larouche-jr,"LAROUCHE, LYNDON, JR.",Lyndon Larouche Jr.,OTHER,186,339627,0.0005476596383679743,False,1
1976,NEW HAMPSHIRE,NH,33,12,4.0,peter-camejo,"CAMEJO, PETER",Peter Camejo,OTHER,161,339627,0.0004740494719206659,False,1
1976,NEW HAMPSHIRE,NH,33,12,4.0,levin-julius-jules,"JULIUS ""JULES"", LEVIN","Levin Julius ""Jules""",OTHER,66,339627,0.00019433083942089409,False,1
1976,NEW JERSEY,NJ,34,22,12.0,gerald-ford,"FORD, GERALD",Gerald Ford,REPUBLICAN,1509688,3014472,0.500813409446165,False,1
1976,NEW JERSEY,NJ,34,22,12.0,jimmy-carter,"CARTER, JIMMY",Jimmy Carter,DEMOCRAT,1444653,3014472,0.4792391503387658,False,1
1976,NEW JERSEY,NJ,34,22,12.0,eugene-mccarthy,"MCCARTHY, EUGENE ""GENE""",Eugene McCarthy,OTHER,32717,3014472,0.010853310297790127,False,1
1976,NEW JERSEY,NJ,34,22,12.0,roger-macbride,"MACBRIDE, ROGER",Roger Macbride,LIBERTARIAN,9449,3014472,0.003134545618602528,False,1
1976,NEW JERSEY,NJ,34,22,12.0,lester-maddox,"MADDOX, LESTER",Lester Maddox,OTHER,7716,3014472,0.0025596522376057896,False,1
1976,NEW JERSEY,NJ,34,22,12.0,levin-julius-jules,"JULIUS ""JULES"", LEVIN","Levin Julius ""Jules""",OTHER,3686,3014472,0.0012227680336722318,False,1
1976,NEW JERSEY,NJ,34,22,12.0,gus-hall,"HALL, GUS",Gus Hall,OTHER,1662,3014472,0.0005513403342276857,False,1
1976,NEW JERSEY,NJ,34,22,12.0,lyndon-larouche-jr,"LAROUCHE, LYNDON, JR.",Lyndon Larouche Jr.,OTHER,1650,3014472,0.0005473595375906626,False,1
1976,NEW JERSEY,NJ,34,22,12.0,peter-camejo,"CAMEJO, PETER",Peter Camejo,OTHER,1184,3014472,0.0003927719348529361,False,1
1976,NEW JERSEY,NJ,34,22,12.0,margaret-wright,"WRIGHT, MARGARET",Margaret Wright,OTHER,1044,3014472,0.0003463293074210011,False,1
1976,NEW JERSEY,NJ,34,22,12.0,benjamin-ben-bubar,"BUBAR, BENJAMIN ""BEN""","Benjamin ""Ben"" Bubar",OTHER,554,3014472,0.00018378011140922856,False,1
1976,NEW JERSEY,NJ,34,22,12.0,frank-zeidler,"ZEIDLER, FRANK",Frank Zeidler,OTHER,469,3014472,0.0001555828018969823,False,1
1976,NEW MEXICO,NM,35,85,66.0,gerald-ford,"FORD, GERALD",Gerald Ford,REPUBLICAN,211419,416590,0.5074989798122854,False,1
1976,NEW MEXICO,NM,35,85,66.0,jimmy-carter,"CARTER, JIMMY",Jimmy Carter,DEMOCRAT,201148,416590,0.4828440433039679,False,1
1976,NEW MEXICO,NM,35,85,66.0,peter-camejo,"CAMEJO, PETER",Peter Camejo,OTHER,2462,416590,0.005909887419285148,False,1
1976,NEW MEXICO,NM,35,85,66.0,roger-macbride,"MACBRIDE, ROGER",Roger Macbride,LIBERTARIAN,1110,416590,0.0026644902662089826,False,1
1976,NEW MEXICO,NM,35,85,66.0,frank-zeidler,"ZEIDLER, FRANK",Frank Zeidler,OTHER,240,416590,0.0005761060035046449,False,1
1976,NEW MEXICO,NM,35,85,66.0,benjamin-ben-bubar,"BUBAR, BENJAMIN ""BEN""","Benjamin ""Ben"" Bubar",OTHER,211,416590,0.0005064931947478336,False,1
1976,NEVADA,NV,32,88,65.0,gerald-ford,"FORD, GERALD",Gerald Ford,REPUBLICAN,101273,201876,0.5016594345043492,False,1
1976,NEVADA,NV,32,88,65.0,jimmy-carter,"CARTER, JIMMY",Jimmy Carter,DEMOCRAT,92479,201876,0.4580980403812241,False,1
1976,NEVADA,NV,32,88,65.0,other,OTHER,Other,OTHER,5108,201876,0.025302661039449958,False,1
1976,NEVADA,NV,32,88,65.0,roger-macbride,"MACBRIDE, ROGER",Roger Macbride,LIBERTARIAN,1519,201876,0.00752442093166102,False,1
1976,NEVADA,NV,32,88,65.0,lester-maddox,"MADDOX, LESTER",Lester Maddox,OTHER,1497,201876,0.007415443143315699,False,1
1976,NEW YORK,NY,36,21,13.0,jimmy-carter,"CARTER, JIMMY",Jimmy Carter,DEMOCRAT,3244165,6668262,0.4865083285569763,False,1
1976,NEW YORK,NY,36,21,13.0,gerald-ford,"FORD, GERALD",Gerald Ford,REPUBLICAN,2825913,6668262,0.4237855381207277,False,1
1976,NEW YORK,NY,36,21,13.0,gerald-ford,"FORD, GERALD",Gerald Ford,OTHER,274878,6668262,0.04122183561473739,False,1
1976,NEW YORK,NY,36,21,13.0,jimmy-carter,"CARTER, JIMMY",Jimmy Carter,OTHER,145393,6668262,0.021803732366844613,False,1
1976,NEW YORK,NY,36,21,13.0,other,OTHER,Other,OTHER,143037,6668262,0.021450416915232185,False,1
1976,NEW YORK,NY,36,21,13.0,roger-macbride,"MACBRIDE, ROGER",Roger Macbride,OTHER,12197,6668262,0.0018291122934281827,False,1
1976,NEW YORK,NY,36,21,13.0,gus-hall,"HALL, GUS",Gus Hall,OTHER,10270,6668262,0.0015401314465448418,False,1
1976,NEW YORK,NY,36,21,13.0,peter-camejo,"CAMEJO, PETER",Peter Camejo,OTHER,6996,6668262,0.0010491489386589789,False,1
1976,NEW YORK,NY,36,21,13.0,lyndon-larouche-jr,"LAROUCHE, LYNDON, JR.",Lyndon Larouche Jr.,OTHER,5413,6668262,0.0008117557468497788,False,1
1976,OHIO,OH,39,31,24.0,jimmy-carter,"CARTER, JIMMY",Jimmy Carter,DEMOCRAT,2009959,4110456,0.4889868666639419,False,1
1976,OHIO,OH,39,31,24.0,gerald-ford,"FORD, GERALD",Gerald Ford,REPUBLICAN,2000626,4110456,0.48671631565938184,False,1
1976,OHIO,OH,39,31,24.0,eugene-mccarthy,"MCCARTHY, EUGENE ""GENE""",Eugene McCarthy,OTHER,58267,4110456,0.014175312909321983,False,1
1976,OHIO,OH,39,31,24.0,lester-maddox,"MADDOX, LESTER",Lester Maddox,OTHER,15508,4110456,0.0037728174197704588,False,1
1976,OHIO,OH,39,31,24.0,roger-macbride,"MACBRIDE, ROGER",Roger Macbride,LIBERTARIAN,8952,4110456,0.002177860558536571,False,1
1976,OHIO,OH,39,31,24.0,gus-hall,"HALL, GUS",Gus Hall,OTHER,7817,4110456,0.0019017354765505335,False,1
1976,OHIO,OH,39,31,24.0,peter-camejo,"CAMEJO, PETER",Peter Camejo,OTHER,4833,4110456,0.0011757819570383432,False,1
1976,OHIO,OH,39,31,24.0,lyndon-larouche-jr,"LAROUCHE, LYNDON, JR.",Lyndon Larouche Jr.,OTHER,4364,4110456,0.0010616826940855223,False,1
1976,OHIO,OH,39,31,24.0,levin-julius-jules,"JULIUS ""JULES"", LEVIN","Levin Julius ""Jules""",OTHER,68,4110456,1.6543176718106214e-05,False,1
1976,OHIO,OH,39,31,24.0,benjamin-ben-bubar,"BUBAR, BENJAMIN ""BEN""","Benjamin ""Ben"" Bubar",OTHER,62,4110456,1.5083484654743902e-05,False,1
1976,OKLAHOMA,OK,40,73,53.0,gerald-ford,"FORD, GERALD",Gerald Ford,REPUBLICAN,545708,1092251,0.4996177618514426,False,1
1976,OKLAHOMA,OK,40,73,53.0,jimmy-carter,"CARTER, JIMMY",Jimmy Carter,DEMOCRAT,532442,1092251,0.48747220190231,False,1
1976,OKLAHOMA,OK,40,73,53.0,eugene-mccarthy,"MCCARTHY, EUGENE ""GENE""",Eugene McCarthy,OTHER,14101,1092251,0.012910036246247428,False,1
1976,OREGON,OR,41,92,72.0,gerald-ford,"FORD, GERALD",Gerald Ford,REPUBLICAN,492120,1029876,0.4778439346096035,False,1
1976,OREGON,OR,41,92,72.0,jimmy-carter,"CARTER, JIMMY",Jimmy Carter,DEMOCRAT,490407,1029876,0.47618062757069785,False,1
1976,OREGON,OR,41,92,72.0,eugene-mccarthy,"MCCARTHY, EUGENE ""GENE""",Eugene McCarthy,OTHER,40207,1029876,0.03904062236618777,False,1
1976,OREGON,OR,41,92,72.0,write-in-blank,,Write-in/blank,OTHER,6107,1029876,0.005929840097254426,True,1
1976,OREGON,OR,41,92,72.0,thomas-j-anderson,"ANDERSON, THOMAS J.",Thomas J. Anderson,OTHER,1035,1029876,0.0010049753562564813,False,1
1976,PENNSYLVANIA,PA,42,23,14.0,jimmy-carter,"CARTER, JIMMY",Jimmy Carter,DEMOCRAT,2328677,4620787,0.5039567935072532,False,1
1976,PENNSYLVANIA,PA,42,23,14.0,gerald-ford,"FORD, GERALD",Gerald Ford,REPUBLICAN,2205604,4620787,0.4773221531310575,False,1
1976,PENNSYLVANIA,PA,42,23,14.0,eugene-mccarthy,"MCCARTHY, EUGENE ""GENE""",Eugene McCarthy,OTHER,50584,4620787,0.010947052958727593,False,1
1976,PENNSYLVANIA,PA,42,23,14.0,lester-maddox,"MADDOX, LESTER",Lester Maddox,OTHER,25344,4620787,0.005484779973627869,False,1
1976,PENNSYLVANIA,PA,42,23,14.0,peter-camejo,"CAMEJO, PETER",Peter Camejo,OTHER,3009,4620787,0.0006511877738575702,False,1
1976,PENNSYLVANIA,PA,42,23,14.0,other,OTHER,Other,OTHER,2934,4620787,0.0006349567725151582,False,1
1976,PENNSYLVANIA,PA,42,23,14.0,lyndon-larouche-jr,"LAROUCHE, LYNDON, JR.",Lyndon Larouche Jr.,OTHER,2744,4620787,0.0005938382357810476,False,1
1976,PENNSYLVANIA,PA,42,23,14.0,gus-hall,"HALL, GUS",Gus Hall,OTHER,1891,4620787,0.000409237647180015,False,1
1976,RHODE ISLAND,RI,44,15,5.0,jimmy-carter,"CARTER, JIMMY",Jimmy Carter,DEMOCRAT,227636,410584,0.5544200455935935,False,1
1976,RHODE ISLAND,RI,44,15,5.0,gerald-ford,"FORD, GERALD",Gerald Ford,REPUBLICAN,181249,410584,0.4414419461060343,False,1
1976,RHODE ISLAND,RI,44,15,5.0,roger-macbride,"MACBRIDE, ROGER",Roger Macbride,LIBERTARIAN,715,410584,0.0017414219745533193,False,1
1976,RHODE ISLAND,RI,44,15,5.0,peter-camejo,"CAMEJO, PETER",Peter Camejo,OTHER,462,410584,0.0011252265066344525,False,1
1976,RHODE ISLAND,RI,44,15,5.0,gus-hall,"HALL, GUS",Gus Hall,OTHER,334,410584,0.0008134754398612708,False,1
1976,RHODE ISLAND,RI,44,15,5.0,levin-julius-jules,"JULIUS ""JULES"", LEVIN","Levin Julius ""Jules""",OTHER,188,410584,0.0004578843793231105,False,1
1976,SOUTH CAROLINA,SC,45,57,48.0,jimmy-carter,"CARTER, JIMMY",Jimmy Carter,DEMOCRAT,450807,802583,0.5616951766982355,False,1
1976,SOUTH CAROLINA,SC,45,57,48.0,gerald-ford,"FORD, GERALD",Gerald Ford,REPUBLICAN,346149,802583,0.43129371043244125,False,1
1976,SOUTH CAROLINA,SC,45,57,48.0,thomas-j-anderson,"ANDERSON, THOMAS J.",Thomas J. Anderson,OTHER,2996,802583,0.0037329472465776124,False,1
1976,SOUTH CAROLINA,SC,45,57,48.0,lester-maddox,"MADDOX, LESTER",Lester Maddox,OTHER,1950,802583,0.0024296552506095945,False,1
1976,SOUTH CAROLINA,SC,45,57,48.0,write-in-blank,,Write-in/blank,OTHER,681,802583,0.000848510372135966,True,1
1976,SOUTH DAKOTA,SD,46,45,37.0,gerald-ford,"FORD, GERALD",Gerald Ford,REPUBLICAN,151505,300678,0.5038779026067753,False,1
1976,SOUTH DAKOTA,SD,46,45,37.0,jimmy-carter,"CARTER, JIMMY",Jimmy Carter,DEMOCRAT,147068,300678,0.48912125263570994,False,1
1976,SOUTH DAKOTA,SD,46,45,37.0,roger-macbride,"MACBRIDE, ROGER",Roger Macbride,LIBERTARIAN,1619,300678,0.005384497701860462,False,1
1976,SOUTH DAKOTA,SD,46,45,37.0,gus-hall,"HALL, GUS",Gus Hall,OTHER,318,300678,0.001057609801847824,False,1
1976,SOUTH DAKOTA,SD,46,45,37.0,peter-camejo,"CAMEJO, PETER",Peter Camejo,OTHER,168,300678,0.0005587372538063976,False,1
1976,TENNESSEE,TN,47,62,54.0,jimmy-carter,"CARTER, JIMMY",Jimmy Carter,DEMOCRAT,825879,1476346,0.5594074830696869,False,1
1976,TENNESSEE,TN,47,62,54.0,gerald-ford,"FORD, GERALD",Gerald Ford,REPUBLICAN,633969,1476346,0.4294176297426213,False,1
1976,TENNESSEE,TN,47,62,54.0,thomas-j-anderson,"ANDERSON, THOMAS J.",Thomas J. Anderson,OTHER,5769,1476346,0.003907620571329485,False,1
1976,TENNESSEE,TN,47,62,54.0,eugene-mccarthy,"MCCARTHY, EUGENE ""GENE""",Eugene McCarthy,OTHER,5004,1476346,0.003389449356722611,False,1
1976,TENNESSEE,TN,47,62,54.0,lester-maddox,"MADDOX, LESTER",Lester Maddox,OTHER,2303,1476346,0.0015599324277642233,False,1
1976,TENNESSEE,TN,47,62,54.0,roger-macbride,"MACBRIDE, ROGER",Roger Macbride,OTHER,1375,1476346,0.0009313534903064728,False,1
1976,TENNESSEE,TN,47,62,54.0,gus-hall,"HALL, GUS",Gus Hall,OTHER,547,1476346,0.0003705093521437387,False,1
1976,TENNESSEE,TN,47,62,54.0,write-in-blank,,Write-in/blank,OTHER,546,1476346,0.0003698320041507885,True,2
1976,TENNESSEE,TN,47,62,54.0,lyndon-larouche-jr,"LAROUCHE, LYNDON, JR.",Lyndon Larouche Jr.,OTHER,512,1476346,0.00034680217239048297,False,1
1976,TENNESSEE,TN,47,62,54.0,benjamin-ben-bubar,"BUBAR, BENJAMIN ""BEN""","Benjamin ""Ben"" Bubar",OTHER,442,1476346,0.00029938781288397164,False,1
1976,TEXAS,TX,48,74,49.0,jimmy-carter,"CARTER, JIMMY",Jimmy Carter,DEMOCRAT,2082319,4071884,0.511389568072175,False,1
1976,TEXAS,TX,48,74,49.0,gerald-ford,"FORD, GERALD",Gerald Ford,REPUBLICAN,1953300,4071884,0.4797042351894111,False,1
1976,TEXAS,TX,48,74,49.0,eugene-mccarthy,"MCCARTHY, EUGENE ""GENE""",Eugene McCarthy,OTHER,20118,4071884,0.004940710491752712,False,1
1976,TEXAS,TX,48,74,49.0,thomas-j-anderson,"ANDERSON, THOMAS J.",Thomas J. Anderson,OTHER,11442,4071884,0.0028100014636959205,False,1
1976,TEXAS,TX,48,74,49.0,write-in-blank,,Write-in/blank,OTHER,2982,4071884,0.0007323391334330742,True,1
1976,TEXAS,TX,48,74,49.0,peter-camejo,"CAMEJO, PETER",Peter Camejo,OTHER,1723,4071884,0.0004231456495322558,False,1
1976,UTAH,UT,49,87,67.0,gerald-ford,"FORD, GERALD",Gerald Ford,REPUBLICAN,337908,541218,0.6243473055219892,False,1
1976,UTAH,UT,49,87,67.0,jimmy-carter,"CARTER, JIMMY",Jimmy Carter,DEMOCRAT,182110,541218,0.3364817873758818,False,1
1976,UTAH,UT,49,87,67.0,thomas-j-anderson,"ANDERSON, THOMAS J.",Thomas J. Anderson,OTHER,13304,541218,0.024581591890883155,False,1
1976,UTAH,UT,49,87,67.0,eugene-mccarthy,"MCCARTHY, EUGENE ""GENE""",Eugene McCarthy,OTHER,3907,541218,0.007218902549434794,False,1
1976,UTAH,UT,49,87,67.0,roger-macbride,"MACBRIDE, ROGER",Roger Macbride,OTHER,2438,541218,0.004504654316744823,False,1
1976,UTAH,UT,49,87,67.0,lester-maddox,"MADDOX, LESTER",Lester Maddox,OTHER,1162,541218,0.0021470091534280086,False,1
1976,UTAH,UT,49,87,67.0,peter-camejo,"CAMEJO, PETER",Peter Camejo,OTHER,268,541218,0.000495179391668422,False,1
1976,UTAH,UT,49,87,67.0,gus-hall,"HALL, GUS",Gus Hall,OTHER,121,541218,0.00022356979996969797,False,1
1976,VIRGINIA,VA,51,54,40.0,gerald-ford,"FORD, GERALD",Gerald Ford,REPUBLICAN,836554,1697094,0.4929332140706408,False,1
1976,VIRGINIA,VA,51,54,40.0,jimmy-carter,"CARTER, JIMMY",Jimmy Carter,DEMOCRAT,813896,1697094,0.47958215632133516,False,1
1976,VIRGINIA,VA,51,54,40.0,peter-camejo,"CAMEJO, PETER",Peter Camejo,OTHER,17802,1697094,0.010489695915488477,False,1
1976,VIRGINIA,VA,51,54,40.0,thomas-j-anderson,"ANDERSON, THOMAS J.",Thomas J. Anderson,OTHER,16686,1697094,0.00983210122715654,False,1
1976,VIRGINIA,VA,51,54,40.0,lyndon-larouche-jr,"LAROUCHE, LYNDON, JR.",Lyndon Larouche Jr.,OTHER,7508,1697094,0.004424033082433855,False,1
1976,VIRGINIA,VA,51,54,40.0,roger-macbride,"MACBRIDE, ROGER",Roger Macbride,LIBERTARIAN,4648,1697094,0.002738799382945199,False,1
1976,VERMONT,VT,50,13,6.0,gerald-ford,"FORD, GERALD",Gerald Ford,REPUBLICAN,100387,183902,0.5458722580504834,False,1
1976,VERMONT,VT,50,13,6.0,jimmy-carter,"CARTER, JIMMY",Jimmy Carter,DEMOCRAT,77798,183902,0.42304053245750456,False,1
1976,VERMONT,VT,50,13,6.0,eugene-mccarthy,"MCCARTHY, EUGENE ""GENE""",Eugene McCarthy,OTHER,4001,183902,0.021756152733521116,False,1
1976,VERMONT,VT,50,13,6.0,other,OTHER,Other,OTHER,1090,183902,0.005927069852421398,False,1
1976,VERMONT,VT,50,13,6.0,peter-camejo,"CAMEJO, PETER",Peter Camejo,OTHER,430,183902,0.0023382018683864234,False,1
1976,VERMONT,VT,50,13,6.0,lyndon-larouche-jr,"LAROUCHE, LYNDON, JR.",Lyndon Larouche Jr.,OTHER,196,183902,0.0010657850376831139,False,1
1976,WASHINGTON,WA,53,91,73.0,gerald-ford,"FORD, GERALD",Gerald Ford,REPUBLICAN,777732,1555534,0.49997749968821,False,1
1976,WASHINGTON,WA,53,91,73.0,jimmy-carter,"CARTER, JIMMY",Jimmy Carter,DEMOCRAT,717323,1555534,0.46114260440466104,False,1
1976,WASHINGTON,WA,53,91,73.0,eugene-mccarthy,"MCCARTHY, EUGENE ""GENE""",Eugene McCarthy,OTHER,36986,1555534,0.023777043767606493,False,1
1976,WASHINGTON,WA,53,91,73.0,lester-maddox,"MADDOX, LESTER",Lester Maddox,OTHER,8585,1555534,0.0055190050490699655,False,1
1976,WASHINGTON,WA,53,91,73.0,other,OTHER,Other,OTHER,5482,1555534,0.0035241916923705943,False,1
1976,WASHINGTON,WA,53,91,73.0,roger-macbride,"MACBRIDE, ROGER",Roger Macbride,LIBERTARIAN,5042,1555534,0.0032413306298672995,False,1
1976,WASHINGTON,WA,53,91,73.0,thomas-j-anderson,"ANDERSON, THOMAS J.",Thomas J. Anderson,OTHER,1046,1555534,0.0006724378894964688,False,1
1976,WASHINGTON,WA,53,91,73.0,peter-camejo,"CAMEJO, PETER",Peter Camejo,OTHER,905,1555534,0.0005817937762851857,False,1
1976,WASHINGTON,WA,53,91,73.0,lyndon-larouche-jr,"LAROUCHE, LYNDON, JR.",Lyndon Larouche Jr.,OTHER,903,1555534,0.000580508044182898,False,1
1976,WASHINGTON,WA,53,91,73.0,gus-hall,"HALL, GUS",Gus Hall,OTHER,817,1555534,0.0005252215637845267,False,1
1976,WASHINGTON,WA,53,91,73.0,levin-julius-jules,"JULIUS ""JULES"", LEVIN","Levin Julius ""Jules""",OTHER,713,1555534,0.0004583634944655662,False,1
1976,WISCONSIN,WI,55,35,25.0,jimmy-carter,"CARTER, JIMMY",Jimmy Carter,DEMOCRAT,1040232,2101336,0.4950336357441171,False,1
1976,WISCONSIN,WI,55,35,25.0,gerald-ford,"FORD, GERALD",Gerald Ford,REPUBLICAN,1004987,2101336,0.4782609730190698,False,1
1976,WISCONSIN,WI,55,35,25.0,eugene-mccarthy,"MCCARTHY, EUGENE ""GENE""",Eugene McCarthy,OTHER,34943,2101336,0.016628944633318994,False,1
1976,WISCONSIN,WI,55,35,25.0,lester-maddox,"MADDOX, LESTER",Lester Maddox,OTHER,8552,2101336,0.004069791789604328,False,1
1976,WISCONSIN,WI,55,35,25.0,frank-zeidler,"ZEIDLER, FRANK",Frank Zeidler,OTHER,4298,2101336,0.0020453654246631666,False,1
1976,WISCONSIN,WI,55,35,25.0,roger-macbride,"MACBRIDE, ROGER",Roger Macbride,LIBERTARIAN,3814,2101336,0.001815035767721107,False,1
1976,WISCONSIN,WI,55,35,25.0,other,OTHER,Other,OTHER,2430,2101336,0.0011564071619198453,False,1
1976,WISCONSIN,WI,55,35,25.0,peter-camejo,"CAMEJO, PETER",Peter Camejo,OTHER,1691,2101336,0.000804726136134345,False,1
1976,WISCONSIN,WI,55,35,25.0,levin-julius-jules,"JULIUS ""JULES"", LEVIN","Levin Julius ""Jules""",OTHER,389,2101336,0.00018512032345136618,False,1
1976,WEST VIRGINIA,WV,54,55,56.0,jimmy-carter,"CARTER, JIMMY",Jimmy Carter,DEMOCRAT,435864,750590,0.5806951864533234,False,1
1976,WEST VIRGINIA,WV,54,55,56.0,gerald-ford,"FORD, GERALD",Gerald Ford,REPUBLICAN,314726,750590,0.4193048135466766,False,1
1976,WYOMING,WY,56,83,68.0,gerald-ford,"FORD, GERALD",Gerald Ford,REPUBLICAN,92717,156343,0.5930358250769142,False,1
1976,WYOMING,WY,56,83,68.0,jimmy-carter,"CARTER, JIMMY",Jimmy Carter,DEMOCRAT,62239,156343,0.39809265525159426,False,1
1976,WYOMING,WY,56,83,68.0,write-in-blank,,Write-in/blank,OTHER,1387,156343,0.008871519671491529,True,1
1980,ALASKA,AK,2,94,81.0,ronald-reagan,"REAGAN, RONALD",Ronald Reagan,REPUBLICAN,86112,158445,0.5434819653507527,False,1
1980,ALASKA,AK,2,94,81.0,jimmy-carter,"CARTER, JIMMY",Jimmy Carter,DEMOCRAT,41842,158445,0.2640790179557575,False,1
1980,ALASKA,AK,2,94,81.0,ed-clark,"CLARK, EDWARD ""ED""",Ed Clark,LIBERTARIAN,18479,158445,0.1166272208021711,False,1
1980,ALASKA,AK,2,94,81.0,john-b-anderson,"ANDERSON, JOHN B.",John B. Anderson,OTHER,11155,158445,0.0704029789516867,False,1
1980,ALASKA,AK,2,94,81.0,write-in-blank,,Write-in/blank,OTHER,857,158445,0.005408816939632049,True,1
1980,ALABAMA,AL,1,63,41.0,ronald-reagan,"REAGAN, RONALD",Ronald Reagan,REPUBLICAN,654192,1341929,0.4875012016284021,False,1
1980,ALABAMA,AL,1,63,41.0,jimmy-carter,"CARTER, JIMMY",Jimmy Carter,DEMOCRAT,636730,1341929,0.47448859067804633,False,1
1980,ALABAMA,AL,1,63,41.0,john-b-anderson,"ANDERSON, JOHN B.",John B. Anderson,OTHER,16481,1341929,0.012281573764334775,False,1
1980,ALABAMA,AL,1,63,41.0,john-rarick,"RARICK, JOHN",John Rarick,OTHER,15010,1341929,0.011185390583257385,False,1
1980,ALABAMA,AL,1,63,41.0,ed-clark,"CLARK, EDWARD ""ED""",Ed Clark,LIBERTARIAN,13318,1341929,0.00992451910645049,False,1
1980,ALABAMA,AL,1,63,41.0,benjamin-ben-bubar,"BUBAR, BENJAMIN ""BEN""","Benjamin ""Ben"" Bubar",OTHER,1743,1341929,0.001298876468129089,False,1
1980,ALABAMA,AL,1,63,41.0,gus-hall,"HALL, GUS",Gus Hall,OTHER,1629,1341929,0.0012139241345853619,False,1
1980,ALABAMA,AL,1,63,41.0,clifton-deberry,"DEBERRY, CLIFTON",Clifton Deberry,OTHER,1303,1341929,0.0009709902684866338,False,1
1980,ALABAMA,AL,1,63,41.0,david-mcreynolds,"MCREYNOLDS, DAVID",David Mcreynolds,OTHER,1006,1341929,0.0007496670837279767,False,1
1980,ALABAMA,AL,1,63,41.0,barry-commoner,"COMMONER, BARRY",Barry Commoner,OTHER,517,1341929,0.0003852662845798846,False,1
1980,ARKANSAS,AR,5,71,42.0,ronald-reagan,"REAGAN, RONALD",Ronald Reagan,REPUBLICAN,403164,837582,0.4813427222648051,False,1
1980,ARKANSAS,AR,5,71,42.0,jimmy-carter,"CARTER, JIMMY",Jimmy Carter,DEMOCRAT,398041,837582,0.4752263062004675,False,1
1980,ARKANSAS,AR,5,71,42.0,john-b-anderson,"ANDERSON, JOHN B.",John B. Anderson,OTHER,22468,837582,0.026824836254838332,False,1
1980,ARKANSAS,AR,5,71,42.0,ed-clark,"CLARK, EDWARD ""ED""",Ed Clark,LIBERTARIAN,8970,837582,0.01070939919912319,False,1
1980,ARKANSAS,AR,5,71,42.0,barry-commoner,"COMMONER, BARRY",Barry Commoner,OTHER,2345,837582,0.002799725877585717,False,1
1980,ARKANSAS,AR,5,71,42.0,benjamin-ben-bubar,"BUBAR, BENJAMIN ""BEN""","Benjamin ""Ben"" Bubar",OTHER,1350,837582,0.001611782488162353,False,1
1980,ARKANSAS,AR,5,71,42.0,gus-hall,"HALL, GUS",Gus Hall,OTHER,1244,837582,0.0014852277150177535,False,1
1980,ARIZONA,AZ,4,86,61.0,ronald-reagan,"REAGAN, RONALD",Ronald Reagan,REPUBLICAN,529688,873945,0.6060884838290739,False,1
1980,ARIZONA,AZ,4,86,61.0,jimmy-carter,"CARTER, JIMMY",Jimmy Carter,DEMOCRAT,246843,873945,0.28244683589928427,False,1
1980,ARIZONA,AZ,4,86,61.0,john-b-anderson,"ANDERSON, JOHN B.",John B. Anderson,OTHER,76952,873945,0.08805130757656374,False,1
1980,ARIZONA,AZ,4,86,61.0,ed-clark,"CLARK, EDWARD ""ED""",Ed Clark,LIBERTARIAN,18784,873945,0.02149334340261687,False,1
1980,ARIZONA,AZ,4,86,61.0,clifton-deberry,"DEBERRY, CLIFTON",Clifton Deberry,OTHER,1100,873945,0.0012586604420186625,False,1
1980,ARIZONA,AZ,4,86,61.0,barry-commoner,"COMMONER, BARRY",Barry Commoner,OTHER,551,873945,0.0006304744577748028,False,1
1980,ARIZONA,AZ,4,86,61.0,gus-hall,"HALL, GUS",Gus Hall,OTHER,25,873945,2.8605919136787783e-05,False,1
1980,ARIZONA,AZ,4,86,61.0,deirdre-griswold,"GRISWOLD, DEIRDRE",Deirdre Griswold,OTHER,2,873945,2.2884735309430226e-06,False,1
1980,CALIFORNIA,CA,6,93,71.0,ronald-reagan,"REAGAN, RONALD",Ronald Reagan,REPUBLICAN,4522994,8582938,0.5269750288304541,False,1
1980,CALIFORNIA,CA,6,93,71.0,jimmy-carter,"CARTER, JIMMY",Jimmy Carter,DEMOCRAT,3082943,8582938,0.35919436910764124,False,1
1980,CALIFORNIA,CA,6,93,71.0,john-b-anderson,"ANDERSON, JOHN B.",John B. Anderson,OTHER,739618,8582938,0.08617305635902298,False,1
1980,CALIFORNIA,CA,6,93,71.0,ed-clark,"CLARK, EDWARD ""ED""",Ed Clark,LIBERTARIAN,148390,8582938,0.017288951638704603,False,1
1980,CALIFORNIA,CA,6,93,71.0,barry-commoner,"COMMONER, BARRY",Barry Commoner,OTHER,61046,8582938,0.007112482928339923,False,1
1980,CALIFORNIA,CA,6,93,71.0,maureen-smith,"SMITH, MAUREEN",Maureen Smith,OTHER,18106,8582938,0.0021095340546558768,False,1
1980,CALIFORNIA,CA,6,93,71.0,john-rarick,"RARICK, JOHN",John Rarick,OTHER,9841,8582938,0.0011465770811812926,False,1
1980,COLORADO,CO,8,84,62.0,ronald-reagan,"REAGAN, RONALD",Ronald Reagan,REPUBLICAN,652264,1184450,0.5506893494871037,False,1
1980,COLORADO,CO,8,84,62.0,jimmy-carter,"CARTER, JIMMY",Jimmy Carter,DEMOCRAT,368009,1184450,0.3107003250453797,False,1
1980,COLORADO,CO,8,84,62.0,john-b-anderson,"ANDERSON, JOHN B.",John B. Anderson,OTHER,130633,1184450,0.11029000802060028,False,1
1980,COLORADO,CO,8,84,62.0,ed-clark,"CLARK, EDWARD ""ED""",Ed Clark,LIBERTARIAN,25744,1184450,0.021734982481320445,False,1
1980,COLORADO,CO,8,84,62.0,barry-commoner,"COMMONER, BARRY",Barry Commoner,OTHER,5614,1184450,0.0047397526278019336,False,1
1980,COLORADO,CO,8,84,62.0,benjamin-ben-bubar,"BUBAR, BENJAMIN ""BEN""","Benjamin ""Ben"" Bubar",OTHER,1180,1184450,0.0009962429819747561,False,1
1980,COLORADO,CO,8,84,62.0,andrew-pulley,"PULLEY, ANDREW",Andrew Pulley,OTHER,519,1184450,0.00043817805732618515,False,1
1980,COLORADO,CO,8,84,62.0,gus-hall,"HALL, GUS",Gus Hall,OTHER,487,1184450,0.00041116129849297145,False,1
1980,CONNECTICUT,CT,9,16,1.0,ronald-reagan,"REAGAN, RONALD",Ronald Reagan,REPUBLICAN,677210,1406285,0.4815595700729226,False,1
1980,CONNECTICUT,CT,9,16,1.0,jimmy-carter,"CARTER, JIMMY",Jimmy Carter,DEMOCRAT,541732,1406285,0.3852220566954778,False,1
1980,CONNECTICUT,CT,9,16,1.0,john-b-anderson,"ANDERSON, JOHN B.",John B. Anderson,OTHER,171807,1406285,0.12217082597055362,False,1
1980,CONNECTICUT,CT,9,16,1.0,ed-clark,"CLARK, EDWARD ""ED""",Ed Clark,LIBERTARIAN,8570,1406285,0.0060940705475774825,False,1
1980,CONNECTICUT,CT,9,16,1.0,barry-commoner,"COMMONER, BARRY",Barry Commoner,OTHER,6130,1406285,0.004359002620379226,False,1
1980,CONNECTICUT,CT,9,16,1.0,write-in-blank,,Write-in/blank,OTHER,836,1406285,0.0005944740930892387,True,1
1980,DISTRICT OF COLUMBIA,DC,11,53,55.0,jimmy-carter,"CARTER, JIMMY",Jimmy Carter,DEMOCRAT,130231,173889,0.7489317898199426,False,1
1980,DISTRICT OF COLUMBIA,DC,11,53,55.0,ronald-reagan,"REAGAN, RONALD",Ronald Reagan,REPUBLICAN,23313,173889,0.134068284940393,False,1
1980,DISTRICT OF COLUMBIA,DC,11,53,55.0,john-b-anderson,"ANDERSON, JOHN B.",John B. Anderson,OTHER,16131,173889,0.09276607490985629,False,1
1980,DISTRICT OF COLUMBIA,DC,11,53,55.0,barry-commoner,"COMMONER, BARRY",Barry Commoner,OTHER,1826,173889,0.010500951756580347,False,1
1980,DISTRICT OF COLUMBIA,DC,11,53,55.0,ed-clark,"CLARK, EDWARD ""ED""",Ed Clark,LIBERTARIAN,1104,173889,0.006348877732346497,False,1
1980,DISTRICT OF COLUMBIA,DC,11,53,55.0,write-in-blank,,Write-in/blank,OTHER,690,173889,0.003968048582716561,True,1
1980,DISTRICT OF COLUMBIA,DC,11,53,55.0,gus-hall,"HALL, GUS",Gus Hall,OTHER,369,173889,0.0021220433724962475,False,1
1980,DISTRICT OF COLUMBIA,DC,11,53,55.0,clifton-deberry,"DEBERRY, CLIFTON",Clifton Deberry,OTHER,173,173889,0.0009948875432028478,False,1
1980,DISTRICT OF COLUMBIA,DC,11,53,55.0,deirdre-griswold,"GRISWOLD, DEIRDRE",Deirdre Griswold,OTHER,52,173889,0.00029904134246559587,False,1
1980,DELAWARE,DE,10,51,11.0,ronald-reagan,"REAGAN, RONALD",Ronald Reagan,REPUBLICAN,111252,235668,0.47207087937267683,False,1
1980,DELAWARE,DE,10,51,11.0,jimmy-carter,"CARTER, JIMMY",Jimmy Carter,DEMOCRAT,105754,235668,0.4487414498362103,False,1
1980,DELAWARE,DE,10,51,11.0,john-b-anderson,"ANDERSON, JOHN B.",John B. Anderson,OTHER,16288,235668,0.06911417757183835,False,1
1980,DELAWARE,DE,10,51,11.0,ed-clark,"CLARK, EDWARD ""ED""",Ed Clark,LIBERTARIAN,1974,235668,0.008376190233718621,False,1
1980,DELAWARE,DE,10,51,11.0,percy-l-greaves-jr,"GREAVES, PERCY L, JR.",Percy L Greaves Jr.,OTHER,400,235668,0.0016973029855559517,False,1
1980,FLORIDA,FL,12,59,43.0,ronald-reagan,"REAGAN, RONALD",Ronald Reagan,REPUBLICAN,2046951,3686927,0.5551916270650328,False,1
1980,FLORIDA,FL,12,59,43.0,jimmy-carter,"CARTER, JIMMY",Jimmy Carter,DEMOCRAT,1419475,3686927,0.38500219830769633,False,1
1980,FLORIDA,FL,12,59,43.0,john-b-anderson,"ANDERSON, JOHN B.",John B. Anderson,OTHER,189692,3686927,0.0514498930952525,False,1
1980,FLORIDA,FL,12,59,43.0,ed-clark,"CLARK, EDWARD ""ED""",Ed Clark,LIBERTARIAN,30524,3686927,0.008278981384768399,False,1
1980,FLORIDA,FL,12,59,43.0,write-in-blank,,Write-in/blank,OTHER,285,3686927,7.73001472499998e-05,True,1
1980,GEORGIA,GA,13,58,44.0,jimmy-carter,"CARTER, JIMMY",Jimmy Carter,DEMOCRAT,890955,1596805,0.5579610534786652,False,1
1980,GEORGIA,GA,13,58,44.0,ronald-reagan,"REAGAN, RONALD",Ronald Reagan,REPUBLICAN,654168,1596805,0.409673065903476,False,1
1980,GEORGIA,GA,13,58,44.0,john-b-anderson,"ANDERSON, JOHN B.",John B. Anderson,OTHER,36055,1596805,0.0225794633659088,False,1
1980,GEORGIA,GA,13,58,44.0,ed-clark,"CLARK, EDWARD ""ED""",Ed Clark,LIBERTARIAN,15627,1596805,0.009786417251949987,False,1
1980,HAWAII,HI,15,95,82.0,jimmy-carter,"CARTER, JIMMY",Jimmy Carter,DEMOCRAT,135879,303287,0.4480211812573569,False,1
1980,HAWAII,HI,15,95,82.0,ronald-reagan,"REAGAN, RONALD",Ronald Reagan,REPUBLICAN,130112,303287,0.42900618885741887,False,1
1980,HAWAII,HI,15,95,82.0,john-b-anderson,"ANDERSON, JOHN B.",John B. Anderson,OTHER,32021,303287,0.10557986329780043,False,1
1980,HAWAII,HI,15,95,82.0,ed-clark,"CLARK, EDWARD ""ED""",Ed Clark,LIBERTARIAN,3269,303287,0.010778569473798745,False,1
1980,HAWAII,HI,15,95,82.0,barry-commoner,"COMMONER, BARRY",Barry Commoner,OTHER,1548,303287,0.0051040763369349824,False,1
1980,HAWAII,HI,15,95,82.0,gus-hall,"HALL, GUS",Gus Hall,OTHER,458,303287,0.0015101207766900658,False,1
1980,IOWA,IA,19,42,31.0,ronald-reagan,"REAGAN, RONALD",Ronald Reagan,REPUBLICAN,676026,1317661,0.5130500181761469,False,1
1980,IOWA,IA,19,42,31.0,jimmy-carter,"CARTER, JIMMY",Jimmy Carter,DEMOCRAT,508672,1317661,0.3860416298273987,False,1
1980,IOWA,IA,19,42,31.0,john-b-anderson,"ANDERSON, JOHN B.",John B. Anderson,OTHER,115633,1317661,0.08775625900743818,False,1
1980,IOWA,IA,19,42,31.0,ed-clark,"CLARK, EDWARD ""ED""",Ed Clark,LIBERTARIAN,13123,1317661,0.00995931426975527,False,1
1980,IOWA,IA,19,42,31.0,barry-commoner,"COMMONER, BARRY",Barry Commoner,OTHER,2273,1317661,0.0017250263914618403,False,1
1980,IOWA,IA,19,42,31.0,david-mcreynolds,"MCREYNOLDS, DAVID",David Mcreynolds,OTHER,534,1317661,0.00040526356930955685,False,1
1980,IOWA,IA,19,42,31.0,write-in-blank,,Write-in/blank,OTHER,519,1317661,0.0003938797611828839,True,1
1980,IOWA,IA,19,42,31.0,gus-hall,"HALL, GUS",Gus Hall,OTHER,298,1317661,0.00022615832144990252,False,1
1980,IOWA,IA,19,42,31.0,clifton-deberry,"DEBERRY, CLIFTON",Clifton Deberry,OTHER,244,1317661,0.0001851766121938799,False,1
1980,IOWA,IA,19,42,31.0,percy-l-greaves-jr,"GREAVES, PERCY L, JR.",Percy L Greaves Jr.,OTHER,189,1317661,0.00014343598239607912,False,1
1980,IOWA,IA,19,42,31.0,benjamin-ben-bubar,"BUBAR, BENJAMIN ""BEN""","Benjamin ""Ben"" Bubar",OTHER,150,1317661,0.00011383808126672946,False,1
1980,IDAHO,ID,16,82,63.0,ronald-reagan,"REAGAN, RONALD",Ronald Reagan,REPUBLICAN,290699,437431,0.6645596676961624,False,1
1980,IDAHO,ID,16,82,63.0,jimmy-carter,"CARTER, JIMMY",Jimmy Carter,DEMOCRAT,110192,437431,0.25190715792890767,False,1
1980,IDAHO,ID,16,82,63.0,john-b-anderson,"ANDERSON, JOHN B.",John B. Anderson,OTHER,27058,437431,0.061856612814363866,False,1
1980,IDAHO,ID,16,82,63.0,ed-clark,"CLARK, EDWARD ""ED""",Ed Clark,LIBERTARIAN,8425,437431,0.019260180462747266,False,1
1980,IDAHO,ID,16,82,63.0,john-rarick,"RARICK, JOHN",John Rarick,OTHER,1057,437431,0.002416381097818856,False,1
1980,ILLINOIS,IL,17,33,21.0,ronald-reagan,"REAGAN, RONALD",Ronald Reagan,REPUBLICAN,2358049,4749721,0.49646052894475273,False,1
1980,ILLINOIS,IL,17,33,21.0,jimmy-carter,"CARTER, JIMMY",Jimmy Carter,DEMOCRAT,1981413,4749721,0.41716408184817594,False,1
1980,ILLINOIS,IL,17,33,21.0,john-b-anderson,"ANDERSON, JOHN B.",John B. Anderson,OTHER,346754,4749721,0.07300513019606836,False,1
1980,ILLINOIS,IL,17,33,21.0,ed-clark,"CLARK, EDWARD ""ED""",Ed Clark,LIBERTARIAN,38939,4749721,0.008198165744893226,False,1
1980,ILLINOIS,IL,17,33,21.0,barry-commoner,"COMMONER, BARRY",Barry Commoner,OTHER,10692,4749721,0.002251079589727481,False,1
1980,ILLINOIS,IL,17,33,21.0,gus-hall,"HALL, GUS",Gus Hall,OTHER,9711,4749721,0.002044541142521845,False,1
1980,ILLINOIS,IL,17,33,21.0,deirdre-griswold,"GRISWOLD, DEIRDRE",Deirdre Griswold,OTHER,2257,4749721,0.00047518580565047926,False,1
1980,ILLINOIS,IL,17,33,21.0,clifton-deberry,"DEBERRY, CLIFTON",Clifton Deberry,OTHER,1302,4749721,0.00027412136418118033,False,1
1980,ILLINOIS,IL,17,33,21.0,write-in-blank,,Write-in/blank,OTHER,604,4749721,0.00012716536402875033,True,1
1980,INDIANA,IN,18,32,22.0,ronald-reagan,"REAGAN, RONALD",Ronald Reagan,REPUBLICAN,1255656,2242033,0.5600524167128673,False,1
1980,INDIANA,IN,18,32,22.0,jimmy-carter,"CARTER, JIMMY",Jimmy Carter,DEMOCRAT,844197,2242033,0.3765319243739945,False,1
1980,INDIANA,IN,18,32,22.0,john-b-anderson,"ANDERSON, JOHN B.",John B. Anderson,OTHER,111639,2242033,0.04979364710510505,False,1
1980,INDIANA,IN,18,32,22.0,ed-clark,"CLARK, EDWARD ""ED""",Ed Clark,LIBERTARIAN,19627,2242033,0.008754108436405708,False,1
1980,INDIANA,IN,18,32,22.0,barry-commoner,"COMMONER, BARRY",Barry Commoner,OTHER,4852,2242033,0.002164107307965583,False,1
1980,INDIANA,IN,18,32,22.0,percy-l-greaves-jr,"GREAVES, PERCY L, JR.",Percy L Greaves Jr.,OTHER,4750,2242033,0.0021186128839316815,False,1
1980,INDIANA,IN,18,32,22.0,gus-hall,"HALL, GUS",Gus Hall,OTHER,702,2242033,0.00031310868305685065,False,1
1980,INDIANA,IN,18,32,22.0,clifton-deberry,"DEBERRY, CLIFTON",Clifton Deberry,OTHER,610,2242033,0.0002720744966733318,False,1
1980,KANSAS,KS,20,47,32.0,ronald-reagan,"REAGAN, RONALD",Ronald Reagan,REPUBLICAN,566812,979795,0.578500604718334,False,1
1980,KANSAS,KS,20,47,32.0,jimmy-carter,"CARTER, JIMMY",Jimmy Carter,DEMOCRAT,326150,979795,0.33287575462214036,False,1
1980,KANSAS,KS,20,47,32.0,john-b-anderson,"ANDERSON, JOHN B.",John B. Anderson,OTHER,68231,979795,0.06963803652804923,False,1
1980,KANSAS,KS,20,47,32.0,ed-clark,"CLARK, EDWARD ""ED""",Ed Clark,LIBERTARIAN,14470,979795,0.014768395429656203,False,1
1980,KANSAS,KS,20,47,32.0,frank-shelton-jr,"SHELTON, FRANK, JR.",Frank Shelton Jr.,OTHER,1555,979795,0.0015870666823161988,False,1
1980,KANSAS,KS,20,47,32.0,gus-hall,"HALL, GUS",Gus Hall,OTHER,967,979795,0.0009869411458519385,False,1
1980,KANSAS,KS,20,47,32.0,benjamin-ben-bubar,"BUBAR, BENJAMIN ""BEN""","Benjamin ""Ben"" Bubar",OTHER,821,979795,0.0008379303833965268,False,1
1980,KANSAS,KS,20,47,32.0,john-rarick,"RARICK, JOHN",John Rarick,OTHER,789,979795,0.0008052704902556147,False,1
1980,KENTUCKY,KY,21,61,51.0,ronald-reagan,"REAGAN, RONALD",Ronald Reagan,REPUBLICAN,635274,1295627,0.4903216743707873,False,1
1980,KENTUCKY,KY,21,61,51.0,jimmy-carter,"CARTER, JIMMY",Jimmy Carter,DEMOCRAT,617417,1295627,0.4765391582608266,False,1
1980,KENTUCKY,KY,21,61,51.0,john-b-anderson,"ANDERSON, JOHN B.",John B. Anderson,OTHER,31127,1295627,0.024024661418757098,False,1
1980,KENTUCKY,KY,21,61,51.0,ed-clark,"CLARK, EDWARD ""ED""",Ed Clark,LIBERTARIAN,5531,1295627,0.0042689755616392685,False,1
1980,KENTUCKY,KY,21,61,51.0,ellen-mccormack,"MCCORMACK, ELLEN",Ellen Mccormack,OTHER,4233,1295627,0.0032671440159860823,False,1
1980,KENTUCKY,KY,21,61,51.0,barry-commoner,"COMMONER, BARRY",Barry Commoner,OTHER,1304,1295627,0.0010064625081138321,False,1
1980,KENTUCKY,KY,21,61,51.0,andrew-pulley,"PULLEY, ANDREW",Andrew Pulley,OTHER,393,1295627,0.0003033280411723436,False,1
1980,KENTUCKY,KY,21,61,51.0,gus-hall,"HALL, GUS",Gus Hall,OTHER,348,1295627,0.0002685958227174951,False,1
1980,LOUISIANA,LA,22,72,45.0,ronald-reagan,"REAGAN, RONALD",Ronald Reagan,REPUBLICAN,792853,1548591,0.5119834740095996,False,1
1980,LOUISIANA,LA,22,72,45.0,jimmy-carter,"CARTER, JIMMY",Jimmy Carter,DEMOCRAT,708453,1548591,0.45748231779727505,False,1
1980,LOUISIANA,LA,22,72,45.0,john-b-anderson,"ANDERSON, JOHN B.",John B. Anderson,OTHER,26345,1548591,0.017012238867460807,False,1
1980,LOUISIANA,LA,22,72,45.0,john-rarick,"RARICK, JOHN",John Rarick,OTHER,10333,1548591,0.006672517146231639,False,1
1980,LOUISIANA,LA,22,72,45.0,ed-clark,"CLARK, EDWARD ""ED""",Ed Clark,LIBERTARIAN,8240,1548591,0.005320965961961551,False,1
1980,LOUISIANA,LA,22,72,45.0,barry-commoner,"COMMONER, BARRY",Barry Commoner,OTHER,1584,1548591,0.0010228653014256186,False,1
1980,LOUISIANA,LA,22,72,45.0,clifton-deberry,"DEBERRY, CLIFTON",Clifton Deberry,OTHER,783,1548591,0.0005056209160456183,False,1
1980,MASSACHUSETTS,MA,25,14,3.0,ronald-reagan,"REAGAN, RONALD",Ronald Reagan,REPUBLICAN,1057631,2524090,0.41901477364119344,False,1
1980,MASSACHUSETTS,MA,25,14,3.0,jimmy-carter,"CARTER, JIMMY",Jimmy Carter,DEMOCRAT,1053802,2524090,0.41749779128319514,False,1
1980,MASSACHUSETTS,MA,25,14,3.0,john-b-anderson,"ANDERSON, JOHN B.",John B. Anderson,OTHER,382539,2524090,0.15155521395829785,False,1
1980,MASSACHUSETTS,MA,25,14,3.0,ed-clark,"CLARK, EDWARD ""ED""",Ed Clark,LIBERTARIAN,22038,2524090,0.00873106743420401,False,1
1980,MASSACHUSETTS,MA,25,14,3.0,clifton-deberry,"DEBERRY, CLIFTON",Clifton Deberry,OTHER,3735,2524090,0.0014797412136651228,False,1
1980,MASSACHUSETTS,MA,25,14,3.0,write-in-blank,,Write-in/blank,OTHER,2289,2524090,0.0009068614827521998,True,1
1980,MASSACHUSETTS,MA,25,14,3.0,barry-commoner,"COMMONER, BARRY",Barry Commoner,OTHER,2056,2524090,0.0008145509866922336,False,1
1980,MARYLAND,MD,24,52,52.0,jimmy-carter,"CARTER, JIMMY",Jimmy Carter,DEMOCRAT,726161,1540496,0.4713812953749961,False,1
1980,MARYLAND,MD,24,52,52.0,ronald-reagan,"REAGAN, RONALD",Ronald Reagan,REPUBLICAN,680606,1540496,0.44180965091762653,False,1
1980,MARYLAND,MD,24,52,52.0,john-b-anderson,"ANDERSON, JOHN B.",John B. Anderson,OTHER,119537,1540496,0.07759643647240888,False,1
1980,MARYLAND,MD,24,52,52.0,ed-clark,"CLARK, EDWARD ""ED""",Ed Clark,LIBERTARIAN,14192,1540496,0.009212617234968478,False,1
1980,MAINE,ME,23,11,2.0,ronald-reagan,"REAGAN, RONALD",Ronald Reagan,REPUBLICAN,238522,523011,0.45605541757247936,False,1
1980,MAINE,ME,23,11,2.0,jimmy-carter,"CARTER, JIMMY",Jimmy Carter,DEMOCRAT,220974,523011,0.42250354199051265,False,1
1980,MAINE,ME,23,11,2.0,john-b-anderson,"ANDERSON, JOHN B.",John B. Anderson,OTHER,53327,523011,0.10196152662181102,False,1
1980,MAINE,ME,23,11,2.0,ed-clark,"CLARK, EDWARD ""ED""",Ed Clark,LIBERTARIAN,5119,523011,0.009787557049469323,False,1
1980,MAINE,ME,23,11,2.0,barry-commoner,"COMMONER, BARRY",Barry Commoner,OTHER,4394,523011,0.008401352935215512,False,1
1980,MAINE,ME,23,11,2.0,gus-hall,"HALL, GUS",Gus Hall,OTHER,591,523011,0.0011299953538262103,False,1
1980,MAINE,ME,23,11,2.0,write-in-blank,,Write-in/blank,OTHER,84,523011,0.00016060847668595882,True,1
1980,MICHIGAN,MI,26,34,23.0,ronald-reagan,"REAGAN, RONALD",Ronald Reagan,REPUBLICAN,1915225,3909725,0.48986181892588354,False,1
1980,MICHIGAN,MI,26,34,23.0,jimmy-carter,"CARTER, JIMMY",Jimmy Carter,DEMOCRAT,1661532,3909725,0.42497413500949555,False,1
1980,MICHIGAN,MI,26,34,23.0,john-b-anderson,"ANDERSON, JOHN B.",John B. Anderson,OTHER,275223,3909725,0.0703944650838614,False,1
1980,MICHIGAN,MI,26,34,23.0,ed-clark,"CLARK, EDWARD ""ED""",Ed Clark,LIBERTARIAN,41597,3909725,0.010639367218922047,False,1
1980,MICHIGAN,MI,26,34,23.0,barry-commoner,"COMMONER, BARRY",Barry Commoner,OTHER,11930,3909725,0.003051365505246533,False,1
1980,MICHIGAN,MI,26,34,23.0,gus-hall,"HALL, GUS",Gus Hall,OTHER,3262,3909725,0.0008343297802275096,False,1
1980,MICHIGAN,MI,26,34,23.0,write-in-blank,,Write-in/blank,OTHER,956,3909725,0.0002445184763634271,True,1
1980,MINNESOTA,MN,27,41,33.0,jimmy-carter,"CARTER, JIMMY",Jimmy Carter,DEMOCRAT,954173,2051916,0.4650156244212726,False,1
1980,MINNESOTA,MN,27,41,33.0,ronald-reagan,"REAGAN, RONALD",Ronald Reagan,REPUBLICAN,873268,2051916,0.4255866224543305,False,1
1980,MINNESOTA,MN,27,41,33.0,john-b-anderson,"ANDERSON, JOHN B.",John B. Anderson,OTHER,174997,2051916,0.0852846802695627,False,1
1980,MINNESOTA,MN,27,41,33.0,ed-clark,"CLARK, EDWARD ""ED""",Ed Clark,LIBERTARIAN,31593,2051916,0.015396829109963565,False,1
1980,MINNESOTA,MN,27,41,33.0,barry-commoner,"COMMONER, BARRY",Barry Commoner,OTHER,8406,2051916,0.0040966589275584385,False,1
1980,MINNESOTA,MN,27,41,33.0,write-in-blank,,Write-in/blank,OTHER,6417,2051916,0.0031273210014445036,True,2
1980,MINNESOTA,MN,27,41,33.0,gus-hall,"HALL, GUS",Gus Hall,OTHER,1117,2051916,0.000544369262679369,False,1
1980,MINNESOTA,MN,27,41,33.0,clifton-deberry,"DEBERRY, CLIFTON",Clifton Deberry,OTHER,711,2051916,0.00034650541250226617,False,1
1980,MINNESOTA,MN,27,41,33.0,deirdre-griswold,"GRISWOLD, DEIRDRE",Deirdre Griswold,OTHER,698,2051916,0.0003401698705015215,False,1
1980,MINNESOTA,MN,27,41,33.0,david-mcreynolds,"MCREYNOLDS, DAVID",David Mcreynolds,OTHER,536,2051916,0.00026121927018454946,False,1
1980,MISSOURI,MO,29,43,34.0,ronald-reagan,"REAGAN, RONALD",Ronald Reagan,REPUBLICAN,1074181,2099824,0.511557635306578,False,1
1980,MISSOURI,MO,29,43,34.0,jimmy-carter,"CARTER, JIMMY",Jimmy Carter,DEMOCRAT,931182,2099824,0.4434571659339068,False,1
1980,MISSOURI,MO,29,43,34.0,john-b-anderson,"ANDERSON, JOHN B.",John B. Anderson,OTHER,77920,2099824,0.037107871897835244,False,1
1980,MISSOURI,MO,29,43,34.0,ed-clark,"CLARK, EDWARD ""ED""",Ed Clark,LIBERTARIAN,14422,2099824,0.006868194667743582,False,1
1980,MISSOURI,MO,29,43,34.0,clifton-deberry,"DEBERRY, CLIFTON",Clifton Deberry,OTHER,1515,2099824,0.0007214890390813706,False,1
1980,MISSOURI,MO,29,43,34.0,write-in-blank,,Write-in/blank,OTHER,604,2099824,0.00028764315485488306,True,1
1980,MISSISSIPPI,MS,28,64,46.0,ronald-reagan,"REAGAN, RONALD",Ronald Reagan,REPUBLICAN,441089,891750,0.49463302495093914,False,1
1980,MISSISSIPPI,MS,28,64,46.0,jimmy-carter,"CARTER, JIMMY",Jimmy Carter,DEMOCRAT,429281,891750,0.48139164564059433,False,1
1980,MISSISSIPPI,MS,28,64,46.0,john-b-anderson,"ANDERSON, JOHN B.",John B. Anderson,OTHER,12036,891750,0.013497056349873844,False,1
1980,MISSISSIPPI,MS,28,64,46.0,ed-clark,"CLARK, EDWARD ""ED""",Ed Clark,LIBERTARIAN,4702,891750,0.00527277824502383,False,1
1980,MISSISSIPPI,MS,28,64,46.0,deirdre-griswold,"GRISWOLD, DEIRDRE",Deirdre Griswold,OTHER,2402,891750,0.0026935800392486682,False,1
1980,MISSISSIPPI,MS,28,64,46.0,andrew-pulley,"PULLEY, ANDREW",Andrew Pulley,OTHER,2240,891750,0.002511914774320157,False,1
1980,MONTANA,MT,30,81,64.0,ronald-reagan,"REAGAN, RONALD",Ronald Reagan,REPUBLICAN,206814,363952,0.5682452631116192,False,1
1980,MONTANA,MT,30,81,64.0,jimmy-carter,"CARTER, JIMMY",Jimmy Carter,DEMOCRAT,118032,363952,0.32430650195630195,False,1
1980,MONTANA,MT,30,81,64.0,john-b-anderson,"ANDERSON, JOHN B.",John B. Anderson,OTHER,29281,363952,0.08045291686815843,False,1
1980,MONTANA,MT,30,81,64.0,ed-clark,"CLARK, EDWARD ""ED""",Ed Clark,LIBERTARIAN,9825,363952,0.026995318063920516,False,1
1980,NORTH CAROLINA,NC,37,56,47.0,ronald-reagan,"REAGAN, RONALD",Ronald Reagan,REPUBLICAN,915018,1855833,0.49304975178262267,False,1
1980,NORTH CAROLINA,NC,37,56,47.0,jimmy-carter,"CARTER, JIMMY",Jimmy Carter,DEMOCRAT,875635,1855833,0.47182855353903075,False,1
1980,NORTH CAROLINA,NC,37,56,47.0,john-b-anderson,"ANDERSON, JOHN B.",John B. Anderson,OTHER,52800,1855833,0.02845083582412857,False,1
1980,NORTH CAROLINA,NC,37,56,47.0,ed-clark,"CLARK, EDWARD ""ED""",Ed Clark,LIBERTARIAN,9677,1855833,0.00521437004299417,False,1
1980,NORTH CAROLINA,NC,37,56,47.0,barry-commoner,"COMMONER, BARRY",Barry Commoner,OTHER,2287,1855833,0.0012323307107913266,False,1
1980,NORTH CAROLINA,NC,37,56,47.0,clifton-deberry,"DEBERRY, CLIFTON",Clifton Deberry,OTHER,416,1855833,0.00022415810043252814,False,1
1980,NORTH DAKOTA,ND,38,44,36.0,ronald-reagan,"REAGAN, RONALD",Ronald Reagan,REPUBLICAN,193695,301116,0.6432570836488264,False,1
1980,NORTH DAKOTA,ND,38,44,36.0,jimmy-carter,"CARTER, JIMMY",Jimmy Carter,DEMOCRAT,79189,301116,0.262985029025359,False,1
1980,NORTH DAKOTA,ND,38,44,36.0,john-b-anderson,"ANDERSON, JOHN B.",John B. Anderson,OTHER,23640,301116,0.07850795042442116,False,1
1980,NORTH DAKOTA,ND,38,44,36.0,ed-clark,"CLARK, EDWARD ""ED""",Ed Clark,LIBERTARIAN,3743,301116,0.012430425483866683,False,1
1980,NORTH DAKOTA,ND,38,44,36.0,harley-mclain,"MCLAIN, HARLEY",Harley Mclain,OTHER,296,301116,0.000983009869950451,False,1
1980,NORTH DAKOTA,ND,38,44,36.0,percy-l-greaves-jr,"GREAVES, PERCY L, JR.",Percy L Greaves Jr.,OTHER,235,301116,0.0007804301332376891,False,1
1980,NORTH DAKOTA,ND,38,44,36.0,gus-hall,"HALL, GUS",Gus Hall,OTHER,93,301116,0.0003088510740047025,False,1
1980,NORTH DAKOTA,ND,38,44,36.0,clifton-deberry,"DEBERRY, CLIFTON",Clifton Deberry,OTHER,89,301116,0.0002955671568432099,False,1
1980,NORTH DAKOTA,ND,38,44,36.0,david-mcreynolds,"MCREYNOLDS, DAVID",David Mcreynolds,OTHER,82,301116,0.0002723203018105979,False,1
1980,NORTH DAKOTA,ND,38,44,36.0,benjamin-ben-bubar,"BUBAR, BENJAMIN ""BEN""","Benjamin ""Ben"" Bubar",OTHER,54,301116,0.00017933288168014985,False,1
1980,NEBRASKA,NE,31,46,35.0,ronald-reagan,"REAGAN, RONALD",Ronald Reagan,REPUBLICAN,419214,639533,0.6555001852914548,False,1
1980,NEBRASKA,NE,31,46,35.0,jimmy-carter,"CARTER, JIMMY",Jimmy Carter,DEMOCRAT,166424,639533,0.2602273846697512,False,1
1980,NEBRASKA,NE,31,46,35.0,john-b-anderson,"ANDERSON, JOHN B.",John B. Anderson,OTHER,44854,639533,0.07013555203562599,False,1
1980,NEBRASKA,NE,31,46,35.0,ed-clark,"CLARK, EDWARD ""ED""",Ed Clark,LIBERTARIAN,9041,639533,0.014136878003167937,False,1
1980,NEW HAMPSHIRE,NH,33,12,4.0,ronald-reagan,"REAGAN, RONALD",Ronald Reagan,REPUBLICAN,221705,383990,0.5773718065574625,False,1
1980,NEW HAMPSHIRE,NH,33,12,4.0,jimmy-carter,"CARTER, JIMMY",Jimmy Carter,DEMOCRAT,108864,383990,0.28350738300476575,False,1
1980,NEW HAMPSHIRE,NH,33,12,4.0,john-b-anderson,"ANDERSON, JOHN B.",John B. Anderson,OTHER,49693,383990,0.12941222427667387,False,1
1980,NEW HAMPSHIRE,NH,33,12,4.0,ed-clark,"CLARK, EDWARD ""ED""",Ed Clark,LIBERTARIAN,2064,383990,0.005375139977603583,False,1
1980,NEW HAMPSHIRE,NH,33,12,4.0,barry-commoner,"COMMONER, BARRY",Barry Commoner,OTHER,1320,383990,0.003437589520560431,False,1
1980,NEW HAMPSHIRE,NH,33,12,4.0,gus-hall,"HALL, GUS",Gus Hall,OTHER,129,383990,0.00033594624860022396,False,1
1980,NEW HAMPSHIRE,NH,33,12,4.0,deirdre-griswold,"GRISWOLD, DEIRDRE",Deirdre Griswold,OTHER,76,383990,0.0001979218208807521,False,1
1980,NEW HAMPSHIRE,NH,33,12,4.0,clifton-deberry,"DEBERRY, CLIFTON",Clifton Deberry,OTHER,71,383990,0.00018490064845438683,False,1
1980,NEW HAMPSHIRE,NH,33,12,4.0,write-in-blank,,Write-in/blank,OTHER,68,383990,0.00017708794499856766,True,1
1980,NEW JERSEY,NJ,34,22,12.0,ronald-reagan,"REAGAN, RONALD",Ronald Reagan,REPUBLICAN,1546557,2975684,0.5197315978443948,False,1
1980,NEW JERSEY,NJ,34,22,12.0,jimmy-carter,"CARTER, JIMMY",Jimmy Carter,DEMOCRAT,1147364,2975684,0.3855799204485422,False,1
1980,NEW JERSEY,NJ,34,22,12.0,john-b-anderson,"ANDERSON, JOHN B.",John B. Anderson,OTHER,234632,2975684,0.07884977033851713,False,1
1980,NEW JERSEY,NJ,34,22,12.0,ed-clark,"CLARK, EDWARD ""ED""",Ed Clark,LIBERTARIAN,20652,2975684,0.0069402530645055055,False,1
1980,NEW JERSEY,NJ,34,22,12.0,barry-commoner,"COMMONER, BARRY",Barry Commoner,OTHER,8203,2975684,0.0027566771202856217,False,1
1980,NEW JERSEY,NJ,34,22,12.0,ellen-mccormack,"MCCORMACK, ELLEN",Ellen Mccormack,OTHER,3927,2975684,0.0013196965806853147,False,1
1980,NEW JERSEY,NJ,34,22,12.0,kurt-lynen,"LYNEN, KURT",Kurt Lynen,OTHER,3694,2975684,0.0012413952556790304,False,1
1980,NEW JERSEY,NJ,34,22,12.0,gus-hall,"HALL, GUS",Gus Hall,OTHER,2555,2975684,0.0008586261175581815,False,1
1980,NEW JERSEY,NJ,34,22,12.0,andrew-pulley,"PULLEY, ANDREW",Andrew Pulley,OTHER,2198,2975684,0.0007386537011322439,False,1
1980,NEW JERSEY,NJ,34,22,12.0,david-mcreynolds,"MCREYNOLDS, DAVID",David Mcreynolds,OTHER,1973,2975684,0.000663040833636905,False,1
1980,NEW JERSEY,NJ,34,22,12.0,william-bill-gahres,"GAHRES, WILLIAM ""BILL""","William ""Bill"" Gahres",OTHER,1718,2975684,0.0005773462504755209,False,1
1980,NEW JERSEY,NJ,34,22,12.0,deirdre-griswold,"GRISWOLD, DEIRDRE",Deirdre Griswold,OTHER,1288,2975684,0.0004328416592622066,False,1
1980,NEW JERSEY,NJ,34,22,12.0,martin-e-wendelken,"WENDELKEN, MARTIN E.",Martin E. Wendelken,OTHER,923,2975684,0.0003101807853253235,False,1
1980,NEW MEXICO,NM,35,85,66.0,ronald-reagan,"REAGAN, RONALD",Ronald Reagan,REPUBLICAN,250779,456237,0.5496682645204137,False,1
1980,NEW MEXICO,NM,35,85,66.0,jimmy-carter,"CARTER, JIMMY",Jimmy Carter,DEMOCRAT,167826,456237,0.36784828937591646,False,1
1980,NEW MEXICO,NM,35,85,66.0,john-b-anderson,"ANDERSON, JOHN B.",John B. Anderson,OTHER,29459,456237,0.0645695110216839,False,1
1980,NEW MEXICO,NM,35,85,66.0,ed-clark,"CLARK, EDWARD ""ED""",Ed Clark,LIBERTARIAN,4365,456237,0.009567395892924073,False,1
1980,NEW MEXICO,NM,35,85,66.0,barry-commoner,"COMMONER, BARRY",Barry Commoner,OTHER,2202,456237,0.004826438890313587,False,1
1980,NEW MEXICO,NM,35,85,66.0,benjamin-ben-bubar,"BUBAR, BENJAMIN ""BEN""","Benjamin ""Ben"" Bubar",OTHER,1281,456237,0.0028077512345557245,False,1
1980,NEW MEXICO,NM,35,85,66.0,andrew-pulley,"PULLEY, ANDREW",Andrew Pulley,OTHER,325,456237,0.000712349064192514,False,1
1980,NEVADA,NV,32,88,65.0,ronald-reagan,"REAGAN, RONALD",Ronald Reagan,REPUBLICAN,155017,243692,0.6361185430789685,False,1
1980,NEVADA,NV,32,88,65.0,jimmy-carter,"CARTER, JIMMY",Jimmy Carter,DEMOCRAT,66666,243692,0.2735666332912037,False,1
1980,NEVADA,NV,32,88,65.0,john-b-anderson,"ANDERSON, JOHN B.",John B. Anderson,OTHER,17651,243692,0.07243159397928532,False,1
1980,NEVADA,NV,32,88,65.0,ed-clark,"CLARK, EDWARD ""ED""",Ed Clark,LIBERTARIAN,4358,243692,0.01788322965054249,False,1
1980,NEW YORK,NY,36,21,13.0,jimmy-carter,"CARTER, JIMMY",Jimmy Carter,DEMOCRAT,2728372,6201959,0.4399209991552669,False,1
1980,NEW YORK,NY,36,21,13.0,ronald-reagan,"REAGAN, RONALD",Ronald Reagan,REPUBLICAN,2637700,6201959,0.4253011024419865,False,1
1980,NEW YORK,NY,36,21,13.0,john-b-anderson,"ANDERSON, JOHN B.",John B. Anderson,OTHER,467801,6201959,0.07542794139722626,False,1
1980,NEW YORK,NY,36,21,13.0,ronald-reagan,"REAGAN, RONALD",Ronald Reagan,OTHER,256131,6201959,0.041298402649872404,False,1
1980,NEW YORK,NY,36,21,13.0,ed-clark,"CLARK, EDWARD ""ED""",Ed Clark,OTHER,52648,6201959,0.008488930674968989,False,1
1980,NEW YORK,NY,36,21,13.0,ellen-mccormack,"MCCORMACK, ELLEN",Ellen Mccormack,OTHER,24159,6201959,0.0038953820881434398,False,1
1980,NEW YORK,NY,36,21,13.0,barry-commoner,"COMMONER, BARRY",Barry Commoner,OTHER,23186,6201959,0.003738496175160139,False,1
1980,NEW YORK,NY,36,21,13.0,gus-hall,"HALL, GUS",Gus Hall,OTHER,7414,6201959,0.001195428734694957,False,1
1980,NEW YORK,NY,36,21,13.0,clifton-deberry,"DEBERRY, CLIFTON",Clifton Deberry,OTHER,2068,6201959,0.0003334430298555666,False,1
1980,NEW YORK,NY,36,21,13.0,deirdre-griswold,"GRISWOLD, DEIRDRE",Deirdre Griswold,OTHER,1416,6201959,0.00022831495661290247,False,1
1980,NEW YORK,NY,36,21,13.0,write-in-blank,,Write-in/blank,OTHER,1064,6201959,0.00017155869621195496,True,1
1980,OHIO,OH,39,31,24.0,ronald-reagan,"REAGAN, RONALD",Ronald Reagan,REPUBLICAN,2206545,4283603,0.5151142624561613,False,1
1980,OHIO,OH,39,31,24.0,jimmy-carter,"CARTER, JIMMY",Jimmy Carter,DEMOCRAT,1752414,4283603,0.40909813537809175,False,1
1980,OHIO,OH,39,31,24.0,john-b-anderson,"ANDERSON, JOHN B.",John B. Anderson,OTHER,254472,4283603,0.05940606540802217,False,1
1980,OHIO,OH,39,31,24.0,ed-clark,"CLARK, EDWARD ""ED""",Ed Clark,LIBERTARIAN,49033,4283603,0.011446672345686564,False,1
1980,OHIO,OH,39,31,24.0,barry-commoner,"COMMONER, BARRY",Barry Commoner,OTHER,8564,4283603,0.0019992515646291217,False,1
1980,OHIO,OH,39,31,24.0,gus-hall,"HALL, GUS",Gus Hall,OTHER,4729,4283603,0.0011039771892960202,False,1
1980,OHIO,OH,39,31,24.0,richard-congress,"CONGRESS, RICHARD",Richard Congress,OTHER,4029,4283603,0.0009405633528597304,False,1
1980,OHIO,OH,39,31,24.0,deirdre-griswold,"GRISWOLD, DEIRDRE",Deirdre Griswold,OTHER,3790,4283603,0.0008847692001336258,False,1
1980,OHIO,OH,39,31,24.0,benjamin-ben-bubar,"BUBAR, BENJAMIN ""BEN""","Benjamin ""Ben"" Bubar",OTHER,27,4283603,6.303105119685461e-06,False,1
1980,OKLAHOMA,OK,40,73,53.0,ronald-reagan,"REAGAN, RONALD",Ronald Reagan,REPUBLICAN,695570,1149708,0.6049970949145348,False,1
1980,OKLAHOMA,OK,40,73,53.0,jimmy-carter,"CARTER, JIMMY",Jimmy Carter,DEMOCRAT,402026,1149708,0.3496766135401337,False,1
1980,OKLAHOMA,OK,40,73,53.0,john-b-anderson,"ANDERSON, JOHN B.",John B. Anderson,OTHER,38284,1149708,0.03329888980506355,False,1
1980,OKLAHOMA,OK,40,73,53.0,ed-clark,"CLARK, EDWARD ""ED""",Ed Clark,LIBERTARIAN,13828,1149708,0.012027401740267963,False,1
1980,OREGON,OR,41,92,72.0,ronald-reagan,"REAGAN, RONALD",Ronald Reagan,REPUBLICAN,571044,1181516,0.48331465676300617,False,1
1980,OREGON,OR,41,92,72.0,jimmy-carter,"CARTER, JIMMY",Jimmy Carter,DEMOCRAT,456890,1181516,0.3866981065004621,False,1
1980,OREGON,OR,41,92,72.0,john-b-anderson,"ANDERSON, JOHN B.",John B. Anderson,OTHER,112389,1181516,0.09512270675978997,False,1
1980,OREGON,OR,41,92,72.0,ed-clark,"CLARK, EDWARD ""ED""",Ed Clark,LIBERTARIAN,25838,1181516,0.021868514687909433,False,1
1980,OREGON,OR,41,92,72.0,barry-commoner,"COMMONER, BARRY",Barry Commoner,OTHER,13642,1181516,0.011546183039417155,False,1
1980,OREGON,OR,41,92,72.0,write-in-blank,,Write-in/blank,OTHER,1713,1181516,0.001449832249415158,True,1
1980,PENNSYLVANIA,PA,42,23,14.0,ronald-reagan,"REAGAN, RONALD",Ronald Reagan,REPUBLICAN,2261872,4561501,0.49586134037896734,False,1
1980,PENNSYLVANIA,PA,42,23,14.0,jimmy-carter,"CARTER, JIMMY",Jimmy Carter,DEMOCRAT,1937540,4561501,0.4247593062020594,False,1
1980,PENNSYLVANIA,PA,42,23,14.0,john-b-anderson,"ANDERSON, JOHN B.",John B. Anderson,OTHER,292921,4561501,0.06421592366197004,False,1
1980,PENNSYLVANIA,PA,42,23,14.0,ed-clark,"CLARK, EDWARD ""ED""",Ed Clark,LIBERTARIAN,33263,4561501,0.00729211722194076,False,1
1980,PENNSYLVANIA,PA,42,23,14.0,clifton-deberry,"DEBERRY, CLIFTON",Clifton Deberry,OTHER,20291,4561501,0.00444831646425157,False,1
1980,PENNSYLVANIA,PA,42,23,14.0,barry-commoner,"COMMONER, BARRY",Barry Commoner,OTHER,10430,4561501,0.0022865280529369607,False,1
1980,PENNSYLVANIA,PA,42,23,14.0,gus-hall,"HALL, GUS",Gus Hall,OTHER,5184,4561501,0.0011364680178739411,False,1
1980,RHODE ISLAND,RI,44,15,5.0,jimmy-carter,"CARTER, JIMMY",Jimmy Carter,DEMOCRAT,198342,415967,0.4768214786269103,False,1
1980,RHODE ISLAND,RI,44,15,5.0,ronald-reagan,"REAGAN, RONALD",Ronald Reagan,REPUBLICAN,154793,415967,0.3721280774676837,False,1
1980,RHODE ISLAND,RI,44,15,5.0,john-b-anderson,"ANDERSON, JOHN B.",John B. Anderson,OTHER,59819,415967,0.14380708085016358,False,1
1980,RHODE ISLAND,RI,44,15,5.0,ed-clark,"CLARK, EDWARD ""ED""",Ed Clark,LIBERTARIAN,2458,415967,0.005909122598667682,False,1
1980,RHODE ISLAND,RI,44,15,5.0,gus-hall,"HALL, GUS",Gus Hall,OTHER,218,415967,0.0005240800351950996,False,1
1980,RHODE ISLAND,RI,44,15,5.0,david-mcreynolds,"MCREYNOLDS, DAVID",David Mcreynolds,OTHER,170,415967,0.00040868626597783,False,1
1980,RHODE ISLAND,RI,44,15,5.0,clifton-deberry,"DEBERRY, CLIFTON",Clifton Deberry,OTHER,90,415967,0.0002163633172823806,False,1
1980,RHODE ISLAND,RI,44,15,5.0,deirdre-griswold,"GRISWOLD, DEIRDRE",Deirdre Griswold,OTHER,77,415967,0.00018511083811937004,False,1
1980,SOUTH CAROLINA,SC,45,57,48.0,ronald-reagan,"REAGAN, RONALD",Ronald Reagan,REPUBLICAN,439277,888258,0.4945376230779796,False,1
1980,SOUTH CAROLINA,SC,45,57,48.0,jimmy-carter,"CARTER, JIMMY",Jimmy Carter,DEMOCRAT,428220,888258,0.4820896631384125,False,1
1980,SOUTH CAROLINA,SC,45,57,48.0,john-b-anderson,"ANDERSON, JOHN B.",John B. Anderson,OTHER,13868,888258,0.015612581029385607,False,1
1980,SOUTH CAROLINA,SC,45,57,48.0,ed-clark,"CLARK, EDWARD ""ED""",Ed Clark,LIBERTARIAN,4807,888258,0.005411715965406448,False,1
1980,SOUTH CAROLINA,SC,45,57,48.0,john-rarick,"RARICK, JOHN",John Rarick,OTHER,2086,888258,0.002348416788815862,False,1
1980,SOUTH DAKOTA,SD,46,45,37.0,ronald-reagan,"REAGAN, RONALD",Ronald Reagan,REPUBLICAN,198343,327703,0.605252316884496,False,1
1980,SOUTH DAKOTA,SD,46,45,37.0,jimmy-carter,"CARTER, JIMMY",Jimmy Carter,DEMOCRAT,103855,327703,0.3169180630021696,False,1
1980,SOUTH DAKOTA,SD,46,45,37.0,john-b-anderson,"ANDERSON, JOHN B.",John B. Anderson,OTHER,21431,327703,0.06539763139183956,False,1
1980,SOUTH DAKOTA,SD,46,45,37.0,ed-clark,"CLARK, EDWARD ""ED""",Ed Clark,LIBERTARIAN,3824,327703,0.011669102815659301,False,1
1980,SOUTH DAKOTA,SD,46,45,37.0,andrew-pulley,"PULLEY, ANDREW",Andrew Pulley,OTHER,250,327703,0.0007628859058354669,False,1
1980,TENNESSEE,TN,47,62,54.0,ronald-reagan,"REAGAN, RONALD",Ronald Reagan,REPUBLICAN,787761,1617616,0.48698887745917446,False,1
1980,TENNESSEE,TN,47,62,54.0,jimmy-carter,"CARTER, JIMMY",Jimmy Carter,DEMOCRAT,783051,1617616,0.4840771851910466,False,1
1980,TENNESSEE,TN,47,62,54.0,john-b-anderson,"ANDERSON, JOHN B.",John B. Anderson,OTHER,35991,1617616,0.02224940900683475,False,1
1980,TENNESSEE,TN,47,62,54.0,ed-clark,"CLARK, EDWARD ""ED""",Ed Clark,LIBERTARIAN,7116,1617616,0.004399066280254399,False,1
1980,TENNESSEE,TN,47,62,54.0,barry-commoner,"COMMONER, BARRY",Barry Commoner,OTHER,1112,1617616,0.0006874313805006874,False,1
1980,TENNESSEE,TN,47,62,54.0,benjamin-ben-bubar,"BUBAR, BENJAMIN ""BEN""","Benjamin ""Ben"" Bubar",OTHER,521,1617616,0.0003220789111878221,False,1
1980,TENNESSEE,TN,47,62,54.0,david-mcreynolds,"MCREYNOLDS, DAVID",David Mcreynolds,OTHER,519,1617616,0.00032084252381282087,False,1
1980,TENNESSEE,TN,47,62,54.0,gus-hall,"HALL, GUS",Gus Hall,OTHER,503,1617616,0.00031095142481281097,False,1
1980,TENNESSEE,TN,47,62,54.0,clifton-deberry,"DEBERRY, CLIFTON",Clifton Deberry,OTHER,490,1617616,0.00030291490687530293,False,1
1980,TENNESSEE,TN,47,62,54.0,deirdre-griswold,"GRISWOLD, DEIRDRE",Deirdre Griswold,OTHER,400,1617616,0.00024727747500024726,False,1
1980,TENNESSEE,TN,47,62,54.0,write-in-blank,,Write-in/blank,OTHER,152,1617616,9.396544050009396e-05,True,1
1980,TEXAS,TX,48,74,49.0,ronald-reagan,"REAGAN, RONALD",Ronald Reagan,REPUBLICAN,2510705,4541636,0.5528195126161586,False,1
1980,TEXAS,TX,48,74,49.0,jimmy-carter,"CARTER, JIMMY",Jimmy Carter,DEMOCRAT,1881147,4541636,0.414200301389191,False,1
1980,TEXAS,TX,48,74,49.0,john-b-anderson,"ANDERSON, JOHN B.",John B. Anderson,OTHER,111613,4541636,0.02457550539056851,False,1
1980,TEXAS,TX,48,74,49.0,ed-clark,"CLARK, EDWARD ""ED""",Ed Clark,LIBERTARIAN,37643,4541636,0.008288422938342043,False,1
1980,TEXAS,TX,48,74,49.0,write-in-blank,,Write-in/blank,OTHER,528,4541636,0.00011625766573983471,True,1
1980,UTAH,UT,49,87,67.0,ronald-reagan,"REAGAN, RONALD",Ronald Reagan,REPUBLICAN,439687,604152,0.7277754604801441,False,1
1980,UTAH,UT,49,87,67.0,jimmy-carter,"CARTER, JIMMY",Jimmy Carter,DEMOCRAT,124266,604152,0.20568664839311962,False,1
1980,UTAH,UT,49,87,67.0,john-b-anderson,"ANDERSON, JOHN B.",John B. Anderson,OTHER,30284,604152,0.05012645824229664,False,1
1980,UTAH,UT,49,87,67.0,ed-clark,"CLARK, EDWARD ""ED""",Ed Clark,LIBERTARIAN,7156,604152,0.011844701333439267,False,1
1980,UTAH,UT,49,87,67.0,barry-commoner,"COMMONER, BARRY",Barry Commoner,OTHER,1009,604152,0.0016701095088653187,False,1
1980,UTAH,UT,49,87,67.0,percy-l-greaves-jr,"GREAVES, PERCY L, JR.",Percy L Greaves Jr.,OTHER,965,604152,0.0015972801546630649,False,1
1980,UTAH,UT,49,87,67.0,john-rarick,"RARICK, JOHN",John Rarick,OTHER,522,604152,0.0008640209748540103,False,1
1980,UTAH,UT,49,87,67.0,gus-hall,"HALL, GUS",Gus Hall,OTHER,139,604152,0.00023007455077530157,False,1
1980,UTAH,UT,49,87,67.0,clifton-deberry,"DEBERRY, CLIFTON",Clifton Deberry,OTHER,124,604152,0.00020524636184271507,False,1
1980,VIRGINIA,VA,51,54,40.0,ronald-reagan,"REAGAN, RONALD",Ronald Reagan,REPUBLICAN,989609,1866032,0.5303279900880585,False,1
1980,VIRGINIA,VA,51,54,40.0,jimmy-carter,"CARTER, JIMMY",Jimmy Carter,DEMOCRAT,752174,1866032,0.40308740686118993,False,1
1980,VIRGINIA,VA,51,54,40.0,john-b-anderson,"ANDERSON, JOHN B.",John B. Anderson,OTHER,95418,1866032,0.05113417133253878,False,1
1980,VIRGINIA,VA,51,54,40.0,barry-commoner,"COMMONER, BARRY",Barry Commoner,OTHER,14024,1866032,0.007515412383067386,False,1
1980,VIRGINIA,VA,51,54,40.0,ed-clark,"CLARK, EDWARD ""ED""",Ed Clark,LIBERTARIAN,12821,1866032,0.006870728904970547,False,1
1980,VIRGINIA,VA,51,54,40.0,clifton-deberry,"DEBERRY, CLIFTON",Clifton Deberry,OTHER,1986,1866032,0.001064290430174831,False,1
1980,VERMONT,VT,50,13,6.0,ronald-reagan,"REAGAN, RONALD",Ronald Reagan,REPUBLICAN,94628,213299,0.4436401483363729,False,1
1980,VERMONT,VT,50,13,6.0,jimmy-carter,"CARTER, JIMMY",Jimmy Carter,DEMOCRAT,81952,213299,0.3842118340920492,False,1
1980,VERMONT,VT,50,13,6.0,john-b-anderson,"ANDERSON, JOHN B.",John B. Anderson,OTHER,31761,213299,0.14890365168144248,False,1
1980,VERMONT,VT,50,13,6.0,barry-commoner,"COMMONER, BARRY",Barry Commoner,OTHER,2316,213299,0.010857997458966052,False,1
1980,VERMONT,VT,50,13,6.0,ed-clark,"CLARK, EDWARD ""ED""",Ed Clark,LIBERTARIAN,1900,213299,0.008907683580326209,False,1
1980,VERMONT,VT,50,13,6.0,write-in-blank,,Write-in/blank,OTHER,413,213299,0.0019362491150919602,True,1
1980,VERMONT,VT,50,13,6.0,david-mcreynolds,"MCREYNOLDS, DAVID",David Mcreynolds,OTHER,136,213299,0.0006376026141707181,False,1
1980,VERMONT,VT,50,13,6.0,gus-hall,"HALL, GUS",Gus Hall,OTHER,118,213299,0.0005532140328834171,False,1
1980,VERMONT,VT,50,13,6.0,clifton-deberry,"DEBERRY, CLIFTON",Clifton Deberry,OTHER,75,213299,0.0003516190886970872,False,1
1980,WASHINGTON,WA,53,91,73.0,ronald-reagan,"REAGAN, RONALD",Ronald Reagan,REPUBLICAN,865244,1742394,0.4965834363525127,False,1
1980,WASHINGTON,WA,53,91,73.0,jimmy-carter,"CARTER, JIMMY",Jimmy Carter,DEMOCRAT,650193,1742394,0.3731607202504141,False,1
1980,WASHINGTON,WA,53,91,73.0,john-b-anderson,"ANDERSON, JOHN B.",John B. Anderson,OTHER,185073,1742394,0.10621765226464279,False,1
1980,WASHINGTON,WA,53,91,73.0,ed-clark,"CLARK, EDWARD ""ED""",Ed Clark,LIBERTARIAN,29213,1742394,0.016766012738795015,False,1
1980,WASHINGTON,WA,53,91,73.0,barry-commoner,"COMMONER, BARRY",Barry Commoner,OTHER,9403,1742394,0.005396598013996834,False,1
1980,WASHINGTON,WA,53,91,73.0,clifton-deberry,"DEBERRY, CLIFTON",Clifton Deberry,OTHER,1137,1742394,0.0006525504564409658,False,1
1980,WASHINGTON,WA,53,91,73.0,david-mcreynolds,"MCREYNOLDS, DAVID",David Mcreynolds,OTHER,956,1742394,0.0005486703925748137,False,1
1980,WASHINGTON,WA,53,91,73.0,gus-hall,"HALL, GUS",Gus Hall,OTHER,834,1742394,0.0004786517859909986,False,1
1980,WASHINGTON,WA,53,91,73.0,deirdre-griswold,"GRISWOLD, DEIRDRE",Deirdre Griswold,OTHER,341,1742394,0.00019570774463181117,False,1
1980,WISCONSIN,WI,55,35,25.0,ronald-reagan,"REAGAN, RONALD",Ronald Reagan,REPUBLICAN,1088845,2273221,0.47898774470234085,False,1
1980,WISCONSIN,WI,55,35,25.0,jimmy-carter,"CARTER, JIMMY",Jimmy Carter,DEMOCRAT,981584,2273221,0.4318031550825899,False,1
1980,WISCONSIN,WI,55,35,25.0,john-b-anderson,"ANDERSON, JOHN B.",John B. Anderson,OTHER,160657,2273221,0.07067372683958137,False,1
1980,WISCONSIN,WI,55,35,25.0,ed-clark,"CLARK, EDWARD ""ED""",Ed Clark,LIBERTARIAN,29135,2273221,0.012816615718401335,False,1
1980,WISCONSIN,WI,55,35,25.0,barry-commoner,"COMMONER, BARRY",Barry Commoner,OTHER,7767,2273221,0.003416737747891648,False,1
1980,WISCONSIN,WI,55,35,25.0,john-rarick,"RARICK, JOHN",John Rarick,OTHER,1519,2273221,0.0006682148370088082,False,1
1980,WISCONSIN,WI,55,35,25.0,write-in-blank,,Write-in/blank,OTHER,1337,2273221,0.0005881522298095961,True,1
1980,WISCONSIN,WI,55,35,25.0,david-mcreynolds,"MCREYNOLDS, DAVID",David Mcreynolds,OTHER,808,2273221,0.0003554427836096886,False,1
1980,WISCONSIN,WI,55,35,25.0,gus-hall,"HALL, GUS",Gus Hall,OTHER,772,2273221,0.0003396062239439104,False,1
1980,WISCONSIN,WI,55,35,25.0,deirdre-griswold,"GRISWOLD, DEIRDRE",Deirdre Griswold,OTHER,414,2273221,0.00018212043615644936,False,1
1980,WISCONSIN,WI,55,35,25.0,clifton-deberry,"DEBERRY, CLIFTON",Clifton Deberry,OTHER,383,2273221,0.0001684833986664737,False,1
1980,WEST VIRGINIA,WV,54,55,56.0,jimmy-carter,"CARTER, JIMMY",Jimmy Carter,DEMOCRAT,367462,737715,0.49810834807479853,False,1
1980,WEST VIRGINIA,WV,54,55,56.0,ronald-reagan,"REAGAN, RONALD",Ronald Reagan,REPUBLICAN,334206,737715,0.45302860860901567,False,1
1980,WEST VIRGINIA,WV,54,55,56.0,john-b-anderson,"ANDERSON, JOHN B.",John B. Anderson,OTHER,31691,737715,0.04295832401401625,False,1
1980,WEST VIRGINIA,WV,54,55,56.0,ed-clark,"CLARK, EDWARD ""ED""",Ed Clark,LIBERTARIAN,4356,737715,0.005904719302169537,False,1
1980,WYOMING,WY,56,83,68.0,ronald-reagan,"REAGAN, RONALD",Ronald Reagan,REPUBLICAN,110700,176713,0.6264394809663126,False,1
1980,WYOMING,WY,56,83,68.0,jimmy-carter,"CARTER, JIMMY",Jimmy Carter,DEMOCRAT,49427,176713,0.27970211586018007,False,1
1980,WYOMING,WY,56,83,68.0,john-b-anderson,"ANDERSON, JOHN B.",John B. Anderson,OTHER,12072,176713,0.06831415911675995,False,1
1980,WYOMING,WY,56,83,68.0,ed-clark,"CLARK, EDWARD ""ED""",Ed Clark,LIBERTARIAN,4514,176713,0.025544244056747382,False,1
1984,ALASKA,AK,2,94,81.0,ronald-reagan,"REAGAN, RONALD",Ronald Reagan,REPUBLICAN,138377,207605,0.666539823221984,False,1
1984,ALASKA,AK,2,94,81.0,walter-mondale,"MONDALE, WALTER",Walter Mondale,DEMOCRAT,62007,207605,0.29867777751017555,False,1
1984,ALASKA,AK,2,94,81.0,david-bergland,"BERGLAND, DAVID",David Bergland,LIBERTARIAN,6378,207605,0.030721803424773007,False,1
1984,ALASKA,AK,2,94,81.0,other,OTHER,Other,OTHER,843,207605,0.0040605958430673635,False,1
1984,ALABAMA,AL,1,63,41.0,ronald-reagan,"REAGAN, RONALD",Ronald Reagan,REPUBLICAN,872849,1441713,0.6054249354760621,False,1
1984,ALABAMA,AL,1,63,41.0,walter-mondale,"MONDALE, WALTER",Walter Mondale,DEMOCRAT,551899,1441713,0.38280781265064545,False,1
1984,ALABAMA,AL,1,63,41.0,david-bergland,"BERGLAND, DAVID",David Bergland,LIBERTARIAN,9504,1441713,0.006592158078618976,False,1
1984,ALABAMA,AL,1,63,41.0,gus-hall,"HALL, GUS",Gus Hall,OTHER,4671,1441713,0.0032398958738667125,False,1
1984,ALABAMA,AL,1,63,41.0,bob-richards,"RICHARDS, BOB",Bob Richards,OTHER,1401,1441713,0.0009717606763620776,False,1
1984,ALABAMA,AL,1,63,41.0,melvin-mason,"MASON, MELVIN",Melvin Mason,OTHER,730,1441713,0.0005063421083114323,False,1
1984,ALABAMA,AL,1,63,41.0,dennis-serrette,"SERRETTE, DENNIS",Dennis Serrette,OTHER,659,1441713,0.0004570951361331971,False,1
1984,ARKANSAS,AR,5,71,42.0,ronald-reagan,"REAGAN, RONALD",Ronald Reagan,REPUBLICAN,534774,884406,0.6046702532547269,False,1
1984,ARKANSAS,AR,5,71,42.0,walter-mondale,"MONDALE, WALTER",Walter Mondale,DEMOCRAT,338646,884406,0.38290785001458605,False,1
1984,ARKANSAS,AR,5,71,42.0,david-bergland,"BERGLAND, DAVID",David Bergland,LIBERTARIAN,2221,884406,0.002511290063613318,False,1
1984,ARKANSAS,AR,5,71,42.0,lyndon-larouche-jr,"LAROUCHE, LYNDON, JR.",Lyndon Larouche Jr.,OTHER,1890,884406,0.0021370275642634716,False,1
1984,ARKANSAS,AR,5,71,42.0,gus-hall,"HALL, GUS",Gus Hall,OTHER,1499,884406,0.0016949229200163725,False,1
1984,ARKANSAS,AR,5,71,42.0,bob-richards,"RICHARDS, BOB",Bob Richards,OTHER,1461,884406,0.0016519562282481122,False,1
1984,ARKANSAS,AR,5,71,42.0,dennis-serrette,"SERRETTE, DENNIS",Dennis Serrette,OTHER,1291,884406,0.0014597368177058953,False,1
1984,ARKANSAS,AR,5,71,42.0,sonia-johnson,"JOHNSON, SONIA",Sonia Johnson,OTHER,960,884406,0.001085474318356049,False,1
1984,ARKANSAS,AR,5,71,42.0,earl-dodge,"DODGE, EARL",Earl Dodge,OTHER,842,884406,0.0009520514333914514,False,1
1984,ARKANSAS,AR,5,71,42.0,arthur-lowery,"LOWERY, ARTHUR",Arthur Lowery,OTHER,822,884406,0.000929437385092367,False,1
1984,ARIZONA,AZ,4,86,61.0,ronald-reagan,"REAGAN, RONALD",Ronald Reagan,REPUBLICAN,681416,1025897,0.6642148285841561,False,1
1984,ARIZONA,AZ,4,86,61.0,walter-mondale,"MONDALE, WALTER",Walter Mondale,DEMOCRAT,333854,1025897,0.32542643169830887,False,1
1984,ARIZONA,AZ,4,86,61.0,david-bergland,"BERGLAND, DAVID",David Bergland,LIBERTARIAN,10585,1025897,0.010317799935081202,False,1
1984,ARIZONA,AZ,4,86,61.0,other,OTHER,Other,OTHER,42,1025897,4.0939782453794095e-05,False,1
1984,CALIFORNIA,CA,6,93,71.0,ronald-reagan,"REAGAN, RONALD",Ronald Reagan,REPUBLICAN,5467009,9505041,0.5751694285169312,False,1
1984,CALIFORNIA,CA,6,93,71.0,walter-mondale,"MONDALE, WALTER",Walter Mondale,DEMOCRAT,3922519,9505041,0.41267775699231596,False,1
1984,CALIFORNIA,CA,6,93,71.0,david-bergland,"BERGLAND, DAVID",David Bergland,LIBERTARIAN,49951,9505041,0.005255211418867104,False,1
1984,CALIFORNIA,CA,6,93,71.0,bob-richards,"RICHARDS, BOB",Bob Richards,OTHER,39265,9505041,0.004130965873792654,False,1
1984,CALIFORNIA,CA,6,93,71.0,sonia-johnson,"JOHNSON, SONIA",Sonia Johnson,OTHER,26297,9505041,0.002766637198093096,False,1
1984,COLORADO,CO,8,84,62.0,ronald-reagan,"REAGAN, RONALD",Ronald Reagan,REPUBLICAN,821817,1295380,0.6344215596967685,False,1
1984,COLORADO,CO,8,84,62.0,walter-mondale,"MONDALE, WALTER",Walter Mondale,DEMOCRAT,454975,1295380,0.3512289830011271,False,1
1984,COLORADO,CO,8,84,62.0,david-bergland,"BERGLAND, DAVID",David Bergland,LIBERTARIAN,11257,1295380,0.008690114097793697,False,1
1984,COLORADO,CO,8,84,62.0,lyndon-larouche-jr,"LAROUCHE, LYNDON, JR.",Lyndon Larouche Jr.,OTHER,4662,1295380,0.0035989439392301874,False,1
1984,COLORADO,CO,8,84,62.0,dennis-serrette,"SERRETTE, DENNIS",Dennis Serrette,OTHER,978,1295380,0.0007549908135064614,False,1
1984,COLORADO,CO,8,84,62.0,earl-dodge,"DODGE, EARL",Earl Dodge,OTHER,858,1295380,0.0006623539038737668,False,1
1984,COLORADO,CO,8,84,62.0,melvin-mason,"MASON, MELVIN",Melvin Mason,OTHER,810,1295380,0.0006252991400206889,False,1
1984,COLORADO,CO,8,84,62.0,other,OTHER,Other,OTHER,23,1295380,1.7755407679599808e-05,False,1
1984,CONNECTICUT,CT,9,16,1.0,ronald-reagan,"REAGAN, RONALD",Ronald Reagan,REPUBLICAN,890877,1466900,0.6073195173495126,False,1
1984,CONNECTICUT,CT,9,16,1.0,walter-mondale,"MONDALE, WALTER",Walter Mondale,DEMOCRAT,569597,1466900,0.3882998159383734,False,1
1984,CONNECTICUT,CT,9,16,1.0,gus-hall,"HALL, GUS",Gus Hall,OTHER,4826,1466900,0.0032899311473174723,False,1
1984,CONNECTICUT,CT,9,16,1.0,dennis-serrette,"SERRETTE, DENNIS",Dennis Serrette,OTHER,1374,1466900,0.0009366691662690027,False,1
1984,CONNECTICUT,CT,9,16,1.0,other,OTHER,Other,OTHER,226,1466900,0.000154066398527507,False,1
1984,DISTRICT OF COLUMBIA,DC,11,53,55.0,walter-mondale,"MONDALE, WALTER",Walter Mondale,DEMOCRAT,180408,211288,0.853848775131574,False,1
1984,DISTRICT OF COLUMBIA,DC,11,53,55.0,ronald-reagan,"REAGAN, RONALD",Ronald Reagan,REPUBLICAN,29009,211288,0.137296013024876,False,1
1984,DISTRICT OF COLUMBIA,DC,11,53,55.0,other,OTHER,Other,OTHER,809,211288,0.0038288970504713944,False,1
1984,DISTRICT OF COLUMBIA,DC,11,53,55.0,david-bergland,"BERGLAND, DAVID",David Bergland,LIBERTARIAN,279,211288,0.0013204725303850669,False,1
1984,DISTRICT OF COLUMBIA,DC,11,53,55.0,gus-hall,"HALL, GUS",Gus Hall,OTHER,257,211288,0.0012163492484192193,False,1
1984,DISTRICT OF COLUMBIA,DC,11,53,55.0,dennis-serrette,"SERRETTE, DENNIS",Dennis Serrette,OTHER,165,211288,0.0007809246147438567,False,1
1984,DISTRICT OF COLUMBIA,DC,11,53,55.0,lyndon-larouche-jr,"LAROUCHE, LYNDON, JR.",Lyndon Larouche Jr.,OTHER,127,211288,0.00060107530953012,False,1
1984,DISTRICT OF COLUMBIA,DC,11,53,55.0,melvin-mason,"MASON, MELVIN",Melvin Mason,OTHER,127,211288,0.00060107530953012,False,1
1984,DISTRICT OF COLUMBIA,DC,11,53,55.0,larry-holmes,"HOLMES, LARRY",Larry Holmes,OTHER,107,211288,0.0005064177804702586,False,1
1984,DELAWARE,DE,10,51,11.0,ronald-reagan,"REAGAN, RONALD",Ronald Reagan,REPUBLICAN,152190,254572,0.5978269409047342,False,1
1984,DELAWARE,DE,10,51,11.0,walter-mondale,"MONDALE, WALTER",Walter Mondale,DEMOCRAT,101656,254572,0.3993212136448627,False,1
1984,DELAWARE,DE,10,51,11.0,delmar-dennis,"DENNIS, DELMAR",Delmar Dennis,OTHER,269,254572,0.0010566755181245385,False,1
1984,DELAWARE,DE,10,51,11.0,david-bergland,"BERGLAND, DAVID",David Bergland,LIBERTARIAN,268,254572,0.0010527473563471238,False,1
1984,DELAWARE,DE,10,51,11.0,sonia-johnson,"JOHNSON, SONIA",Sonia Johnson,OTHER,121,254572,0.00047530757506717157,False,1
1984,DELAWARE,DE,10,51,11.0,dennis-serrette,"SERRETTE, DENNIS",Dennis Serrette,OTHER,68,254572,0.0002671150008641956,False,1
1984,FLORIDA,FL,12,59,43.0,ronald-reagan,"REAGAN, RONALD",Ronald Reagan,REPUBLICAN,2730350,4180051,0.653185810412361,False,1
1984,FLORIDA,FL,12,59,43.0,walter-mondale,"MONDALE, WALTER",Walter Mondale,DEMOCRAT,1448816,4180051,0.3466024696827862,False,1
1984,FLORIDA,FL,12,59,43.0,other,OTHER,Other,OTHER,885,4180051,0.00021171990485283553,False,1
1984,GEORGIA,GA,13,58,44.0,ronald-reagan,"REAGAN, RONALD",Ronald Reagan,REPUBLICAN,1068722,1776103,0.6017229856601785,False,1
1984,GEORGIA,GA,13,58,44.0,walter-mondale,"MONDALE, WALTER",Walter Mondale,DEMOCRAT,706628,1776103,0.3978530524412154,False,1
1984,GEORGIA,GA,13,58,44.0,other,OTHER,Other,OTHER,753,1776103,0.00042396189860610564,False,1
1984,HAWAII,HI,15,95,82.0,ronald-reagan,"REAGAN, RONALD",Ronald Reagan,REPUBLICAN,185050,335846,0.5509965877217534,False,1
1984,HAWAII,HI,15,95,82.0,walter-mondale,"MONDALE, WALTER",Walter Mondale,DEMOCRAT,147154,335846,0.43815915627996166,False,1
1984,HAWAII,HI,15,95,82.0,david-bergland,"BERGLAND, DAVID",David Bergland,LIBERTARIAN,2167,335846,0.006452362094531422,False,1
1984,HAWAII,HI,15,95,82.0,gus-hall,"HALL, GUS",Gus Hall,OTHER,821,335846,0.0024445728101570364,False,1
1984,HAWAII,HI,15,95,82.0,lyndon-larouche-jr,"LAROUCHE, LYNDON, JR.",Lyndon Larouche Jr.,OTHER,654,335846,0.0019473210935964699,False,1
1984,IOWA,IA,19,42,31.0,ronald-reagan,"REAGAN, RONALD",Ronald Reagan,REPUBLICAN,703088,1319805,0.5327211216808544,False,1
1984,IOWA,IA,19,42,31.0,walter-mondale,"MONDALE, WALTER",Walter Mondale,DEMOCRAT,605620,1319805,0.4588708180375131,False,1
1984,IOWA,IA,19,42,31.0,lyndon-larouche-jr,"LAROUCHE, LYNDON, JR.",Lyndon Larouche Jr.,OTHER,6248,1319805,0.004734032679070014,False,1
1984,IOWA,IA,19,42,31.0,david-bergland,"BERGLAND, DAVID",David Bergland,LIBERTARIAN,1844,1319805,0.001397176097984172,False,1
1984,IOWA,IA,19,42,31.0,other,OTHER,Other,OTHER,1051,1319805,0.0007963297608358811,False,1
1984,IOWA,IA,19,42,31.0,gerald-baker,"BAKER, GERALD",Gerald Baker,OTHER,892,1319805,0.0006758574183307383,False,1
1984,IOWA,IA,19,42,31.0,dennis-serrette,"SERRETTE, DENNIS",Dennis Serrette,OTHER,463,1319805,0.00035080939987346615,False,1
1984,IOWA,IA,19,42,31.0,melvin-mason,"MASON, MELVIN",Melvin Mason,OTHER,313,1319805,0.00023715624656672765,False,1
1984,IOWA,IA,19,42,31.0,gus-hall,"HALL, GUS",Gus Hall,OTHER,286,1319805,0.00021669867897151473,False,1
1984,IDAHO,ID,16,82,63.0,ronald-reagan,"REAGAN, RONALD",Ronald Reagan,REPUBLICAN,297523,411144,0.723646702858366,False,1
1984,IDAHO,ID,16,82,63.0,walter-mondale,"MONDALE, WALTER",Walter Mondale,DEMOCRAT,108510,411144,0.2639221294728854,False,1
1984,IDAHO,ID,16,82,63.0,david-bergland,"BERGLAND, DAVID",David Bergland,LIBERTARIAN,2823,411144,0.006866207460159944,False,1
1984,IDAHO,ID,16,82,63.0,bob-richards,"RICHARDS, BOB",Bob Richards,OTHER,2288,411144,0.005564960208588718,False,1
1984,ILLINOIS,IL,17,33,21.0,ronald-reagan,"REAGAN, RONALD",Ronald Reagan,REPUBLICAN,2707103,4819088,0.5617459154097206,False,1
1984,ILLINOIS,IL,17,33,21.0,walter-mondale,"MONDALE, WALTER",Walter Mondale,DEMOCRAT,2086499,4819088,0.43296553206747834,False,1
1984,ILLINOIS,IL,17,33,21.0,david-bergland,"BERGLAND, DAVID",David Bergland,LIBERTARIAN,10086,4819088,0.0020929271264604424,False,1
1984,ILLINOIS,IL,17,33,21.0,gus-hall,"HALL, GUS",Gus Hall,OTHER,4672,4819088,0.0009694780423183805,False,1
1984,ILLINOIS,IL,17,33,21.0,sonia-johnson,"JOHNSON, SONIA",Sonia Johnson,OTHER,2716,4819088,0.0005635921153546065,False,1
1984,ILLINOIS,IL,17,33,21.0,edward-winn,"WINN, EDWARD",Edward Winn,OTHER,2632,4819088,0.0005461614313745671,False,1
1984,ILLINOIS,IL,17,33,21.0,dennis-serrette,"SERRETTE, DENNIS",Dennis Serrette,OTHER,2386,4819088,0.0004951144282901661,False,1
1984,ILLINOIS,IL,17,33,21.0,melvin-mason,"MASON, MELVIN",Melvin Mason,OTHER,2132,4819088,0.00044240736006480894,False,1
1984,ILLINOIS,IL,17,33,21.0,other,OTHER,Other,OTHER,862,4819088,0.00017887201893802314,False,1
1984,INDIANA,IN,18,32,22.0,ronald-reagan,"REAGAN, RONALD",Ronald Reagan,REPUBLICAN,1377230,2233069,0.6167431458678617,False,1
1984,INDIANA,IN,18,32,22.0,walter-mondale,"MONDALE, WALTER",Walter Mondale,DEMOCRAT,841481,2233069,0.3768271378985602,False,1
1984,INDIANA,IN,18,32,22.0,delmar-dennis,"DENNIS, DELMAR",Delmar Dennis,OTHER,7617,2233069,0.0034110007348630966,False,1
1984,INDIANA,IN,18,32,22.0,david-bergland,"BERGLAND, DAVID",David Bergland,LIBERTARIAN,6741,2233069,0.003018715498714997,False,1
1984,KANSAS,KS,20,47,32.0,ronald-reagan,"REAGAN, RONALD",Ronald Reagan,REPUBLICAN,677296,1021991,0.66272207876586,False,1
1984,KANSAS,KS,20,47,32.0,walter-mondale,"MONDALE, WALTER",Walter Mondale,DEMOCRAT,333149,1021991,0.32598036577621525,False,1
1984,KANSAS,KS,20,47,32.0,bob-richards,"RICHARDS, BOB",Bob Richards,OTHER,3564,1021991,0.003487310553615443,False,1
1984,KANSAS,KS,20,47,32.0,david-bergland,"BERGLAND, DAVID",David Bergland,LIBERTARIAN,3329,1021991,0.003257367237089172,False,1
1984,KANSAS,KS,20,47,32.0,dennis-serrette,"SERRETTE, DENNIS",Dennis Serrette,OTHER,2544,1021991,0.002489258711671629,False,1
1984,KANSAS,KS,20,47,32.0,earl-dodge,"DODGE, EARL",Earl Dodge,OTHER,2109,1021991,0.0020636189555485324,False,1
1984,KENTUCKY,KY,21,61,51.0,ronald-reagan,"REAGAN, RONALD",Ronald Reagan,REPUBLICAN,821702,1369345,0.6000693762346231,False,1
1984,KENTUCKY,KY,21,61,51.0,walter-mondale,"MONDALE, WALTER",Walter Mondale,DEMOCRAT,539539,1369345,0.39401246581394755,False,1
1984,KENTUCKY,KY,21,61,51.0,melvin-mason,"MASON, MELVIN",Melvin Mason,OTHER,3129,1369345,0.0022850340856394847,False,1
1984,KENTUCKY,KY,21,61,51.0,lyndon-larouche-jr,"LAROUCHE, LYNDON, JR.",Lyndon Larouche Jr.,OTHER,1776,1369345,0.0012969704493754313,False,1
1984,KENTUCKY,KY,21,61,51.0,john-b-anderson,"ANDERSON, JOHN B.",John B. Anderson,OTHER,1479,1369345,0.0010800784316589318,False,1
1984,KENTUCKY,KY,21,61,51.0,sonia-johnson,"JOHNSON, SONIA",Sonia Johnson,OTHER,599,1369345,0.00043743541620263704,False,1
1984,KENTUCKY,KY,21,61,51.0,delmar-dennis,"DENNIS, DELMAR",Delmar Dennis,OTHER,428,1369345,0.0003125581938810161,False,1
1984,KENTUCKY,KY,21,61,51.0,dennis-serrette,"SERRETTE, DENNIS",Dennis Serrette,OTHER,365,1369345,0.0002665507961835768,False,1
1984,KENTUCKY,KY,21,61,51.0,gus-hall,"HALL, GUS",Gus Hall,OTHER,328,1369345,0.00023953057848825532,False,1
1984,LOUISIANA,LA,22,72,45.0,ronald-reagan,"REAGAN, RONALD",Ronald Reagan,REPUBLICAN,1037299,1706822,0.6077370692433072,False,1
1984,LOUISIANA,LA,22,72,45.0,walter-mondale,"MONDALE, WALTER",Walter Mondale,DEMOCRAT,651586,1706822,0.38175392630280136,False,1
1984,LOUISIANA,LA,22,72,45.0,sonia-johnson,"JOHNSON, SONIA",Sonia Johnson,OTHER,9502,1706822,0.005567071434513968,False,1
1984,LOUISIANA,LA,22,72,45.0,lyndon-larouche-jr,"LAROUCHE, LYNDON, JR.",Lyndon Larouche Jr.,OTHER,3552,1706822,0.00208106059096965,False,1
1984,LOUISIANA,LA,22,72,45.0,david-bergland,"BERGLAND, DAVID",David Bergland,LIBERTARIAN,1876,1706822,0.001099118713023385,False,1
1984,LOUISIANA,LA,22,72,45.0,bob-richards,"RICHARDS, BOB",Bob Richards,OTHER,1310,1706822,0.0007675082697551355,False,1
1984,LOUISIANA,LA,22,72,45.0,melvin-mason,"MASON, MELVIN",Melvin Mason,OTHER,1164,1706822,0.0006819691801488381,False,1
1984,LOUISIANA,LA,22,72,45.0,dennis-serrette,"SERRETTE, DENNIS",Dennis Serrette,OTHER,533,1706822,0.0003122762654805246,False,1
1984,MASSACHUSETTS,MA,25,14,3.0,ronald-reagan,"REAGAN, RONALD",Ronald Reagan,REPUBLICAN,1310936,2559383,0.5122078250890938,False,1
1984,MASSACHUSETTS,MA,25,14,3.0,walter-mondale,"MONDALE, WALTER",Walter Mondale,DEMOCRAT,1239606,2559383,0.4843378267340214,False,1
1984,MASSACHUSETTS,MA,25,14,3.0,dennis-serrette,"SERRETTE, DENNIS",Dennis Serrette,OTHER,7998,2559383,0.0031249719170596975,False,1
1984,MASSACHUSETTS,MA,25,14,3.0,other,OTHER,Other,OTHER,843,2559383,0.0003293762598251219,False,1
1984,MARYLAND,MD,24,52,52.0,ronald-reagan,"REAGAN, RONALD",Ronald Reagan,REPUBLICAN,879918,1675873,0.5250505259050059,False,1
1984,MARYLAND,MD,24,52,52.0,walter-mondale,"MONDALE, WALTER",Walter Mondale,DEMOCRAT,787935,1675873,0.4701639086016661,False,1
1984,MARYLAND,MD,24,52,52.0,david-bergland,"BERGLAND, DAVID",David Bergland,LIBERTARIAN,5721,1675873,0.0034137431655023977,False,1
1984,MARYLAND,MD,24,52,52.0,gus-hall,"HALL, GUS",Gus Hall,OTHER,898,1675873,0.0005358401263102872,False,1
1984,MARYLAND,MD,24,52,52.0,larry-holmes,"HOLMES, LARRY",Larry Holmes,OTHER,745,1675873,0.0004445444255024098,False,1
1984,MARYLAND,MD,24,52,52.0,dennis-serrette,"SERRETTE, DENNIS",Dennis Serrette,OTHER,656,1675873,0.00039143777601286016,False,1
1984,MAINE,ME,23,11,2.0,ronald-reagan,"REAGAN, RONALD",Ronald Reagan,REPUBLICAN,336500,553144,0.6083406852465181,False,1
1984,MAINE,ME,23,11,2.0,walter-mondale,"MONDALE, WALTER",Walter Mondale,DEMOCRAT,214515,553144,0.3878104074165136,False,1
1984,MAINE,ME,23,11,2.0,gus-hall,"HALL, GUS",Gus Hall,OTHER,1292,553144,0.002335738975745918,False,1
1984,MAINE,ME,23,11,2.0,dennis-serrette,"SERRETTE, DENNIS",Dennis Serrette,OTHER,755,553144,0.0013649248658577152,False,1
1984,MAINE,ME,23,11,2.0,other,OTHER,Other,OTHER,82,553144,0.000148243495364679,False,1
1984,MICHIGAN,MI,26,34,23.0,ronald-reagan,"REAGAN, RONALD",Ronald Reagan,REPUBLICAN,2251571,3801658,0.5922602717025045,False,1
1984,MICHIGAN,MI,26,34,23.0,walter-mondale,"MONDALE, WALTER",Walter Mondale,DEMOCRAT,1529638,3801658,0.4023607594370667,False,1
1984,MICHIGAN,MI,26,34,23.0,david-bergland,"BERGLAND, DAVID",David Bergland,LIBERTARIAN,10055,3801658,0.0026448986205492445,False,1
1984,MICHIGAN,MI,26,34,23.0,lyndon-larouche-jr,"LAROUCHE, LYNDON, JR.",Lyndon Larouche Jr.,OTHER,3862,3801658,0.0010158725482407938,False,1
1984,MICHIGAN,MI,26,34,23.0,larry-holmes,"HOLMES, LARRY",Larry Holmes,OTHER,1416,3801658,0.00037246906481329986,False,1
1984,MICHIGAN,MI,26,34,23.0,sonia-johnson,"JOHNSON, SONIA",Sonia Johnson,OTHER,1191,3801658,0.0003132843617179662,False,1
1984,MICHIGAN,MI,26,34,23.0,melvin-mason,"MASON, MELVIN",Melvin Mason,OTHER,1049,3801658,0.00027593223798668895,False,1
1984,MICHIGAN,MI,26,34,23.0,gus-hall,"HALL, GUS",Gus Hall,OTHER,1048,3801658,0.00027566919486182083,False,1
1984,MICHIGAN,MI,26,34,23.0,dennis-serrette,"SERRETTE, DENNIS",Dennis Serrette,OTHER,665,3801658,0.00017492367803731952,False,1
1984,MICHIGAN,MI,26,34,23.0,other,OTHER,Other,OTHER,602,3801658,0.00015835196117062607,False,1
1984,MICHIGAN,MI,26,34,23.0,edward-winn,"WINN, EDWARD",Edward Winn,OTHER,561,3801658,0.00014756719305103195,False,1
1984,MINNESOTA,MN,27,41,33.0,walter-mondale,"MONDALE, WALTER",Walter Mondale,DEMOCRAT,1036364,2084449,0.49718846563288427,False,1
1984,MINNESOTA,MN,27,41,33.0,ronald-reagan,"REAGAN, RONALD",Ronald Reagan,REPUBLICAN,1032603,2084449,0.49538415187898577,False,1
1984,MINNESOTA,MN,27,41,33.0,lyndon-larouche-jr,"LAROUCHE, LYNDON, JR.",Lyndon Larouche Jr.,OTHER,3865,2084449,0.0018542070350485908,False,1
1984,MINNESOTA,MN,27,41,33.0,melvin-mason,"MASON, MELVIN",Melvin Mason,OTHER,3180,2084449,0.0015255830197812468,False,1
1984,MINNESOTA,MN,27,41,33.0,david-bergland,"BERGLAND, DAVID",David Bergland,LIBERTARIAN,2996,2084449,0.0014373102915926463,False,1
1984,MINNESOTA,MN,27,41,33.0,bob-richards,"RICHARDS, BOB",Bob Richards,OTHER,2377,2084449,0.0011403493201320829,False,1
1984,MINNESOTA,MN,27,41,33.0,sonia-johnson,"JOHNSON, SONIA",Sonia Johnson,OTHER,1219,2084449,0.0005848068242494779,False,1
1984,MINNESOTA,MN,27,41,33.0,other,OTHER,Other,OTHER,723,2084449,0.00034685425261064194,False,1
1984,MINNESOTA,MN,27,41,33.0,gus-hall,"HALL, GUS",Gus Hall,OTHER,630,2084449,0.0003022381454283602,False,1
1984,MINNESOTA,MN,27,41,33.0,edward-winn,"WINN, EDWARD",Edward Winn,OTHER,260,2084449,0.00012473320287519627,False,1
1984,MINNESOTA,MN,27,41,33.0,dennis-serrette,"SERRETTE, DENNIS",Dennis Serrette,OTHER,232,2084449,0.0001113003964117136,False,1
1984,MISSOURI,MO,29,43,34.0,ronald-reagan,"REAGAN, RONALD",Ronald Reagan,REPUBLICAN,1274188,2122771,0.6002475066787704,False,1
1984,MISSOURI,MO,29,43,34.0,walter-mondale,"MONDALE, WALTER",Walter Mondale,DEMOCRAT,848583,2122771,0.39975249332122964,False,1
1984,MISSISSIPPI,MS,28,64,46.0,ronald-reagan,"REAGAN, RONALD",Ronald Reagan,REPUBLICAN,582377,941104,0.6188232118873154,False,1
1984,MISSISSIPPI,MS,28,64,46.0,walter-mondale,"MONDALE, WALTER",Walter Mondale,DEMOCRAT,352192,941104,0.3742328159268264,False,1
1984,MISSISSIPPI,MS,28,64,46.0,david-bergland,"BERGLAND, DAVID",David Bergland,LIBERTARIAN,2336,941104,0.002482191128716911,False,1
1984,MISSISSIPPI,MS,28,64,46.0,larry-holmes,"HOLMES, LARRY",Larry Holmes,OTHER,1169,941104,0.0012421581461772556,False,1
1984,MISSISSIPPI,MS,28,64,46.0,melvin-mason,"MASON, MELVIN",Melvin Mason,OTHER,1032,941104,0.0010965844370016491,False,1
1984,MISSISSIPPI,MS,28,64,46.0,lyndon-larouche-jr,"LAROUCHE, LYNDON, JR.",Lyndon Larouche Jr.,OTHER,1001,941104,0.0010636444006188476,False,1
1984,MISSISSIPPI,MS,28,64,46.0,bob-richards,"RICHARDS, BOB",Bob Richards,OTHER,641,941104,0.0006811149458508305,False,1
1984,MISSISSIPPI,MS,28,64,46.0,dennis-serrette,"SERRETTE, DENNIS",Dennis Serrette,OTHER,356,941104,0.00037827912749281695,False,1
1984,MONTANA,MT,30,81,64.0,ronald-reagan,"REAGAN, RONALD",Ronald Reagan,REPUBLICAN,232450,384377,0.6047448208399566,False,1
1984,MONTANA,MT,30,81,64.0,walter-mondale,"MONDALE, WALTER",Walter Mondale,DEMOCRAT,146742,384377,0.381765818454278,False,1
1984,MONTANA,MT,30,81,64.0,david-bergland,"BERGLAND, DAVID",David Bergland,LIBERTARIAN,5185,384377,0.013489360705765433,False,1
1984,NORTH CAROLINA,NC,37,56,47.0,ronald-reagan,"REAGAN, RONALD",Ronald Reagan,REPUBLICAN,1346481,2175361,0.6189689895148437,False,1
1984,NORTH CAROLINA,NC,37,56,47.0,walter-mondale,"MONDALE, WALTER",Walter Mondale,DEMOCRAT,824287,2175361,0.37891963678672186,False,1
1984,NORTH CAROLINA,NC,37,56,47.0,david-bergland,"BERGLAND, DAVID",David Bergland,LIBERTARIAN,3794,2175361,0.0017440783391814048,False,1
1984,NORTH CAROLINA,NC,37,56,47.0,melvin-mason,"MASON, MELVIN",Melvin Mason,OTHER,799,2175361,0.0003672953592530159,False,1
1984,NORTH DAKOTA,ND,38,44,36.0,ronald-reagan,"REAGAN, RONALD",Ronald Reagan,REPUBLICAN,200336,308971,0.6483974224118121,False,1
1984,NORTH DAKOTA,ND,38,44,36.0,walter-mondale,"MONDALE, WALTER",Walter Mondale,DEMOCRAT,104429,308971,0.33798964951403204,False,1
1984,NORTH DAKOTA,ND,38,44,36.0,lyndon-larouche-jr,"LAROUCHE, LYNDON, JR.",Lyndon Larouche Jr.,OTHER,1278,308971,0.004136310527525237,False,1
1984,NORTH DAKOTA,ND,38,44,36.0,bob-richards,"RICHARDS, BOB",Bob Richards,OTHER,1077,308971,0.0034857640361069487,False,1
1984,NORTH DAKOTA,ND,38,44,36.0,david-bergland,"BERGLAND, DAVID",David Bergland,LIBERTARIAN,703,308971,0.0022752944451097353,False,1
1984,NORTH DAKOTA,ND,38,44,36.0,sonia-johnson,"JOHNSON, SONIA",Sonia Johnson,OTHER,368,308971,0.0011910502927459212,False,1
1984,NORTH DAKOTA,ND,38,44,36.0,melvin-mason,"MASON, MELVIN",Melvin Mason,OTHER,239,308971,0.000773535380343139,False,1
1984,NORTH DAKOTA,ND,38,44,36.0,earl-dodge,"DODGE, EARL",Earl Dodge,OTHER,220,308971,0.0007120409358807137,False,1
1984,NORTH DAKOTA,ND,38,44,36.0,gus-hall,"HALL, GUS",Gus Hall,OTHER,169,308971,0.0005469769007447301,False,1
1984,NORTH DAKOTA,ND,38,44,36.0,dennis-serrette,"SERRETTE, DENNIS",Dennis Serrette,OTHER,152,308971,0.0004919555556994022,False,1
1984,NEBRASKA,NE,31,46,35.0,ronald-reagan,"REAGAN, RONALD",Ronald Reagan,REPUBLICAN,460054,652090,0.7055069085555675,False,1
1984,NEBRASKA,NE,31,46,35.0,walter-mondale,"MONDALE, WALTER",Walter Mondale,DEMOCRAT,187866,652090,0.28809826864389887,False,1
1984,NEBRASKA,NE,31,46,35.0,david-bergland,"BERGLAND, DAVID",David Bergland,LIBERTARIAN,2079,652090,0.003188210216381174,False,1
1984,NEBRASKA,NE,31,46,35.0,melvin-mason,"MASON, MELVIN",Melvin Mason,OTHER,1066,652090,0.001634743670352252,False,1
1984,NEBRASKA,NE,31,46,35.0,dennis-serrette,"SERRETTE, DENNIS",Dennis Serrette,OTHER,1025,652090,0.0015718689138002422,False,1
1984,NEW HAMPSHIRE,NH,33,12,4.0,ronald-reagan,"REAGAN, RONALD",Ronald Reagan,REPUBLICAN,267050,388904,0.6866733178367926,False,1
1984,NEW HAMPSHIRE,NH,33,12,4.0,walter-mondale,"MONDALE, WALTER",Walter Mondale,DEMOCRAT,120347,388904,0.30945168987719335,False,1
1984,NEW HAMPSHIRE,NH,33,12,4.0,david-bergland,"BERGLAND, DAVID",David Bergland,LIBERTARIAN,735,388904,0.0018899265628535577,False,1
1984,NEW HAMPSHIRE,NH,33,12,4.0,lyndon-larouche-jr,"LAROUCHE, LYNDON, JR.",Lyndon Larouche Jr.,OTHER,467,388904,0.0012008104827926685,False,1
1984,NEW HAMPSHIRE,NH,33,12,4.0,dennis-serrette,"SERRETTE, DENNIS",Dennis Serrette,OTHER,305,388904,0.0007842552403678029,False,1
1984,NEW JERSEY,NJ,34,22,12.0,ronald-reagan,"REAGAN, RONALD",Ronald Reagan,REPUBLICAN,1933630,3217862,0.6009051973018109,False,1
1984,NEW JERSEY,NJ,34,22,12.0,walter-mondale,"MONDALE, WALTER",Walter Mondale,DEMOCRAT,1261323,3217862,0.3919754793710855,False,1
1984,NEW JERSEY,NJ,34,22,12.0,larry-holmes,"HOLMES, LARRY",Larry Holmes,OTHER,8404,3217862,0.0026116719735029036,False,1
1984,NEW JERSEY,NJ,34,22,12.0,david-bergland,"BERGLAND, DAVID",David Bergland,LIBERTARIAN,6416,3217862,0.001993870464302074,False,1
1984,NEW JERSEY,NJ,34,22,12.0,dennis-serrette,"SERRETTE, DENNIS",Dennis Serrette,OTHER,2293,3217862,0.0007125849399383814,False,1
1984,NEW JERSEY,NJ,34,22,12.0,edward-winn,"WINN, EDWARD",Edward Winn,OTHER,1721,3217862,0.0005348271616371367,False,1
1984,NEW JERSEY,NJ,34,22,12.0,gus-hall,"HALL, GUS",Gus Hall,OTHER,1564,3217862,0.0004860370022082986,False,1
1984,NEW JERSEY,NJ,34,22,12.0,melvin-mason,"MASON, MELVIN",Melvin Mason,OTHER,1264,3217862,0.0003928073982041492,False,1
1984,NEW JERSEY,NJ,34,22,12.0,sonia-johnson,"JOHNSON, SONIA",Sonia Johnson,OTHER,1247,3217862,0.00038752438731058073,False,1
1984,NEW MEXICO,NM,35,85,66.0,ronald-reagan,"REAGAN, RONALD",Ronald Reagan,REPUBLICAN,307101,514370,0.5970429846219647,False,1
1984,NEW MEXICO,NM,35,85,66.0,walter-mondale,"MONDALE, WALTER",Walter Mondale,DEMOCRAT,201769,514370,0.392264323347007,False,1
1984,NEW MEXICO,NM,35,85,66.0,david-bergland,"BERGLAND, DAVID",David Bergland,LIBERTARIAN,4459,514370,0.008668857048428175,False,1
1984,NEW MEXICO,NM,35,85,66.0,sonia-johnson,"JOHNSON, SONIA",Sonia Johnson,OTHER,455,514370,0.0008845772498396096,False,1
1984,NEW MEXICO,NM,35,85,66.0,melvin-mason,"MASON, MELVIN",Melvin Mason,OTHER,224,514370,0.0004354841845364232,False,1
1984,NEW MEXICO,NM,35,85,66.0,earl-dodge,"DODGE, EARL",Earl Dodge,OTHER,206,514370,0.0004004899197076035,False,1
1984,NEW MEXICO,NM,35,85,66.0,dennis-serrette,"SERRETTE, DENNIS",Dennis Serrette,OTHER,155,514370,0.0003013395026926143,False,1
1984,NEW MEXICO,NM,35,85,66.0,other,OTHER,Other,OTHER,1,514370,1.9441258238233176e-06,False,1
1984,NEVADA,NV,32,88,65.0,ronald-reagan,"REAGAN, RONALD",Ronald Reagan,REPUBLICAN,188770,282717,0.6676995016217631,False,1
1984,NEVADA,NV,32,88,65.0,walter-mondale,"MONDALE, WALTER",Walter Mondale,DEMOCRAT,91655,282717,0.32419345140193195,False,1
1984,NEVADA,NV,32,88,65.0,david-bergland,"BERGLAND, DAVID",David Bergland,LIBERTARIAN,2292,282717,0.008107046976304927,False,1
1984,NEW YORK,NY,36,21,13.0,ronald-reagan,"REAGAN, RONALD",Ronald Reagan,REPUBLICAN,3376519,6806810,0.49605013214707033,False,1
1984,NEW YORK,NY,36,21,13.0,walter-mondale,"MONDALE, WALTER",Walter Mondale,DEMOCRAT,3001285,6806810,0.4409238688901262,False,1
1984,NEW YORK,NY,36,21,13.0,ronald-reagan,"REAGAN, RONALD",Ronald Reagan,OTHER,288244,6806810,0.04234641484043186,False,1
1984,NEW YORK,NY,36,21,13.0,walter-mondale,"MONDALE, WALTER",Walter Mondale,OTHER,118324,6806810,0.017383179492302562,False,1
1984,NEW YORK,NY,36,21,13.0,david-bergland,"BERGLAND, DAVID",David Bergland,LIBERTARIAN,11949,6806810,0.0017554478529590218,False,1
1984,NEW YORK,NY,36,21,13.0,gus-hall,"HALL, GUS",Gus Hall,OTHER,4226,6806810,0.0006208488263959182,False,1
1984,NEW YORK,NY,36,21,13.0,dennis-serrette,"SERRETTE, DENNIS",Dennis Serrette,OTHER,3200,6806810,0.00047011742651844257,False,1
1984,NEW YORK,NY,36,21,13.0,larry-holmes,"HOLMES, LARRY",Larry Holmes,OTHER,2226,6806810,0.0003270254348218916,False,1
1984,NEW YORK,NY,36,21,13.0,other,OTHER,Other,OTHER,837,6806810,0.00012296508937373012,False,1
1984,OHIO,OH,39,31,24.0,ronald-reagan,"REAGAN, RONALD",Ronald Reagan,REPUBLICAN,2678559,4563235,0.5869868634861014,False,1
1984,OHIO,OH,39,31,24.0,walter-mondale,"MONDALE, WALTER",Walter Mondale,DEMOCRAT,1825440,4563235,0.40003199484576185,False,1
1984,OHIO,OH,39,31,24.0,dennis-serrette,"SERRETTE, DENNIS",Dennis Serrette,OTHER,24180,4563235,0.005298872400829675,False,1
1984,OHIO,OH,39,31,24.0,lyndon-larouche-jr,"LAROUCHE, LYNDON, JR.",Lyndon Larouche Jr.,OTHER,10693,4563235,0.0023432937378855133,False,1
1984,OHIO,OH,39,31,24.0,edward-winn,"WINN, EDWARD",Edward Winn,OTHER,7130,4563235,0.001562488015629263,False,1
1984,OHIO,OH,39,31,24.0,david-bergland,"BERGLAND, DAVID",David Bergland,LIBERTARIAN,5886,4563235,0.001289874398316107,False,1
1984,OHIO,OH,39,31,24.0,gus-hall,"HALL, GUS",Gus Hall,OTHER,4438,4563235,0.0009725556540480602,False,1
1984,OHIO,OH,39,31,24.0,melvin-mason,"MASON, MELVIN",Melvin Mason,OTHER,4344,4563235,0.00095195623280414,False,1
1984,OHIO,OH,39,31,24.0,larry-holmes,"HOLMES, LARRY",Larry Holmes,OTHER,2565,4563235,0.0005621012286239916,False,1
1984,OKLAHOMA,OK,40,73,53.0,ronald-reagan,"REAGAN, RONALD",Ronald Reagan,REPUBLICAN,861530,1255676,0.6861085184394701,False,1
1984,OKLAHOMA,OK,40,73,53.0,walter-mondale,"MONDALE, WALTER",Walter Mondale,DEMOCRAT,385080,1255676,0.30667146620625063,False,1
1984,OKLAHOMA,OK,40,73,53.0,david-bergland,"BERGLAND, DAVID",David Bergland,LIBERTARIAN,9066,1255676,0.007220015354279289,False,1
1984,OREGON,OR,41,92,72.0,ronald-reagan,"REAGAN, RONALD",Ronald Reagan,REPUBLICAN,685700,1226527,0.559058218856984,False,1
1984,OREGON,OR,41,92,72.0,walter-mondale,"MONDALE, WALTER",Walter Mondale,DEMOCRAT,536479,1226527,0.43739681230009614,False,1
1984,OREGON,OR,41,92,72.0,other,OTHER,Other,OTHER,4348,1226527,0.003544968842919887,False,1
1984,PENNSYLVANIA,PA,42,23,14.0,ronald-reagan,"REAGAN, RONALD",Ronald Reagan,REPUBLICAN,2584323,4844903,0.5334106792230928,False,1
1984,PENNSYLVANIA,PA,42,23,14.0,walter-mondale,"MONDALE, WALTER",Walter Mondale,DEMOCRAT,2228131,4844903,0.45989176666694875,False,1
1984,PENNSYLVANIA,PA,42,23,14.0,sonia-johnson,"JOHNSON, SONIA",Sonia Johnson,OTHER,21628,4844903,0.004464072861727056,False,1
1984,PENNSYLVANIA,PA,42,23,14.0,david-bergland,"BERGLAND, DAVID",David Bergland,LIBERTARIAN,6982,4844903,0.0014411021232004027,False,1
1984,PENNSYLVANIA,PA,42,23,14.0,edward-winn,"WINN, EDWARD",Edward Winn,OTHER,2059,4844903,0.0004249827086321439,False,1
1984,PENNSYLVANIA,PA,42,23,14.0,gus-hall,"HALL, GUS",Gus Hall,OTHER,1780,4844903,0.00036739641639884225,False,1
1984,RHODE ISLAND,RI,44,15,5.0,ronald-reagan,"REAGAN, RONALD",Ronald Reagan,REPUBLICAN,212080,410489,0.5166520905554107,False,1
1984,RHODE ISLAND,RI,44,15,5.0,walter-mondale,"MONDALE, WALTER",Walter Mondale,DEMOCRAT,197106,410489,0.4801736465532572,False,1
1984,RHODE ISLAND,RI,44,15,5.0,bob-richards,"RICHARDS, BOB",Bob Richards,OTHER,510,410489,0.0012424206251568251,False,1
1984,RHODE ISLAND,RI,44,15,5.0,david-bergland,"BERGLAND, DAVID",David Bergland,LIBERTARIAN,277,410489,0.000674804927781256,False,1
1984,RHODE ISLAND,RI,44,15,5.0,sonia-johnson,"JOHNSON, SONIA",Sonia Johnson,OTHER,240,410489,0.0005846685294855648,False,1
1984,RHODE ISLAND,RI,44,15,5.0,larry-holmes,"HOLMES, LARRY",Larry Holmes,OTHER,91,410489,0.0002216868174299433,False,1
1984,RHODE ISLAND,RI,44,15,5.0,gus-hall,"HALL, GUS",Gus Hall,OTHER,75,410489,0.000182708915464239,False,1
1984,RHODE ISLAND,RI,44,15,5.0,melvin-mason,"MASON, MELVIN",Melvin Mason,OTHER,61,410489,0.0001486032512442477,False,1
1984,RHODE ISLAND,RI,44,15,5.0,dennis-serrette,"SERRETTE, DENNIS",Dennis Serrette,OTHER,49,410489,0.00011936982476996947,False,1
1984,SOUTH CAROLINA,SC,45,57,48.0,ronald-reagan,"REAGAN, RONALD",Ronald Reagan,REPUBLICAN,615539,968529,0.6355400819180427,False,1
1984,SOUTH CAROLINA,SC,45,57,48.0,walter-mondale,"MONDALE, WALTER",Walter Mondale,DEMOCRAT,344459,968529,0.3556517151267541,False,1
1984,SOUTH CAROLINA,SC,45,57,48.0,david-bergland,"BERGLAND, DAVID",David Bergland,LIBERTARIAN,4359,968529,0.004500639629789092,False,1
1984,SOUTH CAROLINA,SC,45,57,48.0,delmar-dennis,"DENNIS, DELMAR",Delmar Dennis,OTHER,3490,968529,0.0036034026859288674,False,1
1984,SOUTH CAROLINA,SC,45,57,48.0,dennis-serrette,"SERRETTE, DENNIS",Dennis Serrette,OTHER,682,968529,0.0007041606394852399,False,1
1984,SOUTH DAKOTA,SD,46,45,37.0,ronald-reagan,"REAGAN, RONALD",Ronald Reagan,REPUBLICAN,200267,317867,0.6300339450147389,False,1
1984,SOUTH DAKOTA,SD,46,45,37.0,walter-mondale,"MONDALE, WALTER",Walter Mondale,DEMOCRAT,116113,317867,0.365287997810405,False,1
1984,SOUTH DAKOTA,SD,46,45,37.0,dennis-serrette,"SERRETTE, DENNIS",Dennis Serrette,OTHER,1150,317867,0.003617865333614373,False,1
1984,SOUTH DAKOTA,SD,46,45,37.0,melvin-mason,"MASON, MELVIN",Melvin Mason,OTHER,337,317867,0.0010601918412417772,False,1
1984,TENNESSEE,TN,47,62,54.0,ronald-reagan,"REAGAN, RONALD",Ronald Reagan,REPUBLICAN,990212,1711993,0.5783972247550078,False,1
1984,TENNESSEE,TN,47,62,54.0,walter-mondale,"MONDALE, WALTER",Walter Mondale,DEMOCRAT,711714,1711993,0.4157224941924412,False,1
1984,TENNESSEE,TN,47,62,54.0,david-bergland,"BERGLAND, DAVID",David Bergland,LIBERTARIAN,3072,1711993,0.0017943998602798026,False,1
1984,TENNESSEE,TN,47,62,54.0,lyndon-larouche-jr,"LAROUCHE, LYNDON, JR.",Lyndon Larouche Jr.,OTHER,1852,1711993,0.0010817801241009748,False,1
1984,TENNESSEE,TN,47,62,54.0,bob-richards,"RICHARDS, BOB",Bob Richards,OTHER,1763,1711993,0.0010297939302321914,False,1
1984,TENNESSEE,TN,47,62,54.0,gus-hall,"HALL, GUS",Gus Hall,OTHER,1036,1711993,0.0006051426612141521,False,1
1984,TENNESSEE,TN,47,62,54.0,sonia-johnson,"JOHNSON, SONIA",Sonia Johnson,OTHER,978,1711993,0.0005712640180187652,False,1
1984,TENNESSEE,TN,47,62,54.0,melvin-mason,"MASON, MELVIN",Melvin Mason,OTHER,715,1711993,0.00041764189456382125,False,1
1984,TENNESSEE,TN,47,62,54.0,dennis-serrette,"SERRETTE, DENNIS",Dennis Serrette,OTHER,524,1711993,0.00030607601783418504,False,1
1984,TENNESSEE,TN,47,62,54.0,other,OTHER,Other,OTHER,127,1711993,7.418254630714027e-05,False,1
1984,TEXAS,TX,48,74,49.0,ronald-reagan,"REAGAN, RONALD",Ronald Reagan,REPUBLICAN,3433428,5397571,0.636106129961051,False,1
1984,TEXAS,TX,48,74,49.0,walter-mondale,"MONDALE, WALTER",Walter Mondale,DEMOCRAT,1949276,5397571,0.36113948292667203,False,1
1984,TEXAS,TX,48,74,49.0,lyndon-larouche-jr,"LAROUCHE, LYNDON, JR.",Lyndon Larouche Jr.,OTHER,14613,5397571,0.002707328907762399,False,1
1984,TEXAS,TX,48,74,49.0,other,OTHER,Other,OTHER,254,5397571,4.7058204514586285e-05,False,1
1984,UTAH,UT,49,87,67.0,ronald-reagan,"REAGAN, RONALD",Ronald Reagan,REPUBLICAN,469105,629656,0.7450179145438144,False,1
1984,UTAH,UT,49,87,67.0,walter-mondale,"MONDALE, WALTER",Walter Mondale,DEMOCRAT,155369,629656,0.246752194849251,False,1
1984,UTAH,UT,49,87,67.0,david-bergland,"BERGLAND, DAVID",David Bergland,LIBERTARIAN,2447,629656,0.00388624899945367,False,1
1984,UTAH,UT,49,87,67.0,delmar-dennis,"DENNIS, DELMAR",Delmar Dennis,OTHER,1345,629656,0.0021360870062383268,False,1
1984,UTAH,UT,49,87,67.0,sonia-johnson,"JOHNSON, SONIA",Sonia Johnson,OTHER,844,629656,0.0013404144485242736,False,1
1984,UTAH,UT,49,87,67.0,dennis-serrette,"SERRETTE, DENNIS",Dennis Serrette,OTHER,220,629656,0.00034939713113191966,False,1
1984,UTAH,UT,49,87,67.0,gus-hall,"HALL, GUS",Gus Hall,OTHER,184,629656,0.00029222305512851464,False,1
1984,UTAH,UT,49,87,67.0,melvin-mason,"MASON, MELVIN",Melvin Mason,OTHER,142,629656,0.0002255199664578754,False,1
1984,VIRGINIA,VA,51,54,40.0,ronald-reagan,"REAGAN, RONALD",Ronald Reagan,REPUBLICAN,1337078,2146635,0.622871610683698,False,1
1984,VIRGINIA,VA,51,54,40.0,walter-mondale,"MONDALE, WALTER",Walter Mondale,DEMOCRAT,796250,2146635,0.3709293848278818,False,1
1984,VIRGINIA,VA,51,54,40.0,lyndon-larouche-jr,"LAROUCHE, LYNDON, JR.",Lyndon Larouche Jr.,OTHER,13307,2146635,0.006199004488420249,False,1
1984,VERMONT,VT,50,13,6.0,ronald-reagan,"REAGAN, RONALD",Ronald Reagan,REPUBLICAN,135865,234561,0.579230988953833,False,1
1984,VERMONT,VT,50,13,6.0,walter-mondale,"MONDALE, WALTER",Walter Mondale,DEMOCRAT,95730,234561,0.408124112704158,False,1
1984,VERMONT,VT,50,13,6.0,david-bergland,"BERGLAND, DAVID",David Bergland,LIBERTARIAN,1002,234561,0.004271809891669971,False,1
1984,VERMONT,VT,50,13,6.0,other,OTHER,Other,OTHER,712,234561,0.0030354577274141906,False,1
1984,VERMONT,VT,50,13,6.0,lyndon-larouche-jr,"LAROUCHE, LYNDON, JR.",Lyndon Larouche Jr.,OTHER,423,234561,0.0018033688464834307,False,1
1984,VERMONT,VT,50,13,6.0,dennis-serrette,"SERRETTE, DENNIS",Dennis Serrette,OTHER,323,234561,0.0013770405139814377,False,1
1984,VERMONT,VT,50,13,6.0,sonia-johnson,"JOHNSON, SONIA",Sonia Johnson,OTHER,264,234561,0.0011255067978052618,False,1
1984,VERMONT,VT,50,13,6.0,melvin-mason,"MASON, MELVIN",Melvin Mason,OTHER,127,234561,0.0005414369822775312,False,1
1984,VERMONT,VT,50,13,6.0,gus-hall,"HALL, GUS",Gus Hall,OTHER,115,234561,0.000490277582377292,False,1
1984,WASHINGTON,WA,53,91,73.0,ronald-reagan,"REAGAN, RONALD",Ronald Reagan,REPUBLICAN,1051670,1874910,0.5609175907110208,False,1
1984,WASHINGTON,WA,53,91,73.0,walter-mondale,"MONDALE, WALTER",Walter Mondale,DEMOCRAT,798352,1874910,0.42580817212559535,False,1
1984,WASHINGTON,WA,53,91,73.0,david-bergland,"BERGLAND, DAVID",David Bergland,LIBERTARIAN,8844,1874910,0.004717026417268029,False,1
1984,WASHINGTON,WA,53,91,73.0,bob-richards,"RICHARDS, BOB",Bob Richards,OTHER,5724,1874910,0.0030529465414339887,False,1
1984,WASHINGTON,WA,53,91,73.0,lyndon-larouche-jr,"LAROUCHE, LYNDON, JR.",Lyndon Larouche Jr.,OTHER,4712,1874910,0.00251318729965705,False,1
1984,WASHINGTON,WA,53,91,73.0,sonia-johnson,"JOHNSON, SONIA",Sonia Johnson,OTHER,1891,1874910,0.0010085817452571057,False,1
1984,WASHINGTON,WA,53,91,73.0,dennis-serrette,"SERRETTE, DENNIS",Dennis Serrette,OTHER,1654,1874910,0.0008821756777658661,False,1
1984,WASHINGTON,WA,53,91,73.0,gus-hall,"HALL, GUS",Gus Hall,OTHER,814,1874910,0.00043415417273362457,False,1
1984,WASHINGTON,WA,53,91,73.0,larry-holmes,"HOLMES, LARRY",Larry Holmes,OTHER,641,1874910,0.0003418830770543653,False,1
1984,WASHINGTON,WA,53,91,73.0,melvin-mason,"MASON, MELVIN",Melvin Mason,OTHER,608,1874910,0.0003242822322138129,False,1
1984,WISCONSIN,WI,55,35,25.0,ronald-reagan,"REAGAN, RONALD",Ronald Reagan,REPUBLICAN,1198584,2211689,0.5419315283477921,False,1
1984,WISCONSIN,WI,55,35,25.0,walter-mondale,"MONDALE, WALTER",Walter Mondale,DEMOCRAT,995740,2211689,0.4502170060980545,False,1
1984,WISCONSIN,WI,55,35,25.0,david-bergland,"BERGLAND, DAVID",David Bergland,LIBERTARIAN,4883,2211689,0.002207814932388776,False,1
1984,WISCONSIN,WI,55,35,25.0,bob-richards,"RICHARDS, BOB",Bob Richards,OTHER,3864,2211689,0.0017470810769506925,False,1
1984,WISCONSIN,WI,55,35,25.0,lyndon-larouche-jr,"LAROUCHE, LYNDON, JR.",Lyndon Larouche Jr.,OTHER,3791,2211689,0.0017140746280331458,False,1
1984,WISCONSIN,WI,55,35,25.0,sonia-johnson,"JOHNSON, SONIA",Sonia Johnson,OTHER,1456,2211689,0.0006583204058075073,False,1
1984,WISCONSIN,WI,55,35,25.0,dennis-serrette,"SERRETTE, DENNIS",Dennis Serrette,OTHER,1006,2211689,0.0004548559946719453,False,1
1984,WISCONSIN,WI,55,35,25.0,other,OTHER,Other,OTHER,706,2211689,0.00031921305391490395,False,1
1984,WISCONSIN,WI,55,35,25.0,larry-holmes,"HOLMES, LARRY",Larry Holmes,OTHER,619,2211689,0.00027987660109536194,False,1
1984,WISCONSIN,WI,55,35,25.0,gus-hall,"HALL, GUS",Gus Hall,OTHER,596,2211689,0.00026947730897065544,False,1
1984,WISCONSIN,WI,55,35,25.0,melvin-mason,"MASON, MELVIN",Melvin Mason,OTHER,444,2211689,0.00020075155232042119,False,1
1984,WEST VIRGINIA,WV,54,55,56.0,ronald-reagan,"REAGAN, RONALD",Ronald Reagan,REPUBLICAN,405483,735742,0.551121181066189,False,1
1984,WEST VIRGINIA,WV,54,55,56.0,walter-mondale,"MONDALE, WALTER",Walter Mondale,DEMOCRAT,328125,735742,0.44597834567008543,False,1
1984,WEST VIRGINIA,WV,54,55,56.0,bob-richards,"RICHARDS, BOB",Bob Richards,OTHER,996,735742,0.0013537354126854251,False,1
1984,WEST VIRGINIA,WV,54,55,56.0,melvin-mason,"MASON, MELVIN",Melvin Mason,OTHER,645,735742,0.0008766660052029108,False,1
1984,WEST VIRGINIA,WV,54,55,56.0,dennis-serrette,"SERRETTE, DENNIS",Dennis Serrette,OTHER,493,735742,0.0006700718458372636,False,1
1984,WYOMING,WY,56,83,68.0,ronald-reagan,"REAGAN, RONALD",Ronald Reagan,REPUBLICAN,133241,188968,0.7050982176876508,False,1
1984,WYOMING,WY,56,83,68.0,walter-mondale,"MONDALE, WALTER",Walter Mondale,DEMOCRAT,53370,188968,0.28242877100884806,False,1
1984,WYOMING,WY,56,83,68.0,david-bergland,"BERGLAND, DAVID",David Bergland,LIBERTARIAN,2357,188968,0.012473011303501123,False,1
1988,ALASKA,AK,2,94,81.0,george-h-w-bush,"BUSH, GEORGE H.W.",George H. W. Bush,REPUBLICAN,119251,200116,0.595909372563913,False,1
1988,ALASKA,AK,2,94,81.0,michael-dukakis,"DUKAKIS, MICHAEL",Michael Dukakis,DEMOCRAT,72584,200116,0.362709628415519,False,1
1988,ALASKA,AK,2,94,81.0,ronald-ron-paul,"PAUL, RONALD ""RON""","Ronald ""Ron"" Paul",LIBERTARIAN,5484,200116,0.02740410561874113,False,1
1988,ALASKA,AK,2,94,81.0,lenora-fulani,"FULANI, LENORA",Lenora Fulani,OTHER,1024,200116,0.005117032121369606,False,1
1988,ALASKA,AK,2,94,81.0,write-in-blank,,Write-in/blank,OTHER,957,200116,0.00478222630874093,True,1
1988,ALASKA,AK,2,94,81.0,lyndon-larouche-jr,"LAROUCHE, LYNDON, JR.",Lyndon Larouche Jr.,OTHER,816,200116,0.0040776349717164045,False,1
1988,ALABAMA,AL,1,63,41.0,george-h-w-bush,"BUSH, GEORGE H.W.",George H. W. Bush,REPUBLICAN,815576,1378476,0.5916504893810266,False,1
1988,ALABAMA,AL,1,63,41.0,michael-dukakis,"DUKAKIS, MICHAEL",Michael Dukakis,DEMOCRAT,549506,1378476,0.39863298309147205,False,1
1988,ALABAMA,AL,1,63,41.0,ronald-ron-paul,"PAUL, RONALD ""RON""","Ronald ""Ron"" Paul",LIBERTARIAN,8460,1378476,0.006137212399780627,False,1
1988,ALABAMA,AL,1,63,41.0,edward-winn,"WINN, EDWARD",Edward Winn,OTHER,4428,1378476,0.003212243085842626,False,1
1988,ALABAMA,AL,1,63,41.0,write-in-blank,,Write-in/blank,OTHER,506,1378476,0.00036707204187813206,True,1
1988,ARKANSAS,AR,5,71,42.0,george-h-w-bush,"BUSH, GEORGE H.W.",George H. W. Bush,REPUBLICAN,466578,827738,0.563678361993771,False,1
1988,ARKANSAS,AR,5,71,42.0,michael-dukakis,"DUKAKIS, MICHAEL",Michael Dukakis,DEMOCRAT,349237,827738,0.4219173216645847,False,1
1988,ARKANSAS,AR,5,71,42.0,earl-dodge,"DODGE, EARL",Earl Dodge,OTHER,6465,827738,0.0078104424346834385,False,2
1988,ARKANSAS,AR,5,71,42.0,ronald-ron-paul,"PAUL, RONALD ""RON""","Ronald ""Ron"" Paul",LIBERTARIAN,3297,827738,0.0039831444249267284,False,1
1988,ARKANSAS,AR,5,71,42.0,lenora-fulani,"FULANI, LENORA",Lenora Fulani,OTHER,2161,827738,0.0026107294820341704,False,1
1988,ARIZONA,AZ,4,86,61.0,george-h-w-bush,"BUSH, GEORGE H.W.",George H. W. Bush,REPUBLICAN,702541,1171873,0.5995026764845679,False,1
1988,ARIZONA,AZ,4,86,61.0,michael-dukakis,"DUKAKIS, MICHAEL",Michael Dukakis,DEMOCRAT,454029,1171873,0.387438741228785,False,1
1988,ARIZONA,AZ,4,86,61.0,ronald-ron-paul,"PAUL, RONALD ""RON""","Ronald ""Ron"" Paul",LIBERTARIAN,13351,1171873,0.011392872777169539,False,1
1988,ARIZONA,AZ,4,86,61.0,lenora-fulani,"FULANI, LENORA",Lenora Fulani,OTHER,1662,1171873,0.0014182424204670643,False,1
1988,ARIZONA,AZ,4,86,61.0,write-in-blank,,Write-in/blank,OTHER,290,1171873,0.0002474670890104986,True,1
1988,CALIFORNIA,CA,6,93,71.0,george-h-w-bush,"BUSH, GEORGE H.W.",George H. W. Bush,REPUBLICAN,5054917,9887065,0.5112656789451673,False,1
1988,CALIFORNIA,CA,6,93,71.0,michael-dukakis,"DUKAKIS, MICHAEL",Michael Dukakis,DEMOCRAT,4702233,9887065,0.4755944256460335,False,1
1988,CALIFORNIA,CA,6,93,71.0,ronald-ron-paul,"PAUL, RONALD ""RON""","Ronald ""Ron"" Paul",LIBERTARIAN,70105,9887065,0.007090577436276589,False,1
1988,CALIFORNIA,CA,6,93,71.0,lenora-fulani,"FULANI, LENORA",Lenora Fulani,OTHER,58999,9887065,0.005967291607772377,False,1
1988,CALIFORNIA,CA,6,93,71.0,write-in-blank,,Write-in/blank,OTHER,811,9887065,8.20263647503076e-05,True,1
1988,COLORADO,CO,8,84,62.0,george-h-w-bush,"BUSH, GEORGE H.W.",George H. W. Bush,REPUBLICAN,728177,1372394,0.5305888833673129,False,1
1988,COLORADO,CO,8,84,62.0,michael-dukakis,"DUKAKIS, MICHAEL",Michael Dukakis,DEMOCRAT,621453,1372394,0.45282404324122666,False,1
1988,COLORADO,CO,8,84,62.0,ronald-ron-paul,"PAUL, RONALD ""RON""","Ronald ""Ron"" Paul",LIBERTARIAN,15482,1372394,0.011281016967430635,False,1
1988,COLORADO,CO,8,84,62.0,earl-dodge,"DODGE, EARL",Earl Dodge,OTHER,4604,1372394,0.0033547217490021088,False,1
1988,COLORADO,CO,8,84,62.0,lenora-fulani,"FULANI, LENORA",Lenora Fulani,OTHER,2539,1372394,0.0018500518072798336,False,1
1988,COLORADO,CO,8,84,62.0,write-in-blank,,Write-in/blank,OTHER,139,1372394,0.00010128286774789165,True,1
1988,CONNECTICUT,CT,9,16,1.0,george-h-w-bush,"BUSH, GEORGE H.W.",George H. W. Bush,REPUBLICAN,750241,1443394,0.5197756122029051,False,1
1988,CONNECTICUT,CT,9,16,1.0,michael-dukakis,"DUKAKIS, MICHAEL",Michael Dukakis,DEMOCRAT,676584,1443394,0.4687451936200372,False,1
1988,CONNECTICUT,CT,9,16,1.0,ronald-ron-paul,"PAUL, RONALD ""RON""","Ronald ""Ron"" Paul",LIBERTARIAN,14071,1443394,0.009748550984693021,False,1
1988,CONNECTICUT,CT,9,16,1.0,lenora-fulani,"FULANI, LENORA",Lenora Fulani,OTHER,2491,1443394,0.0017257935116814951,False,1
1988,CONNECTICUT,CT,9,16,1.0,write-in-blank,,Write-in/blank,OTHER,7,1443394,4.8496806831675895e-06,True,1
1988,DISTRICT OF COLUMBIA,DC,11,53,55.0,michael-dukakis,"DUKAKIS, MICHAEL",Michael Dukakis,DEMOCRAT,159407,192877,0.8264697190437429,False,1
1988,DISTRICT OF COLUMBIA,DC,11,53,55.0,george-h-w-bush,"BUSH, GEORGE H.W.",George H. W. Bush,REPUBLICAN,27590,192877,0.1430445309705149,False,1
1988,DISTRICT OF COLUMBIA,DC,11,53,55.0,write-in-blank,,Write-in/blank,OTHER,4853,192877,0.025161113040953562,True,3
1988,DISTRICT OF COLUMBIA,DC,11,53,55.0,ronald-ron-paul,"PAUL, RONALD ""RON""","Ronald ""Ron"" Paul",LIBERTARIAN,554,192877,0.0028722968523981606,False,1
1988,DISTRICT OF COLUMBIA,DC,11,53,55.0,edward-winn,"WINN, EDWARD",Edward Winn,OTHER,208,192877,0.00107840748248884,False,1
1988,DISTRICT OF COLUMBIA,DC,11,53,55.0,willa-kenoyer,"KENOYER, WILLA",Willa Kenoyer,OTHER,142,192877,0.0007362204928529581,False,1
1988,DISTRICT OF COLUMBIA,DC,11,53,55.0,james-mac-warren,"WARREN, JAMES ""MAC""","James ""Mac"" Warren",OTHER,123,192877,0.000637712117048689,False,1
1988,DELAWARE,DE,10,51,11.0,george-h-w-bush,"BUSH, GEORGE H.W.",George H. W. Bush,REPUBLICAN,139639,249891,0.5587996366415757,False,1
1988,DELAWARE,DE,10,51,11.0,michael-dukakis,"DUKAKIS, MICHAEL",Michael Dukakis,DEMOCRAT,108647,249891,0.4347775630174756,False,1
1988,DELAWARE,DE,10,51,11.0,ronald-ron-paul,"PAUL, RONALD ""RON""","Ronald ""Ron"" Paul",LIBERTARIAN,1162,249891,0.004650027411951611,False,1
1988,DELAWARE,DE,10,51,11.0,lenora-fulani,"FULANI, LENORA",Lenora Fulani,OTHER,443,249891,0.0017727729289970426,False,1
1988,FLORIDA,FL,12,59,43.0,george-h-w-bush,"BUSH, GEORGE H.W.",George H. W. Bush,REPUBLICAN,2618885,4302313,0.6087155908926198,False,1
1988,FLORIDA,FL,12,59,43.0,michael-dukakis,"DUKAKIS, MICHAEL",Michael Dukakis,DEMOCRAT,1656701,4302313,0.3850721693191546,False,1
1988,FLORIDA,FL,12,59,43.0,ronald-ron-paul,"PAUL, RONALD ""RON""","Ronald ""Ron"" Paul",LIBERTARIAN,19796,4302313,0.004601245887967705,False,1
1988,FLORIDA,FL,12,59,43.0,lenora-fulani,"FULANI, LENORA",Lenora Fulani,OTHER,6655,4302313,0.0015468423613065809,False,1
1988,FLORIDA,FL,12,59,43.0,write-in-blank,,Write-in/blank,OTHER,276,4302313,6.415153895125715e-05,True,1
1988,GEORGIA,GA,13,58,44.0,george-h-w-bush,"BUSH, GEORGE H.W.",George H. W. Bush,REPUBLICAN,1081331,1809672,0.5975287234371753,False,1
1988,GEORGIA,GA,13,58,44.0,michael-dukakis,"DUKAKIS, MICHAEL",Michael Dukakis,DEMOCRAT,714792,1809672,0.394984284444916,False,1
1988,GEORGIA,GA,13,58,44.0,ronald-ron-paul,"PAUL, RONALD ""RON""","Ronald ""Ron"" Paul",LIBERTARIAN,8435,1809672,0.004661065651676105,False,1
1988,GEORGIA,GA,13,58,44.0,lenora-fulani,"FULANI, LENORA",Lenora Fulani,OTHER,5099,1809672,0.0028176376713570195,False,1
1988,GEORGIA,GA,13,58,44.0,write-in-blank,,Write-in/blank,OTHER,15,1809672,8.288794875535456e-06,True,1
1988,HAWAII,HI,15,95,82.0,michael-dukakis,"DUKAKIS, MICHAEL",Michael Dukakis,DEMOCRAT,192364,354461,0.5426944007944456,False,1
1988,HAWAII,HI,15,95,82.0,george-h-w-bush,"BUSH, GEORGE H.W.",George H. W. Bush,REPUBLICAN,158625,354461,0.44751044543687457,False,1
1988,HAWAII,HI,15,95,82.0,ronald-ron-paul,"PAUL, RONALD ""RON""","Ronald ""Ron"" Paul",LIBERTARIAN,1999,354461,0.005639548497578013,False,1
1988,HAWAII,HI,15,95,82.0,lenora-fulani,"FULANI, LENORA",Lenora Fulani,OTHER,1003,354461,0.00282964839573324,False,1
1988,HAWAII,HI,15,95,82.0,lyndon-larouche-jr,"LAROUCHE, LYNDON, JR.",Lyndon Larouche Jr.,OTHER,470,354461,0.0013259568753685174,False,1
1988,IOWA,IA,19,42,31.0,michael-dukakis,"DUKAKIS, MICHAEL",Michael Dukakis,DEMOCRAT,670557,1225614,0.5471192398259158,False,1
1988,IOWA,IA,19,42,31.0,george-h-w-bush,"BUSH, GEORGE H.W.",George H. W. Bush,REPUBLICAN,545355,1225614,0.4449647278833303,False,1
1988,IOWA,IA,19,42,31.0,lyndon-larouche-jr,"LAROUCHE, LYNDON, JR.",Lyndon Larouche Jr.,OTHER,3526,1225614,0.0028769253614922808,False,1
1988,IOWA,IA,19,42,31.0,ronald-ron-paul,"PAUL, RONALD ""RON""","Ronald ""Ron"" Paul",LIBERTARIAN,2494,1225614,0.0020348984264213694,False,1
1988,IOWA,IA,19,42,31.0,scattering,SCATTERING,Scattering,OTHER,1613,1225614,0.0013160750448346706,False,1
1988,IOWA,IA,19,42,31.0,david-duke,"DUKE, DAVID",David Duke,OTHER,755,1225614,0.000616017767421064,False,1
1988,IOWA,IA,19,42,31.0,lenora-fulani,"FULANI, LENORA",Lenora Fulani,OTHER,540,1225614,0.00044059548928129084,False,1
1988,IOWA,IA,19,42,31.0,willa-kenoyer,"KENOYER, WILLA",Willa Kenoyer,OTHER,334,1225614,0.00027251646929620584,False,1
1988,IOWA,IA,19,42,31.0,edward-winn,"WINN, EDWARD",Edward Winn,OTHER,235,1225614,0.00019174062959463584,False,1
1988,IOWA,IA,19,42,31.0,james-mac-warren,"WARREN, JAMES ""MAC""","James ""Mac"" Warren",OTHER,205,1225614,0.00016726310241234189,False,1
1988,IDAHO,ID,16,82,63.0,george-h-w-bush,"BUSH, GEORGE H.W.",George H. W. Bush,REPUBLICAN,253881,408968,0.6207845112576045,False,1
1988,IDAHO,ID,16,82,63.0,michael-dukakis,"DUKAKIS, MICHAEL",Michael Dukakis,DEMOCRAT,147272,408968,0.36010641419377554,False,1
1988,IDAHO,ID,16,82,63.0,ronald-ron-paul,"PAUL, RONALD ""RON""","Ronald ""Ron"" Paul",LIBERTARIAN,5313,408968,0.012991236478159661,False,1
1988,IDAHO,ID,16,82,63.0,lenora-fulani,"FULANI, LENORA",Lenora Fulani,OTHER,2502,408968,0.00611783807046028,False,1
1988,ILLINOIS,IL,17,33,21.0,george-h-w-bush,"BUSH, GEORGE H.W.",George H. W. Bush,REPUBLICAN,2310939,4559120,0.5068826878871361,False,1
1988,ILLINOIS,IL,17,33,21.0,michael-dukakis,"DUKAKIS, MICHAEL",Michael Dukakis,DEMOCRAT,2215940,4559120,0.4860455526505115,False,1
1988,ILLINOIS,IL,17,33,21.0,ronald-ron-paul,"PAUL, RONALD ""RON""","Ronald ""Ron"" Paul",LIBERTARIAN,14944,4559120,0.003277825545280668,False,1
1988,ILLINOIS,IL,17,33,21.0,lenora-fulani,"FULANI, LENORA",Lenora Fulani,OTHER,10276,4559120,0.002253943743529453,False,1
1988,ILLINOIS,IL,17,33,21.0,edward-winn,"WINN, EDWARD",Edward Winn,OTHER,7021,4559120,0.0015399901735422626,False,1
1988,INDIANA,IN,18,32,22.0,george-h-w-bush,"BUSH, GEORGE H.W.",George H. W. Bush,REPUBLICAN,1297763,2168621,0.5984277566250626,False,1
1988,INDIANA,IN,18,32,22.0,michael-dukakis,"DUKAKIS, MICHAEL",Michael Dukakis,DEMOCRAT,860643,2168621,0.39686187674102574,False,1
1988,INDIANA,IN,18,32,22.0,lenora-fulani,"FULANI, LENORA",Lenora Fulani,OTHER,10215,2168621,0.0047103666339115965,False,1
1988,KANSAS,KS,20,47,32.0,george-h-w-bush,"BUSH, GEORGE H.W.",George H. W. Bush,REPUBLICAN,554049,993044,0.5579299608073761,False,1
1988,KANSAS,KS,20,47,32.0,michael-dukakis,"DUKAKIS, MICHAEL",Michael Dukakis,DEMOCRAT,422636,993044,0.4255964488985382,False,1
1988,KANSAS,KS,20,47,32.0,write-in-blank,,Write-in/blank,OTHER,16359,993044,0.01647359029408566,False,1
1988,KENTUCKY,KY,21,61,51.0,george-h-w-bush,"BUSH, GEORGE H.W.",George H. W. Bush,REPUBLICAN,734281,1322517,0.5552147911898297,False,1
1988,KENTUCKY,KY,21,61,51.0,michael-dukakis,"DUKAKIS, MICHAEL",Michael Dukakis,DEMOCRAT,580368,1322517,0.4388359469103233,False,1
1988,KENTUCKY,KY,21,61,51.0,david-duke,"DUKE, DAVID",David Duke,OTHER,4494,1322517,0.0033980659605887865,False,1
1988,KENTUCKY,KY,21,61,51.0,ronald-ron-paul,"PAUL, RONALD ""RON""","Ronald ""Ron"" Paul",LIBERTARIAN,2118,1322517,0.0016014917010518579,False,1
1988,KENTUCKY,KY,21,61,51.0,lenora-fulani,"FULANI, LENORA",Lenora Fulani,OTHER,1256,1322517,0.0009497042382063898,False,1
1988,LOUISIANA,LA,22,72,45.0,george-h-w-bush,"BUSH, GEORGE H.W.",George H. W. Bush,REPUBLICAN,883702,1628202,0.5427471529945301,False,1
1988,LOUISIANA,LA,22,72,45.0,michael-dukakis,"DUKAKIS, MICHAEL",Michael Dukakis,DEMOCRAT,717460,1628202,0.4406455710040892,False,1
1988,LOUISIANA,LA,22,72,45.0,david-duke,"DUKE, DAVID",David Duke,OTHER,18612,1628202,0.011431014087932578,False,1
1988,LOUISIANA,LA,22,72,45.0,ronald-ron-paul,"PAUL, RONALD ""RON""","Ronald ""Ron"" Paul",LIBERTARIAN,4115,1628202,0.0025273276902988695,False,1
1988,LOUISIANA,LA,22,72,45.0,lenora-fulani,"FULANI, LENORA",Lenora Fulani,OTHER,2355,1628202,0.0014463807316291222,False,1
1988,LOUISIANA,LA,22,72,45.0,lyndon-larouche-jr,"LAROUCHE, LYNDON, JR.",Lyndon Larouche Jr.,OTHER,1958,1628202,0.001202553491520094,False,1
1988,MASSACHUSETTS,MA,25,14,3.0,michael-dukakis,"DUKAKIS, MICHAEL",Michael Dukakis,DEMOCRAT,1401415,2632801,0.5322905149306765,False,1
1988,MASSACHUSETTS,MA,25,14,3.0,george-h-w-bush,"BUSH, GEORGE H.W.",George H. W. Bush,REPUBLICAN,1194635,2632801,0.4537505873022686,False,1
1988,MASSACHUSETTS,MA,25,14,3.0,ronald-ron-paul,"PAUL, RONALD ""RON""","Ronald ""Ron"" Paul",LIBERTARIAN,24251,2632801,0.009211102548198668,False,1
1988,MASSACHUSETTS,MA,25,14,3.0,lenora-fulani,"FULANI, LENORA",Lenora Fulani,OTHER,9561,2632801,0.003631493606998782,False,1
1988,MASSACHUSETTS,MA,25,14,3.0,write-in-blank,,Write-in/blank,OTHER,2939,2632801,0.0011163016118574856,False,1
1988,MARYLAND,MD,24,52,52.0,george-h-w-bush,"BUSH, GEORGE H.W.",George H. W. Bush,REPUBLICAN,876167,1714358,0.511075866300971,False,1
1988,MARYLAND,MD,24,52,52.0,michael-dukakis,"DUKAKIS, MICHAEL",Michael Dukakis,DEMOCRAT,826304,1714358,0.48199034274054775,False,1
1988,MARYLAND,MD,24,52,52.0,ronald-ron-paul,"PAUL, RONALD ""RON""","Ronald ""Ron"" Paul",LIBERTARIAN,6748,1714358,0.003936167358276393,False,1
1988,MARYLAND,MD,24,52,52.0,lenora-fulani,"FULANI, LENORA",Lenora Fulani,OTHER,5115,1714358,0.0029836241905133,False,1
1988,MARYLAND,MD,24,52,52.0,write-in-blank,,Write-in/blank,OTHER,24,1714358,1.3999409691558007e-05,True,1
1988,MAINE,ME,23,11,2.0,george-h-w-bush,"BUSH, GEORGE H.W.",George H. W. Bush,REPUBLICAN,307131,555035,0.5533542929725153,False,1
1988,MAINE,ME,23,11,2.0,michael-dukakis,"DUKAKIS, MICHAEL",Michael Dukakis,DEMOCRAT,243569,555035,0.4388353887592674,False,1
1988,MAINE,ME,23,11,2.0,ronald-ron-paul,"PAUL, RONALD ""RON""","Ronald ""Ron"" Paul",LIBERTARIAN,2700,555035,0.004864558090931202,False,1
1988,MAINE,ME,23,11,2.0,lenora-fulani,"FULANI, LENORA",Lenora Fulani,OTHER,1405,555035,0.0025313718954660517,False,1
1988,MAINE,ME,23,11,2.0,write-in-blank,,Write-in/blank,OTHER,230,555035,0.0004143882818200654,False,1
1988,MICHIGAN,MI,26,34,23.0,george-h-w-bush,"BUSH, GEORGE H.W.",George H. W. Bush,REPUBLICAN,1965486,3669163,0.5356769377648254,False,1
1988,MICHIGAN,MI,26,34,23.0,michael-dukakis,"DUKAKIS, MICHAEL",Michael Dukakis,DEMOCRAT,1675783,3669163,0.4567207834593339,False,1
1988,MICHIGAN,MI,26,34,23.0,ronald-ron-paul,"PAUL, RONALD ""RON""","Ronald ""Ron"" Paul",LIBERTARIAN,18336,3669163,0.004997325003004772,False,1
1988,MICHIGAN,MI,26,34,23.0,write-in-blank,,Write-in/blank,OTHER,7600,3669163,0.002071317082397266,False,1
1988,MICHIGAN,MI,26,34,23.0,edward-winn,"WINN, EDWARD",Edward Winn,OTHER,1958,3669163,0.0005336366904386641,False,1
1988,MINNESOTA,MN,27,41,33.0,michael-dukakis,"DUKAKIS, MICHAEL",Michael Dukakis,DEMOCRAT,1109471,2096790,0.5291283342633263,False,1
1988,MINNESOTA,MN,27,41,33.0,george-h-w-bush,"BUSH, GEORGE H.W.",George H. W. Bush,REPUBLICAN,962337,2096790,0.4589572632452463,False,1
1988,MINNESOTA,MN,27,41,33.0,eugene-mccarthy,"MCCARTHY, EUGENE ""GENE""",Eugene McCarthy,OTHER,5403,2096790,0.002576795959538151,False,1
1988,MINNESOTA,MN,27,41,33.0,ronald-ron-paul,"PAUL, RONALD ""RON""","Ronald ""Ron"" Paul",LIBERTARIAN,5109,2096790,0.0024365816319230826,False,1
1988,MINNESOTA,MN,27,41,33.0,write-in-blank,,Write-in/blank,OTHER,3614,2096790,0.001723587006805641,True,1
1988,MINNESOTA,MN,27,41,33.0,james-mac-warren,"WARREN, JAMES ""MAC""","James ""Mac"" Warren",OTHER,2155,2096790,0.0010277614830288201,False,1
1988,MINNESOTA,MN,27,41,33.0,jack-herer,"HERER, JACK",Jack Herer,OTHER,1949,2096790,0.0009295160698019353,False,1
1988,MINNESOTA,MN,27,41,33.0,lenora-fulani,"FULANI, LENORA",Lenora Fulani,OTHER,1734,2096790,0.0008269783812398953,False,1
1988,MINNESOTA,MN,27,41,33.0,lyndon-larouche-jr,"LAROUCHE, LYNDON, JR.",Lyndon Larouche Jr.,OTHER,1702,2096790,0.0008117169578260102,False,1
1988,MINNESOTA,MN,27,41,33.0,david-duke,"DUKE, DAVID",David Duke,OTHER,1529,2096790,0.0007292098874946942,False,1
1988,MINNESOTA,MN,27,41,33.0,delmar-dennis,"DENNIS, DELMAR",Delmar Dennis,OTHER,1298,2096790,0.0006190414872257117,False,1
1988,MINNESOTA,MN,27,41,33.0,edward-winn,"WINN, EDWARD",Edward Winn,OTHER,489,2096790,0.00023321362654343068,False,1
1988,MISSOURI,MO,29,43,34.0,george-h-w-bush,"BUSH, GEORGE H.W.",George H. W. Bush,REPUBLICAN,1084953,2093228,0.5183157305367595,False,1
1988,MISSOURI,MO,29,43,34.0,michael-dukakis,"DUKAKIS, MICHAEL",Michael Dukakis,DEMOCRAT,1001619,2093228,0.4785044916272857,False,1
1988,MISSOURI,MO,29,43,34.0,lenora-fulani,"FULANI, LENORA",Lenora Fulani,OTHER,6656,2093228,0.0031797778359548027,False,1
1988,MISSISSIPPI,MS,28,64,46.0,george-h-w-bush,"BUSH, GEORGE H.W.",George H. W. Bush,REPUBLICAN,557890,931527,0.5988983679485405,False,1
1988,MISSISSIPPI,MS,28,64,46.0,michael-dukakis,"DUKAKIS, MICHAEL",Michael Dukakis,DEMOCRAT,363921,931527,0.39067144591622144,False,1
1988,MISSISSIPPI,MS,28,64,46.0,write-in-blank,,Write-in/blank,OTHER,6387,931527,0.006856484031058681,False,1
1988,MISSISSIPPI,MS,28,64,46.0,ronald-ron-paul,"PAUL, RONALD ""RON""","Ronald ""Ron"" Paul",LIBERTARIAN,3329,931527,0.0035737021041794817,False,1
1988,MONTANA,MT,30,81,64.0,george-h-w-bush,"BUSH, GEORGE H.W.",George H. W. Bush,REPUBLICAN,190412,365674,0.5207151725307241,False,1
1988,MONTANA,MT,30,81,64.0,michael-dukakis,"DUKAKIS, MICHAEL",Michael Dukakis,DEMOCRAT,168936,365674,0.46198526556440983,False,1
1988,MONTANA,MT,30,81,64.0,ronald-ron-paul,"PAUL, RONALD ""RON""","Ronald ""Ron"" Paul",LIBERTARIAN,5047,365674,0.013801910991757685,False,1
1988,MONTANA,MT,30,81,64.0,lenora-fulani,"FULANI, LENORA",Lenora Fulani,OTHER,1279,365674,0.003497650913108397,False,1
1988,NORTH CAROLINA,NC,37,56,47.0,george-h-w-bush,"BUSH, GEORGE H.W.",George H. W. Bush,REPUBLICAN,1237258,2134370,0.5796829977932598,False,1
1988,NORTH CAROLINA,NC,37,56,47.0,michael-dukakis,"DUKAKIS, MICHAEL",Michael Dukakis,DEMOCRAT,890167,2134370,0.41706311464272827,False,1
1988,NORTH CAROLINA,NC,37,56,47.0,lenora-fulani,"FULANI, LENORA",Lenora Fulani,OTHER,5682,2134370,0.002662143864465861,False,1
1988,NORTH CAROLINA,NC,37,56,47.0,ronald-ron-paul,"PAUL, RONALD ""RON""","Ronald ""Ron"" Paul",OTHER,1263,2134370,0.0005917436995460019,True,1
1988,NORTH DAKOTA,ND,38,44,36.0,george-h-w-bush,"BUSH, GEORGE H.W.",George H. W. Bush,REPUBLICAN,166559,297261,0.5603123181312045,False,1
1988,NORTH DAKOTA,ND,38,44,36.0,michael-dukakis,"DUKAKIS, MICHAEL",Michael Dukakis,DEMOCRAT,127739,297261,0.429720010361265,False,1
1988,NORTH DAKOTA,ND,38,44,36.0,ronald-ron-paul,"PAUL, RONALD ""RON""","Ronald ""Ron"" Paul",LIBERTARIAN,1315,297261,0.0044237219144119145,False,1
1988,NORTH DAKOTA,ND,38,44,36.0,lyndon-larouche-jr,"LAROUCHE, LYNDON, JR.",Lyndon Larouche Jr.,OTHER,905,297261,0.003044462610298694,False,1
1988,NORTH DAKOTA,ND,38,44,36.0,lenora-fulani,"FULANI, LENORA",Lenora Fulani,OTHER,396,297261,0.0013321626449483788,False,1
1988,NORTH DAKOTA,ND,38,44,36.0,james-mac-warren,"WARREN, JAMES ""MAC""","James ""Mac"" Warren",OTHER,347,297261,0.0011673243378714328,False,1
1988,NEBRASKA,NE,31,46,35.0,george-h-w-bush,"BUSH, GEORGE H.W.",George H. W. Bush,REPUBLICAN,397956,661465,0.6016282040621953,False,1
1988,NEBRASKA,NE,31,46,35.0,michael-dukakis,"DUKAKIS, MICHAEL",Michael Dukakis,DEMOCRAT,259235,661465,0.39191038074576884,False,1
1988,NEBRASKA,NE,31,46,35.0,ronald-ron-paul,"PAUL, RONALD ""RON""","Ronald ""Ron"" Paul",LIBERTARIAN,2534,661465,0.0038308905233081117,False,1
1988,NEBRASKA,NE,31,46,35.0,lenora-fulani,"FULANI, LENORA",Lenora Fulani,OTHER,1740,661465,0.002630524668727748,False,1
1988,NEW HAMPSHIRE,NH,33,12,4.0,george-h-w-bush,"BUSH, GEORGE H.W.",George H. W. Bush,REPUBLICAN,281537,450525,0.624908717607236,False,1
1988,NEW HAMPSHIRE,NH,33,12,4.0,michael-dukakis,"DUKAKIS, MICHAEL",Michael Dukakis,DEMOCRAT,163696,450525,0.36334498640475,False,1
1988,NEW HAMPSHIRE,NH,33,12,4.0,ronald-ron-paul,"PAUL, RONALD ""RON""","Ronald ""Ron"" Paul",LIBERTARIAN,4502,450525,0.009992786193884912,False,1
1988,NEW HAMPSHIRE,NH,33,12,4.0,lenora-fulani,"FULANI, LENORA",Lenora Fulani,OTHER,790,450525,0.0017535097941290716,False,1
1988,NEW JERSEY,NJ,34,22,12.0,george-h-w-bush,"BUSH, GEORGE H.W.",George H. W. Bush,REPUBLICAN,1743192,3099553,0.5624010946094485,False,1
1988,NEW JERSEY,NJ,34,22,12.0,michael-dukakis,"DUKAKIS, MICHAEL",Michael Dukakis,DEMOCRAT,1320352,3099553,0.4259814237730408,False,1
1988,NEW JERSEY,NJ,34,22,12.0,lewin-herberg-g,"HERBERG G., LEWIN",Lewin Herberg G.,OTHER,9953,3099553,0.003211108182373394,False,1
1988,NEW JERSEY,NJ,34,22,12.0,ronald-ron-paul,"PAUL, RONALD ""RON""","Ronald ""Ron"" Paul",LIBERTARIAN,8421,3099553,0.00271684336418832,False,1
1988,NEW JERSEY,NJ,34,22,12.0,lenora-fulani,"FULANI, LENORA",Lenora Fulani,OTHER,5139,3099553,0.0016579810056482338,False,1
1988,NEW JERSEY,NJ,34,22,12.0,eugene-mccarthy,"MCCARTHY, EUGENE ""GENE""",Eugene McCarthy,OTHER,3454,3099553,0.001114354231077836,False,1
1988,NEW JERSEY,NJ,34,22,12.0,willa-kenoyer,"KENOYER, WILLA",Willa Kenoyer,OTHER,2587,3099553,0.000834636478227667,False,1
1988,NEW JERSEY,NJ,34,22,12.0,david-duke,"DUKE, DAVID",David Duke,OTHER,2446,3099553,0.0007891460478333488,False,1
1988,NEW JERSEY,NJ,34,22,12.0,james-mac-warren,"WARREN, JAMES ""MAC""","James ""Mac"" Warren",OTHER,2298,3099553,0.0007413972272776107,False,1
1988,NEW JERSEY,NJ,34,22,12.0,larry-holmes,"HOLMES, LARRY",Larry Holmes,OTHER,1020,3099553,0.000329079709235493,False,1
1988,NEW JERSEY,NJ,34,22,12.0,edward-winn,"WINN, EDWARD",Edward Winn,OTHER,691,3099553,0.00022293537164875065,False,1
1988,NEW MEXICO,NM,35,85,66.0,george-h-w-bush,"BUSH, GEORGE H.W.",George H. W. Bush,REPUBLICAN,270341,521387,0.5185035300074609,False,1
1988,NEW MEXICO,NM,35,85,66.0,michael-dukakis,"DUKAKIS, MICHAEL",Michael Dukakis,DEMOCRAT,244497,521387,0.4689357425482415,False,1
1988,NEW MEXICO,NM,35,85,66.0,ronald-ron-paul,"PAUL, RONALD ""RON""","Ronald ""Ron"" Paul",LIBERTARIAN,3368,521387,0.0064596930878598816,False,1
1988,NEW MEXICO,NM,35,85,66.0,lenora-fulani,"FULANI, LENORA",Lenora Fulani,OTHER,2237,521387,0.00429047904915159,False,1
1988,NEW MEXICO,NM,35,85,66.0,james-mac-warren,"WARREN, JAMES ""MAC""","James ""Mac"" Warren",OTHER,344,521387,0.0006597786289263062,False,1
1988,NEW MEXICO,NM,35,85,66.0,larry-holmes,"HOLMES, LARRY",Larry Holmes,OTHER,258,521387,0.0004948339716947296,False,1
1988,NEW MEXICO,NM,35,85,66.0,earl-dodge,"DODGE, EARL",Earl Dodge,OTHER,249,521387,0.0004775723215193321,False,1
1988,NEW MEXICO,NM,35,85,66.0,write-in-blank,,Write-in/blank,OTHER,93,521387,0.00017837038514577464,True,1
1988,NEVADA,NV,32,88,65.0,george-h-w-bush,"BUSH, GEORGE H.W.",George H. W. Bush,REPUBLICAN,206040,343133,0.6004668743606706,False,1
1988,NEVADA,NV,32,88,65.0,michael-dukakis,"DUKAKIS, MICHAEL",Michael Dukakis,DEMOCRAT,132738,343133,0.38684125397440644,False,1
1988,NEVADA,NV,32,88,65.0,ronald-ron-paul,"PAUL, RONALD ""RON""","Ronald ""Ron"" Paul",LIBERTARIAN,3520,343133,0.010258412918605905,False,1
1988,NEVADA,NV,32,88,65.0,lenora-fulani,"FULANI, LENORA",Lenora Fulani,OTHER,835,343133,0.002433458746317026,False,1
1988,NEW YORK,NY,36,21,13.0,michael-dukakis,"DUKAKIS, MICHAEL",Michael Dukakis,DEMOCRAT,3255487,6485683,0.5019497561012464,False,1
1988,NEW YORK,NY,36,21,13.0,george-h-w-bush,"BUSH, GEORGE H.W.",George H. W. Bush,REPUBLICAN,2838414,6485683,0.4376430362075976,False,1
1988,NEW YORK,NY,36,21,13.0,george-h-w-bush,"BUSH, GEORGE H.W.",George H. W. Bush,OTHER,243457,6485683,0.03753760398095313,False,1
1988,NEW YORK,NY,36,21,13.0,michael-dukakis,"DUKAKIS, MICHAEL",Michael Dukakis,OTHER,92395,6485683,0.014245993829794025,False,1
1988,NEW YORK,NY,36,21,13.0,william-a-marra,"MARRA, WILLIAM A.",William A. Marra,OTHER,20497,6485683,0.0031603456413148777,False,1
1988,NEW YORK,NY,36,21,13.0,lenora-fulani,"FULANI, LENORA",Lenora Fulani,OTHER,15845,6485683,0.0024430734588785793,False,1
1988,NEW YORK,NY,36,21,13.0,ronald-ron-paul,"PAUL, RONALD ""RON""","Ronald ""Ron"" Paul",LIBERTARIAN,12109,6485683,0.0018670354379022225,False,1
1988,NEW YORK,NY,36,21,13.0,larry-holmes,"HOLMES, LARRY",Larry Holmes,OTHER,4179,6485683,0.0006443423152195382,False,1
1988,NEW YORK,NY,36,21,13.0,james-mac-warren,"WARREN, JAMES ""MAC""","James ""Mac"" Warren",OTHER,3287,6485683,0.0005068086121384595,False,1
1988,NEW YORK,NY,36,21,13.0,write-in-blank,,Write-in/blank,OTHER,13,6485683,2.004414955217515e-06,False,1
1988,OHIO,OH,39,31,24.0,george-h-w-bush,"BUSH, GEORGE H.W.",George H. W. Bush,REPUBLICAN,2416549,4393585,0.5500175824525985,False,1
1988,OHIO,OH,39,31,24.0,michael-dukakis,"DUKAKIS, MICHAEL",Michael Dukakis,DEMOCRAT,1939629,4393585,0.4414684136075665,False,1
1988,OHIO,OH,39,31,24.0,lenora-fulani,"FULANI, LENORA",Lenora Fulani,OTHER,12017,4393585,0.002735124050177702,False,1
1988,OHIO,OH,39,31,24.0,ronald-ron-paul,"PAUL, RONALD ""RON""","Ronald ""Ron"" Paul",LIBERTARIAN,11926,4393585,0.002714412034818946,False,1
1988,OHIO,OH,39,31,24.0,write-in-blank,,Write-in/blank,OTHER,8063,4393585,0.0018351756026115348,True,2
1988,OHIO,OH,39,31,24.0,edward-winn,"WINN, EDWARD",Edward Winn,OTHER,5401,4393585,0.0012292922522268261,False,1
1988,OKLAHOMA,OK,40,73,53.0,george-h-w-bush,"BUSH, GEORGE H.W.",George H. W. Bush,REPUBLICAN,678367,1171036,0.5792879125833877,False,1
1988,OKLAHOMA,OK,40,73,53.0,michael-dukakis,"DUKAKIS, MICHAEL",Michael Dukakis,DEMOCRAT,483423,1171036,0.41281651460757823,False,1
1988,OKLAHOMA,OK,40,73,53.0,ronald-ron-paul,"PAUL, RONALD ""RON""","Ronald ""Ron"" Paul",LIBERTARIAN,6261,1171036,0.005346547843106446,False,1
1988,OKLAHOMA,OK,40,73,53.0,lenora-fulani,"FULANI, LENORA",Lenora Fulani,OTHER,2985,1171036,0.002549024965927606,False,1
1988,OREGON,OR,41,92,72.0,michael-dukakis,"DUKAKIS, MICHAEL",Michael Dukakis,DEMOCRAT,616206,1201694,0.5127811239799815,False,1
1988,OREGON,OR,41,92,72.0,george-h-w-bush,"BUSH, GEORGE H.W.",George H. W. Bush,REPUBLICAN,560126,1201694,0.4661136695365043,False,1
1988,OREGON,OR,41,92,72.0,ronald-ron-paul,"PAUL, RONALD ""RON""","Ronald ""Ron"" Paul",LIBERTARIAN,14811,1201694,0.012325101065662307,False,1
1988,OREGON,OR,41,92,72.0,lenora-fulani,"FULANI, LENORA",Lenora Fulani,OTHER,6487,1201694,0.005398212856184686,False,1
1988,OREGON,OR,41,92,72.0,write-in-blank,,Write-in/blank,OTHER,4064,1201694,0.003381892561667113,False,1
1988,PENNSYLVANIA,PA,42,23,14.0,george-h-w-bush,"BUSH, GEORGE H.W.",George H. W. Bush,REPUBLICAN,2300087,4536251,0.5070457961872039,False,1
1988,PENNSYLVANIA,PA,42,23,14.0,michael-dukakis,"DUKAKIS, MICHAEL",Michael Dukakis,DEMOCRAT,2194944,4536251,0.48386740504438575,False,1
1988,PENNSYLVANIA,PA,42,23,14.0,eugene-mccarthy,"MCCARTHY, EUGENE ""GENE""",Eugene McCarthy,OTHER,19158,4536251,0.004223311276205836,False,1
1988,PENNSYLVANIA,PA,42,23,14.0,ronald-ron-paul,"PAUL, RONALD ""RON""","Ronald ""Ron"" Paul",LIBERTARIAN,12051,4536251,0.0026565990285810906,False,1
1988,PENNSYLVANIA,PA,42,23,14.0,lenora-fulani,"FULANI, LENORA",Lenora Fulani,OTHER,4379,4536251,0.0009653345901714874,False,1
1988,PENNSYLVANIA,PA,42,23,14.0,david-duke,"DUKE, DAVID",David Duke,OTHER,3444,4536251,0.0007592172478992013,False,1
1988,PENNSYLVANIA,PA,42,23,14.0,edward-winn,"WINN, EDWARD",Edward Winn,OTHER,2188,4536251,0.00048233662555268657,False,1
1988,RHODE ISLAND,RI,44,15,5.0,michael-dukakis,"DUKAKIS, MICHAEL",Michael Dukakis,DEMOCRAT,225123,404622,0.5563785459021012,False,1
1988,RHODE ISLAND,RI,44,15,5.0,george-h-w-bush,"BUSH, GEORGE H.W.",George H. W. Bush,REPUBLICAN,177761,404622,0.43932608706397575,False,1
1988,RHODE ISLAND,RI,44,15,5.0,ronald-ron-paul,"PAUL, RONALD ""RON""","Ronald ""Ron"" Paul",LIBERTARIAN,825,404622,0.002038940047748269,False,1
1988,RHODE ISLAND,RI,44,15,5.0,lenora-fulani,"FULANI, LENORA",Lenora Fulani,OTHER,280,404622,0.0006920038949933518,False,1
1988,RHODE ISLAND,RI,44,15,5.0,lewin-herberg-g,"HERBERG G., LEWIN",Lewin Herberg G.,OTHER,195,404622,0.00048193128401322717,False,1
1988,RHODE ISLAND,RI,44,15,5.0,david-duke,"DUKE, DAVID",David Duke,OTHER,159,404622,0.0003929593546569391,False,1
1988,RHODE ISLAND,RI,44,15,5.0,james-mac-warren,"WARREN, JAMES ""MAC""","James ""Mac"" Warren",OTHER,130,404622,0.0003212875226754848,False,1
1988,RHODE ISLAND,RI,44,15,5.0,willa-kenoyer,"KENOYER, WILLA",Willa Kenoyer,OTHER,96,404622,0.00023725847828343492,False,1
1988,RHODE ISLAND,RI,44,15,5.0,write-in-blank,,Write-in/blank,OTHER,53,404622,0.00013098645155231302,True,1
1988,SOUTH CAROLINA,SC,45,57,48.0,george-h-w-bush,"BUSH, GEORGE H.W.",George H. W. Bush,REPUBLICAN,606443,986009,0.6150481385058352,False,1
1988,SOUTH CAROLINA,SC,45,57,48.0,michael-dukakis,"DUKAKIS, MICHAEL",Michael Dukakis,DEMOCRAT,370554,986009,0.37581198548897626,False,1
1988,SOUTH CAROLINA,SC,45,57,48.0,ronald-ron-paul,"PAUL, RONALD ""RON""","Ronald ""Ron"" Paul",LIBERTARIAN,4935,986009,0.005005025309099613,False,1
1988,SOUTH CAROLINA,SC,45,57,48.0,lenora-fulani,"FULANI, LENORA",Lenora Fulani,OTHER,4077,986009,0.0041348506960889805,False,1
1988,SOUTH DAKOTA,SD,46,45,37.0,george-h-w-bush,"BUSH, GEORGE H.W.",George H. W. Bush,REPUBLICAN,165415,312991,0.5284976245323348,False,1
1988,SOUTH DAKOTA,SD,46,45,37.0,michael-dukakis,"DUKAKIS, MICHAEL",Michael Dukakis,DEMOCRAT,145560,312991,0.4650612956922084,False,1
1988,SOUTH DAKOTA,SD,46,45,37.0,write-in-blank,,Write-in/blank,OTHER,2016,312991,0.006441079775456803,False,1
1988,TENNESSEE,TN,47,62,54.0,george-h-w-bush,"BUSH, GEORGE H.W.",George H. W. Bush,REPUBLICAN,947233,1636250,0.5789048128342246,False,1
1988,TENNESSEE,TN,47,62,54.0,michael-dukakis,"DUKAKIS, MICHAEL",Michael Dukakis,DEMOCRAT,679794,1636250,0.4154585179526356,False,1
1988,TENNESSEE,TN,47,62,54.0,write-in-blank,,Write-in/blank,OTHER,9223,1636250,0.005636669213139801,True,2
1988,TEXAS,TX,48,74,49.0,george-h-w-bush,"BUSH, GEORGE H.W.",George H. W. Bush,REPUBLICAN,3036829,5427410,0.559535579585843,False,1
1988,TEXAS,TX,48,74,49.0,michael-dukakis,"DUKAKIS, MICHAEL",Michael Dukakis,DEMOCRAT,2352748,5427410,0.433493692203095,False,1
1988,TEXAS,TX,48,74,49.0,ronald-ron-paul,"PAUL, RONALD ""RON""","Ronald ""Ron"" Paul",LIBERTARIAN,30355,5427410,0.005592907114074669,False,1
1988,TEXAS,TX,48,74,49.0,lenora-fulani,"FULANI, LENORA",Lenora Fulani,OTHER,7208,5427410,0.0013280736115384687,False,1
1988,TEXAS,TX,48,74,49.0,write-in-blank,,Write-in/blank,OTHER,270,5427410,4.974748544886051e-05,True,1
1988,UTAH,UT,49,87,67.0,george-h-w-bush,"BUSH, GEORGE H.W.",George H. W. Bush,REPUBLICAN,428442,647008,0.6621896483505614,False,1
1988,UTAH,UT,49,87,67.0,michael-dukakis,"DUKAKIS, MICHAEL",Michael Dukakis,DEMOCRAT,207343,647008,0.320464352836441,False,1
1988,UTAH,UT,49,87,67.0,ronald-ron-paul,"PAUL, RONALD ""RON""","Ronald ""Ron"" Paul",LIBERTARIAN,7473,647008,0.011550089025174341,False,1
1988,UTAH,UT,49,87,67.0,delmar-dennis,"DENNIS, DELMAR",Delmar Dennis,OTHER,2158,647008,0.0033353528858994013,False,1
1988,UTAH,UT,49,87,67.0,lenora-fulani,"FULANI, LENORA",Lenora Fulani,OTHER,455,647008,0.000703237054255898,False,1
1988,UTAH,UT,49,87,67.0,lyndon-larouche-jr,"LAROUCHE, LYNDON, JR.",Lyndon Larouche Jr.,OTHER,427,647008,0.0006599609278401503,False,1
1988,UTAH,UT,49,87,67.0,louie-g-youngkeit,"YOUNGKEIT, LOUIE G.",Louie G. Youngkeit,OTHER,372,647008,0.0005749542509520748,False,1
1988,UTAH,UT,49,87,67.0,james-mac-warren,"WARREN, JAMES ""MAC""","James ""Mac"" Warren",OTHER,209,647008,0.0003230253721746872,False,1
1988,UTAH,UT,49,87,67.0,willa-kenoyer,"KENOYER, WILLA",Willa Kenoyer,OTHER,129,647008,0.0001993792967011227,False,1
1988,VIRGINIA,VA,51,54,40.0,george-h-w-bush,"BUSH, GEORGE H.W.",George H. W. Bush,REPUBLICAN,1309162,2191609,0.5973519911626572,False,1
1988,VIRGINIA,VA,51,54,40.0,michael-dukakis,"DUKAKIS, MICHAEL",Michael Dukakis,DEMOCRAT,859799,2191609,0.3923140487194568,False,1
1988,VIRGINIA,VA,51,54,40.0,lenora-fulani,"FULANI, LENORA",Lenora Fulani,OTHER,14312,2191609,0.0065303619395613,False,1
1988,VIRGINIA,VA,51,54,40.0,ronald-ron-paul,"PAUL, RONALD ""RON""","Ronald ""Ron"" Paul",LIBERTARIAN,8336,2191609,0.003803598178324692,False,1
1988,VERMONT,VT,50,13,6.0,george-h-w-bush,"BUSH, GEORGE H.W.",George H. W. Bush,REPUBLICAN,124331,243328,0.510960514203051,False,1
1988,VERMONT,VT,50,13,6.0,michael-dukakis,"DUKAKIS, MICHAEL",Michael Dukakis,DEMOCRAT,115775,243328,0.47579809968437664,False,1
1988,VERMONT,VT,50,13,6.0,scattering,SCATTERING,Scattering,OTHER,1134,243328,0.004660376117832719,False,1
1988,VERMONT,VT,50,13,6.0,ronald-ron-paul,"PAUL, RONALD ""RON""","Ronald ""Ron"" Paul",LIBERTARIAN,1000,243328,0.004109679116254603,False,1
1988,VERMONT,VT,50,13,6.0,lyndon-larouche-jr,"LAROUCHE, LYNDON, JR.",Lyndon Larouche Jr.,OTHER,275,243328,0.0011301617569700157,False,1
1988,VERMONT,VT,50,13,6.0,lenora-fulani,"FULANI, LENORA",Lenora Fulani,OTHER,205,243328,0.0008424842188321936,False,1
1988,VERMONT,VT,50,13,6.0,david-duke,"DUKE, DAVID",David Duke,OTHER,189,243328,0.0007767293529721199,False,1
1988,VERMONT,VT,50,13,6.0,lewin-herberg-g,"HERBERG G., LEWIN",Lewin Herberg G.,OTHER,164,243328,0.0006739873750657548,False,1
1988,VERMONT,VT,50,13,6.0,willa-kenoyer,"KENOYER, WILLA",Willa Kenoyer,OTHER,142,243328,0.0005835744345081536,False,1
1988,VERMONT,VT,50,13,6.0,james-mac-warren,"WARREN, JAMES ""MAC""","James ""Mac"" Warren",OTHER,113,243328,0.00046439374013677013,False,1
1988,WASHINGTON,WA,53,91,73.0,michael-dukakis,"DUKAKIS, MICHAEL",Michael Dukakis,DEMOCRAT,933516,1865253,0.5004768790078343,False,1
1988,WASHINGTON,WA,53,91,73.0,george-h-w-bush,"BUSH, GEORGE H.W.",George H. W. Bush,REPUBLICAN,903835,1865253,0.48456429235068915,False,1
1988,WASHINGTON,WA,53,91,73.0,ronald-ron-paul,"PAUL, RONALD ""RON""","Ronald ""Ron"" Paul",LIBERTARIAN,17240,1865253,0.009242713991077886,False,1
1988,WASHINGTON,WA,53,91,73.0,lyndon-larouche-jr,"LAROUCHE, LYNDON, JR.",Lyndon Larouche Jr.,OTHER,4412,1865253,0.0023653627684823452,False,1
1988,WASHINGTON,WA,53,91,73.0,lenora-fulani,"FULANI, LENORA",Lenora Fulani,OTHER,3520,1865253,0.0018871434598952527,False,1
1988,WASHINGTON,WA,53,91,73.0,larry-holmes,"HOLMES, LARRY",Larry Holmes,OTHER,1440,1865253,0.0007720132335935125,False,1
1988,WASHINGTON,WA,53,91,73.0,james-mac-warren,"WARREN, JAMES ""MAC""","James ""Mac"" Warren",OTHER,1290,1865253,0.0006915951884275217,False,1
1988,WISCONSIN,WI,55,35,25.0,michael-dukakis,"DUKAKIS, MICHAEL",Michael Dukakis,DEMOCRAT,1126794,2191608,0.5141403024628491,False,1
1988,WISCONSIN,WI,55,35,25.0,george-h-w-bush,"BUSH, GEORGE H.W.",George H. W. Bush,REPUBLICAN,1047499,2191608,0.47795910582549433,False,1
1988,WISCONSIN,WI,55,35,25.0,write-in-blank,,Write-in/blank,OTHER,15042,2191608,0.00686345368332293,False,1
1988,WISCONSIN,WI,55,35,25.0,scattering,SCATTERING,Scattering,OTHER,2273,2191608,0.001037138028333534,False,1
1988,WEST VIRGINIA,WV,54,55,56.0,michael-dukakis,"DUKAKIS, MICHAEL",Michael Dukakis,DEMOCRAT,341016,653311,0.5219811085378939,False,1
1988,WEST VIRGINIA,WV,54,55,56.0,george-h-w-bush,"BUSH, GEORGE H.W.",George H. W. Bush,REPUBLICAN,310065,653311,0.47460550947404834,False,1
1988,WEST VIRGINIA,WV,54,55,56.0,lenora-fulani,"FULANI, LENORA",Lenora Fulani,OTHER,2230,653311,0.003413381988057755,False,1
1988,WYOMING,WY,56,83,68.0,george-h-w-bush,"BUSH, GEORGE H.W.",George H. W. Bush,REPUBLICAN,106867,176551,0.6053038498790718,False,1
1988,WYOMING,WY,56,83,68.0,michael-dukakis,"DUKAKIS, MICHAEL",Michael Dukakis,DEMOCRAT,67113,176551,0.3801337857049804,False,1
1988,WYOMING,WY,56,83,68.0,ronald-ron-paul,"PAUL, RONALD ""RON""","Ronald ""Ron"" Paul",LIBERTARIAN,2026,176551,0.011475437692224909,False,1
1988,WYOMING,WY,56,83,68.0,lenora-fulani,"FULANI, LENORA",Lenora Fulani,OTHER,545,176551,0.0030869267237228905,False,1
1992,ALASKA,AK,2,94,81.0,george-h-w-bush,"BUSH, GEORGE H.W.",George H. W. Bush,REPUBLICAN,102000,258506,0.3945749808515083,False,1
1992,ALASKA,AK,2,94,81.0,bill-clinton,"CLINTON, BILL",Bill Clinton,DEMOCRAT,78294,258506,0.3028711132430195,False,1
1992,ALASKA,AK,2,94,81.0,ross-perot,"PEROT, ROSS",Ross Perot,OTHER,73481,258506,0.2842525898818596,False,1
1992,ALASKA,AK,2,94,81.0,james-bo-gritz,"GRITZ, JAMES ""BO""","James ""Bo"" Gritz",OTHER,1379,258506,0.005334499005825784,False,1
1992,ALASKA,AK,2,94,81.0,andre-marrou,"MARROU, ANDRE",Andre Marrou,LIBERTARIAN,1378,258506,0.005330630623660573,False,1
1992,ALASKA,AK,2,94,81.0,lyndon-larouche-jr,"LAROUCHE, LYNDON, JR.",Lyndon Larouche Jr.,OTHER,469,258506,0.001814271235483896,False,1
1992,ALASKA,AK,2,94,81.0,john-hagelin,"HAGELIN, JOHN",John Hagelin,OTHER,433,258506,0.0016750094775363049,False,1
1992,ALASKA,AK,2,94,81.0,howard-phillips,"PHILLIPS, HOWARD",Howard Phillips,OTHER,377,258506,0.0014583800762844963,False,1
1992,ALASKA,AK,2,94,81.0,write-in-blank,,Write-in/blank,OTHER,365,258506,0.0014119594903019659,True,1
1992,ALASKA,AK,2,94,81.0,lenora-fulani,"FULANI, LENORA",Lenora Fulani,OTHER,330,258506,0.0012765661145195857,False,1
1992,ALABAMA,AL,1,63,41.0,george-h-w-bush,"BUSH, GEORGE H.W.",George H. W. Bush,REPUBLICAN,804283,1688060,0.4764540359939813,False,1
1992,ALABAMA,AL,1,63,41.0,bill-clinton,"CLINTON, BILL",Bill Clinton,DEMOCRAT,690080,1688060,0.4088006350485172,False,1
1992,ALABAMA,AL,1,63,41.0,ross-perot,"PEROT, ROSS",Ross Perot,OTHER,183109,1688060,0.10847304005781785,False,1
1992,ALABAMA,AL,1,63,41.0,andre-marrou,"MARROU, ANDRE",Andre Marrou,LIBERTARIAN,5737,1688060,0.0033985758800042652,False,1
1992,ALABAMA,AL,1,63,41.0,other,OTHER,Other,OTHER,4128,1688060,0.002445410708150184,False,1
1992,ALABAMA,AL,1,63,41.0,write-in-blank,,Write-in/blank,OTHER,723,1688060,0.00042830231152921104,True,1
1992,ARKANSAS,AR,5,71,42.0,bill-clinton,"CLINTON, BILL",Bill Clinton,DEMOCRAT,505823,950653,0.5320795284925204,False,1
1992,ARKANSAS,AR,5,71,42.0,george-h-w-bush,"BUSH, GEORGE H.W.",George H. W. Bush,REPUBLICAN,337324,950653,0.3548339930552999,False,1
1992,ARKANSAS,AR,5,71,42.0,ross-perot,"PEROT, ROSS",Ross Perot,OTHER,99132,950653,0.10427779641993451,False,1
1992,ARKANSAS,AR,5,71,42.0,other,OTHER,Other,OTHER,8374,950653,0.008808682032245205,False,1
1992,ARIZONA,AZ,4,86,61.0,george-h-w-bush,"BUSH, GEORGE H.W.",George H. W. Bush,REPUBLICAN,572086,1486975,0.38473141781132836,False,1
1992,ARIZONA,AZ,4,86,61.0,bill-clinton,"CLINTON, BILL",Bill Clinton,DEMOCRAT,543050,1486975,0.3652045259671481,False,1
1992,ARIZONA,AZ,4,86,61.0,ross-perot,"PEROT, ROSS",Ross Perot,OTHER,353741,1486975,0.23789303787891525,False,1
1992,ARIZONA,AZ,4,86,61.0,james-bo-gritz,"GRITZ, JAMES ""BO""","James ""Bo"" Gritz",OTHER,8141,1486975,0.005474873484759327,False,1
1992,ARIZONA,AZ,4,86,61.0,andre-marrou,"MARROU, ANDRE",Andre Marrou,LIBERTARIAN,6759,1486975,0.004545469829687789,False,1
1992,ARIZONA,AZ,4,86,61.0,john-hagelin,"HAGELIN, JOHN",John Hagelin,OTHER,2267,1486975,0.0015245716975739337,False,1
1992,ARIZONA,AZ,4,86,61.0,lenora-fulani,"FULANI, LENORA",Lenora Fulani,OTHER,923,1486975,0.0006207232804855495,False,1
1992,ARIZONA,AZ,4,86,61.0,write-in-blank,,Write-in/blank,OTHER,8,1486975,5.380050101716573e-06,True,1
1992,CALIFORNIA,CA,6,93,71.0,bill-clinton,"CLINTON, BILL",Bill Clinton,DEMOCRAT,5121325,11131721,0.46006587840280944,False,1
1992,CALIFORNIA,CA,6,93,71.0,george-h-w-bush,"BUSH, GEORGE H.W.",George H. W. Bush,REPUBLICAN,3630574,11131721,0.32614669375921296,False,1
1992,CALIFORNIA,CA,6,93,71.0,ross-perot,"PEROT, ROSS",Ross Perot,OTHER,2296006,11131721,0.20625795418336482,False,1
1992,CALIFORNIA,CA,6,93,71.0,andre-marrou,"MARROU, ANDRE",Andre Marrou,LIBERTARIAN,48139,11131721,0.004324488549434539,False,1
1992,CALIFORNIA,CA,6,93,71.0,ron-daniels,"DANIELS, RON",Ron Daniels,OTHER,18597,11131721,0.0016706311629621333,False,1
1992,CALIFORNIA,CA,6,93,71.0,howard-phillips,"PHILLIPS, HOWARD",Howard Phillips,OTHER,12711,11131721,0.0011418719531328535,False,1
1992,CALIFORNIA,CA,6,93,71.0,write-in-blank,,Write-in/blank,OTHER,4369,11131721,0.00039248198908326936,True,1
1992,COLORADO,CO,8,84,62.0,bill-clinton,"CLINTON, BILL",Bill Clinton,DEMOCRAT,629681,1569180,0.40128028651907366,False,1
1992,COLORADO,CO,8,84,62.0,george-h-w-bush,"BUSH, GEORGE H.W.",George H. W. Bush,REPUBLICAN,562850,1569180,0.35869052626212417,False,1
1992,COLORADO,CO,8,84,62.0,ross-perot,"PEROT, ROSS",Ross Perot,OTHER,366010,1569180,0.23324921296473317,False,1
1992,COLORADO,CO,8,84,62.0,andre-marrou,"MARROU, ANDRE",Andre Marrou,LIBERTARIAN,8669,1569180,0.005524541480263577,False,1
1992,COLORADO,CO,8,84,62.0,lenora-fulani,"FULANI, LENORA",Lenora Fulani,OTHER,1608,1569180,0.0010247390356746837,False,1
1992,COLORADO,CO,8,84,62.0,james-bo-gritz,"GRITZ, JAMES ""BO""","James ""Bo"" Gritz",OTHER,274,1569180,0.00017461349239730306,False,1
1992,COLORADO,CO,8,84,62.0,john-hagelin,"HAGELIN, JOHN",John Hagelin,OTHER,47,1569180,2.9951949425814756e-05,False,1
1992,COLORADO,CO,8,84,62.0,prohibition,PROHIBITION,Prohibition,OTHER,21,1569180,1.3382785913661913e-05,False,1
1992,COLORADO,CO,8,84,62.0,unaffiliated,UNAFFILIATED,Unaffiliated,OTHER,20,1569180,1.2745510393963727e-05,False,1
1992,CONNECTICUT,CT,9,16,1.0,bill-clinton,"CLINTON, BILL",Bill Clinton,DEMOCRAT,682318,1616156,0.42218572959541034,False,1
1992,CONNECTICUT,CT,9,16,1.0,george-h-w-bush,"BUSH, GEORGE H.W.",George H. W. Bush,REPUBLICAN,578313,1616156,0.35783241221763246,False,1
1992,CONNECTICUT,CT,9,16,1.0,ross-perot,"PEROT, ROSS",Ross Perot,OTHER,348771,1616156,0.21580280616475142,False,1
1992,CONNECTICUT,CT,9,16,1.0,andre-marrou,"MARROU, ANDRE",Andre Marrou,LIBERTARIAN,5391,1616156,0.0033356928415326243,False,1
1992,CONNECTICUT,CT,9,16,1.0,lenora-fulani,"FULANI, LENORA",Lenora Fulani,OTHER,1363,1616156,0.0008433591806731529,False,1
1992,DISTRICT OF COLUMBIA,DC,11,53,55.0,bill-clinton,"CLINTON, BILL",Bill Clinton,DEMOCRAT,192619,227572,0.8464090485648498,False,1
1992,DISTRICT OF COLUMBIA,DC,11,53,55.0,george-h-w-bush,"BUSH, GEORGE H.W.",George H. W. Bush,REPUBLICAN,20698,227572,0.09095143515019423,False,1
1992,DISTRICT OF COLUMBIA,DC,11,53,55.0,ross-perot,"PEROT, ROSS",Ross Perot,OTHER,9681,227572,0.042540382823897493,False,1
1992,DISTRICT OF COLUMBIA,DC,11,53,55.0,lenora-fulani,"FULANI, LENORA",Lenora Fulani,OTHER,1459,227572,0.006411157787425518,False,1
1992,DISTRICT OF COLUMBIA,DC,11,53,55.0,ronald-daniels,"DANIELS, RONALD",Ronald Daniels,OTHER,1446,227572,0.0063540330093333095,False,1
1992,DISTRICT OF COLUMBIA,DC,11,53,55.0,write-in-blank,,Write-in/blank,OTHER,676,227572,0.0029704884607948253,True,1
1992,DISTRICT OF COLUMBIA,DC,11,53,55.0,andre-marrou,"MARROU, ANDRE",Andre Marrou,LIBERTARIAN,467,227572,0.002052097797620094,False,1
1992,DISTRICT OF COLUMBIA,DC,11,53,55.0,other,OTHER,Other,OTHER,296,227572,0.0013006872550225862,False,2
1992,DISTRICT OF COLUMBIA,DC,11,53,55.0,john-hagelin,"HAGELIN, JOHN",John Hagelin,OTHER,230,227572,0.0010106691508621447,False,1
1992,DELAWARE,DE,10,51,11.0,bill-clinton,"CLINTON, BILL",Bill Clinton,DEMOCRAT,126054,289620,0.43523927905531384,False,1
1992,DELAWARE,DE,10,51,11.0,george-h-w-bush,"BUSH, GEORGE H.W.",George H. W. Bush,REPUBLICAN,102313,289620,0.35326634900904635,False,1
1992,DELAWARE,DE,10,51,11.0,ross-perot,"PEROT, ROSS",Ross Perot,OTHER,59213,289620,0.2044506594848422,False,1
1992,DELAWARE,DE,10,51,11.0,lenora-fulani,"FULANI, LENORA",Lenora Fulani,OTHER,1105,289620,0.003815344244182032,False,1
1992,DELAWARE,DE,10,51,11.0,andre-marrou,"MARROU, ANDRE",Andre Marrou,LIBERTARIAN,935,289620,0.003228368206615565,False,1
1992,FLORIDA,FL,12,59,43.0,george-h-w-bush,"BUSH, GEORGE H.W.",George H. W. Bush,REPUBLICAN,2173310,5313392,0.4090249693604387,False,1
1992,FLORIDA,FL,12,59,43.0,bill-clinton,"CLINTON, BILL",Bill Clinton,DEMOCRAT,2071698,5313392,0.3899012156452978,False,1
1992,FLORIDA,FL,12,59,43.0,ross-perot,"PEROT, ROSS",Ross Perot,OTHER,1053067,5313392,0.1981910990192329,False,1
1992,FLORIDA,FL,12,59,43.0,andre-marrou,"MARROU, ANDRE",Andre Marrou,LIBERTARIAN,15079,5313392,0.002837923495951362,False,1
1992,FLORIDA,FL,12,59,43.0,write-in-blank,,Write-in/blank,OTHER,238,5313392,4.4792479079277416e-05,True,1
1992,GEORGIA,GA,13,58,44.0,bill-clinton,"CLINTON, BILL",Bill Clinton,DEMOCRAT,1008966,2321133,0.4346868533599755,False,1
1992,GEORGIA,GA,13,58,44.0,george-h-w-bush,"BUSH, GEORGE H.W.",George H. W. Bush,REPUBLICAN,995252,2321133,0.4287785318635339,False,1
1992,GEORGIA,GA,13,58,44.0,ross-perot,"PEROT, ROSS",Ross Perot,OTHER,309657,2321133,0.13340769357033827,False,1
1992,GEORGIA,GA,13,58,44.0,andre-marrou,"MARROU, ANDRE",Andre Marrou,LIBERTARIAN,7110,2321133,0.0030631592416289805,False,1
1992,GEORGIA,GA,13,58,44.0,write-in-blank,,Write-in/blank,OTHER,148,2321133,6.376196452335993e-05,True,1
1992,HAWAII,HI,15,95,82.0,bill-clinton,"CLINTON, BILL",Bill Clinton,DEMOCRAT,179310,372842,0.48092757790163126,False,1
1992,HAWAII,HI,15,95,82.0,george-h-w-bush,"BUSH, GEORGE H.W.",George H. W. Bush,REPUBLICAN,136822,372842,0.3669704593366627,False,1
1992,HAWAII,HI,15,95,82.0,ross-perot,"PEROT, ROSS",Ross Perot,OTHER,53003,372842,0.14215941337081123,False,1
1992,HAWAII,HI,15,95,82.0,james-bo-gritz,"GRITZ, JAMES ""BO""","James ""Bo"" Gritz",OTHER,1452,372842,0.0038944110373831274,False,1
1992,HAWAII,HI,15,95,82.0,andre-marrou,"MARROU, ANDRE",Andre Marrou,LIBERTARIAN,1119,372842,0.003001271315999807,False,1
1992,HAWAII,HI,15,95,82.0,lenora-fulani,"FULANI, LENORA",Lenora Fulani,OTHER,720,372842,0.0019311129110990714,False,1
1992,HAWAII,HI,15,95,82.0,john-hagelin,"HAGELIN, JOHN",John Hagelin,OTHER,416,372842,0.001115754126412797,False,1
1992,IOWA,IA,19,42,31.0,bill-clinton,"CLINTON, BILL",Bill Clinton,DEMOCRAT,586353,1354607,0.43285838623305506,False,1
1992,IOWA,IA,19,42,31.0,george-h-w-bush,"BUSH, GEORGE H.W.",George H. W. Bush,REPUBLICAN,504891,1354607,0.37272138708865377,False,1
1992,IOWA,IA,19,42,31.0,ross-perot,"PEROT, ROSS",Ross Perot,OTHER,253468,1354607,0.18711552501943368,False,1
1992,IOWA,IA,19,42,31.0,john-hagelin,"HAGELIN, JOHN",John Hagelin,OTHER,3079,1354607,0.002272983972473197,False,1
1992,IOWA,IA,19,42,31.0,other,OTHER,Other,OTHER,1965,1354607,0.0014506052308898448,False,2
1992,IOWA,IA,19,42,31.0,james-bo-gritz,"GRITZ, JAMES ""BO""","James ""Bo"" Gritz",OTHER,1177,1354607,0.0008688866955508129,False,1
1992,IOWA,IA,19,42,31.0,andre-marrou,"MARROU, ANDRE",Andre Marrou,LIBERTARIAN,1076,1354607,0.0007943263249045664,False,1
1992,IOWA,IA,19,42,31.0,blank-vote-scattering,BLANK VOTE/SCATTERING,Blank Vote/Scattering,OTHER,741,1354607,0.0005470221252363231,False,1
1992,IOWA,IA,19,42,31.0,jack-herer,"HERER, JACK",Jack Herer,OTHER,669,1354607,0.0004938701778449395,False,1
1992,IOWA,IA,19,42,31.0,howard-phillips,"PHILLIPS, HOWARD",Howard Phillips,OTHER,480,1354607,0.0003543463159425575,False,1
1992,IOWA,IA,19,42,31.0,james-mac-warren,"WARREN, JAMES ""MAC""","James ""Mac"" Warren",OTHER,273,1354607,0.0002015344671923296,False,1
1992,IOWA,IA,19,42,31.0,lyndon-larouche-jr,"LAROUCHE, LYNDON, JR.",Lyndon Larouche Jr.,OTHER,238,1354607,0.00017569671498818477,False,1
1992,IOWA,IA,19,42,31.0,lenora-fulani,"FULANI, LENORA",Lenora Fulani,OTHER,197,1354607,0.000145429633834758,False,1
1992,IDAHO,ID,16,82,63.0,george-h-w-bush,"BUSH, GEORGE H.W.",George H. W. Bush,REPUBLICAN,202645,482114,0.4203258980241188,False,1
1992,IDAHO,ID,16,82,63.0,bill-clinton,"CLINTON, BILL",Bill Clinton,DEMOCRAT,137013,482114,0.2841921205358069,False,1
1992,IDAHO,ID,16,82,63.0,ross-perot,"PEROT, ROSS",Ross Perot,OTHER,130395,482114,0.27046507672459214,False,1
1992,IDAHO,ID,16,82,63.0,james-bo-gritz,"GRITZ, JAMES ""BO""","James ""Bo"" Gritz",OTHER,10894,482114,0.02259631539428434,False,1
1992,IDAHO,ID,16,82,63.0,andre-marrou,"MARROU, ANDRE",Andre Marrou,LIBERTARIAN,1167,482114,0.002420589321197891,False,1
1992,ILLINOIS,IL,17,33,21.0,bill-clinton,"CLINTON, BILL",Bill Clinton,DEMOCRAT,2453350,5050157,0.48579677819917283,False,1
1992,ILLINOIS,IL,17,33,21.0,george-h-w-bush,"BUSH, GEORGE H.W.",George H. W. Bush,REPUBLICAN,1734096,5050157,0.3433746713220995,False,1
1992,ILLINOIS,IL,17,33,21.0,ross-perot,"PEROT, ROSS",Ross Perot,OTHER,840515,5050157,0.16643343959405618,False,1
1992,ILLINOIS,IL,17,33,21.0,andre-marrou,"MARROU, ANDRE",Andre Marrou,LIBERTARIAN,9218,5050157,0.0018252897880204517,False,1
1992,ILLINOIS,IL,17,33,21.0,lenora-fulani,"FULANI, LENORA",Lenora Fulani,OTHER,5267,5050157,0.0010429378730205812,False,1
1992,ILLINOIS,IL,17,33,21.0,james-bo-gritz,"GRITZ, JAMES ""BO""","James ""Bo"" Gritz",OTHER,3577,5050157,0.0007082948114286348,False,1
1992,ILLINOIS,IL,17,33,21.0,john-hagelin,"HAGELIN, JOHN",John Hagelin,OTHER,2751,5050157,0.000544735539904997,False,1
1992,ILLINOIS,IL,17,33,21.0,james-mac-warren,"WARREN, JAMES ""MAC""","James ""Mac"" Warren",OTHER,1361,5050157,0.0002694965720867688,False,1
1992,ILLINOIS,IL,17,33,21.0,write-in-blank,,Write-in/blank,OTHER,22,5050157,4.356300210072677e-06,True,1
1992,INDIANA,IN,18,32,22.0,george-h-w-bush,"BUSH, GEORGE H.W.",George H. W. Bush,REPUBLICAN,989375,2305871,0.42906780127769506,False,1
1992,INDIANA,IN,18,32,22.0,bill-clinton,"CLINTON, BILL",Bill Clinton,DEMOCRAT,848420,2305871,0.3679390564346401,False,1
1992,INDIANA,IN,18,32,22.0,ross-perot,"PEROT, ROSS",Ross Perot,OTHER,455934,2305871,0.19772745309689918,False,1
1992,INDIANA,IN,18,32,22.0,andre-marrou,"MARROU, ANDRE",Andre Marrou,LIBERTARIAN,7936,2305871,0.003441649597917663,False,1
1992,INDIANA,IN,18,32,22.0,lenora-fulani,"FULANI, LENORA",Lenora Fulani,OTHER,2583,2305871,0.0011201840866206306,False,1
1992,INDIANA,IN,18,32,22.0,write-in-blank,,Write-in/blank,OTHER,1623,2305871,0.0007038555062273648,True,1
1992,KANSAS,KS,20,47,32.0,george-h-w-bush,"BUSH, GEORGE H.W.",George H. W. Bush,REPUBLICAN,449951,1157236,0.38881524598266903,False,1
1992,KANSAS,KS,20,47,32.0,bill-clinton,"CLINTON, BILL",Bill Clinton,DEMOCRAT,390434,1157236,0.3373849413602757,False,1
1992,KANSAS,KS,20,47,32.0,ross-perot,"PEROT, ROSS",Ross Perot,OTHER,312358,1157236,0.2699172856703386,False,1
1992,KANSAS,KS,20,47,32.0,andre-marrou,"MARROU, ANDRE",Andre Marrou,LIBERTARIAN,4314,1157236,0.003727848079389165,False,1
1992,KANSAS,KS,20,47,32.0,write-in-blank,,Write-in/blank,OTHER,179,1157236,0.00015467890732745956,True,1
1992,KENTUCKY,KY,21,61,51.0,bill-clinton,"CLINTON, BILL",Bill Clinton,DEMOCRAT,665104,1492900,0.4455114207247639,False,1
1992,KENTUCKY,KY,21,61,51.0,george-h-w-bush,"BUSH, GEORGE H.W.",George H. W. Bush,REPUBLICAN,617178,1492900,0.4134088016611963,False,1
1992,KENTUCKY,KY,21,61,51.0,ross-perot,"PEROT, ROSS",Ross Perot,OTHER,203944,1492900,0.1366092839440016,False,1
1992,KENTUCKY,KY,21,61,51.0,andre-marrou,"MARROU, ANDRE",Andre Marrou,LIBERTARIAN,4513,1492900,0.0030229754169736754,False,1
1992,KENTUCKY,KY,21,61,51.0,howard-phillips,"PHILLIPS, HOWARD",Howard Phillips,OTHER,989,1492900,0.0006624690200281332,False,1
1992,KENTUCKY,KY,21,61,51.0,john-hagelin,"HAGELIN, JOHN",John Hagelin,OTHER,695,1492900,0.0004655368745394869,False,1
1992,KENTUCKY,KY,21,61,51.0,lenora-fulani,"FULANI, LENORA",Lenora Fulani,OTHER,430,1492900,0.00028803000870788396,False,1
1992,KENTUCKY,KY,21,61,51.0,write-in-blank,,Write-in/blank,OTHER,47,1492900,3.148234978900127e-05,True,1
1992,LOUISIANA,LA,22,72,45.0,bill-clinton,"CLINTON, BILL",Bill Clinton,DEMOCRAT,815971,1790017,0.4558453914124838,False,1
1992,LOUISIANA,LA,22,72,45.0,george-h-w-bush,"BUSH, GEORGE H.W.",George H. W. Bush,REPUBLICAN,733386,1790017,0.40970895807134794,False,1
1992,LOUISIANA,LA,22,72,45.0,ross-perot,"PEROT, ROSS",Ross Perot,OTHER,211478,1790017,0.11814301204960623,False,1
1992,LOUISIANA,LA,22,72,45.0,james-bo-gritz,"GRITZ, JAMES ""BO""","James ""Bo"" Gritz",OTHER,18545,1790017,0.010360236802220315,False,1
1992,LOUISIANA,LA,22,72,45.0,andre-marrou,"MARROU, ANDRE",Andre Marrou,LIBERTARIAN,3155,1790017,0.0017625530930711832,False,1
1992,LOUISIANA,LA,22,72,45.0,other,OTHER,Other,OTHER,1663,1790017,0.0009290414560308645,False,1
1992,LOUISIANA,LA,22,72,45.0,howard-phillips,"PHILLIPS, HOWARD",Howard Phillips,OTHER,1552,1790017,0.0008670308717738435,False,1
1992,LOUISIANA,LA,22,72,45.0,lenora-fulani,"FULANI, LENORA",Lenora Fulani,OTHER,1434,1790017,0.0008011097101312445,False,1
1992,LOUISIANA,LA,22,72,45.0,lyndon-larouche-jr,"LAROUCHE, LYNDON, JR.",Lyndon Larouche Jr.,OTHER,1136,1790017,0.0006346308442880711,False,1
1992,LOUISIANA,LA,22,72,45.0,john-hagelin,"HAGELIN, JOHN",John Hagelin,OTHER,889,1790017,0.0004966433279683936,False,1
1992,LOUISIANA,LA,22,72,45.0,john-yiamouyiannis,"YIAMOUYIANNIS, JOHN",John Yiamouyiannis,OTHER,808,1790017,0.000451392361078135,False,1
1992,MASSACHUSETTS,MA,25,14,3.0,bill-clinton,"CLINTON, BILL",Bill Clinton,DEMOCRAT,1318639,2773664,0.47541410927927824,False,1
1992,MASSACHUSETTS,MA,25,14,3.0,george-h-w-bush,"BUSH, GEORGE H.W.",George H. W. Bush,REPUBLICAN,805039,2773664,0.2902438795758967,False,1
1992,MASSACHUSETTS,MA,25,14,3.0,ross-perot,"PEROT, ROSS",Ross Perot,OTHER,630731,2773664,0.22739993020062993,False,1
1992,MASSACHUSETTS,MA,25,14,3.0,andre-marrou,"MARROU, ANDRE",Andre Marrou,LIBERTARIAN,9021,2773664,0.0032523766397083423,False,1
1992,MASSACHUSETTS,MA,25,14,3.0,other,OTHER,Other,OTHER,4208,2773664,0.0015171268041118174,False,2
1992,MASSACHUSETTS,MA,25,14,3.0,lenora-fulani,"FULANI, LENORA",Lenora Fulani,OTHER,3172,2773664,0.001143613646065277,False,1
1992,MASSACHUSETTS,MA,25,14,3.0,john-hagelin,"HAGELIN, JOHN",John Hagelin,OTHER,1812,2773664,0.0006532874926451077,False,1
1992,MASSACHUSETTS,MA,25,14,3.0,lyndon-larouche-jr,"LAROUCHE, LYNDON, JR.",Lyndon Larouche Jr.,OTHER,1027,2773664,0.0003702683526194954,False,1
1992,MASSACHUSETTS,MA,25,14,3.0,j-quinn-brisben,"BRISBEN, J. QUINN",J. Quinn Brisben,OTHER,13,2773664,4.686941172398675e-06,False,1
1992,MASSACHUSETTS,MA,25,14,3.0,earl-dodge,"DODGE, EARL",Earl Dodge,OTHER,2,2773664,7.210678726767193e-07,False,1
1992,MARYLAND,MD,24,52,52.0,bill-clinton,"CLINTON, BILL",Bill Clinton,DEMOCRAT,988571,1984580,0.4981260518598394,False,1
1992,MARYLAND,MD,24,52,52.0,george-h-w-bush,"BUSH, GEORGE H.W.",George H. W. Bush,REPUBLICAN,707094,1984580,0.3562940269477673,False,1
1992,MARYLAND,MD,24,52,52.0,ross-perot,"PEROT, ROSS",Ross Perot,OTHER,281414,1984580,0.14180028016003385,False,1
1992,MARYLAND,MD,24,52,52.0,andre-marrou,"MARROU, ANDRE",Andre Marrou,LIBERTARIAN,4715,1984580,0.0023758175533362224,False,1
1992,MARYLAND,MD,24,52,52.0,lenora-fulani,"FULANI, LENORA",Lenora Fulani,OTHER,2786,1984580,0.0014038234790232694,False,1
1992,MAINE,ME,23,11,2.0,bill-clinton,"CLINTON, BILL",Bill Clinton,DEMOCRAT,263420,679499,0.3876679730212995,False,1
1992,MAINE,ME,23,11,2.0,ross-perot,"PEROT, ROSS",Ross Perot,OTHER,206820,679499,0.3043713088613817,False,1
1992,MAINE,ME,23,11,2.0,george-h-w-bush,"BUSH, GEORGE H.W.",George H. W. Bush,REPUBLICAN,206504,679499,0.30390626034769735,False,1
1992,MAINE,ME,23,11,2.0,andre-marrou,"MARROU, ANDRE",Andre Marrou,LIBERTARIAN,1681,679499,0.002473881492099326,False,1
1992,MAINE,ME,23,11,2.0,lenora-fulani,"FULANI, LENORA",Lenora Fulani,OTHER,519,679499,0.0007637980335511899,False,1
1992,MAINE,ME,23,11,2.0,howard-phillips,"PHILLIPS, HOWARD",Howard Phillips,OTHER,464,679499,0.000682856045409927,False,1
1992,MAINE,ME,23,11,2.0,other,OTHER,Other,OTHER,91,679499,0.0001339221985609986,False,1
1992,MICHIGAN,MI,26,34,23.0,bill-clinton,"CLINTON, BILL",Bill Clinton,DEMOCRAT,1871182,4274673,0.43773687484399393,False,1
1992,MICHIGAN,MI,26,34,23.0,george-h-w-bush,"BUSH, GEORGE H.W.",George H. W. Bush,REPUBLICAN,1554940,4274673,0.36375647915056897,False,1
1992,MICHIGAN,MI,26,34,23.0,ross-perot,"PEROT, ROSS",Ross Perot,OTHER,824813,4274673,0.1929534726983795,False,1
1992,MICHIGAN,MI,26,34,23.0,andre-marrou,"MARROU, ANDRE",Andre Marrou,LIBERTARIAN,10175,4274673,0.0023802990310603876,False,1
1992,MICHIGAN,MI,26,34,23.0,howard-phillips,"PHILLIPS, HOWARD",Howard Phillips,OTHER,8263,4274673,0.0019330133556414724,False,1
1992,MICHIGAN,MI,26,34,23.0,john-hagelin,"HAGELIN, JOHN",John Hagelin,OTHER,2954,4274673,0.0006910470110813154,False,1
1992,MICHIGAN,MI,26,34,23.0,helen-halyard,"HALYARD, HELEN",Helen Halyard,OTHER,1432,4274673,0.00033499638451876904,False,1
1992,MICHIGAN,MI,26,34,23.0,write-in-blank,,Write-in/blank,OTHER,914,4274673,0.00021381752475569475,True,1
1992,MINNESOTA,MN,27,41,33.0,bill-clinton,"CLINTON, BILL",Bill Clinton,DEMOCRAT,1020997,2347948,0.4348465127847806,False,1
1992,MINNESOTA,MN,27,41,33.0,george-h-w-bush,"BUSH, GEORGE H.W.",George H. W. Bush,REPUBLICAN,747841,2347948,0.3185083315303405,False,1
1992,MINNESOTA,MN,27,41,33.0,ross-perot,"PEROT, ROSS",Ross Perot,OTHER,562506,2347948,0.23957344881573187,False,1
1992,MINNESOTA,MN,27,41,33.0,andre-marrou,"MARROU, ANDRE",Andre Marrou,LIBERTARIAN,3374,2347948,0.001436999456546738,False,1
1992,MINNESOTA,MN,27,41,33.0,james-bo-gritz,"GRITZ, JAMES ""BO""","James ""Bo"" Gritz",OTHER,3363,2347948,0.0014323145146314996,False,1
1992,MINNESOTA,MN,27,41,33.0,jack-herer,"HERER, JACK",Jack Herer,OTHER,2659,2347948,0.0011324782320562465,False,1
1992,MINNESOTA,MN,27,41,33.0,write-in-blank,,Write-in/blank,OTHER,2499,2347948,0.0010643336223800526,True,1
1992,MINNESOTA,MN,27,41,33.0,john-hagelin,"HAGELIN, JOHN",John Hagelin,OTHER,1406,2347948,0.0005988207575295534,False,1
1992,MINNESOTA,MN,27,41,33.0,james-mac-warren,"WARREN, JAMES ""MAC""","James ""Mac"" Warren",OTHER,990,2347948,0.00042164477237144945,False,1
1992,MINNESOTA,MN,27,41,33.0,lenora-fulani,"FULANI, LENORA",Lenora Fulani,OTHER,958,2347948,0.00040801585043621067,False,1
1992,MINNESOTA,MN,27,41,33.0,howard-phillips,"PHILLIPS, HOWARD",Howard Phillips,OTHER,733,2347948,0.0003121874930790631,False,1
1992,MINNESOTA,MN,27,41,33.0,lyndon-larouche-jr,"LAROUCHE, LYNDON, JR.",Lyndon Larouche Jr.,OTHER,622,2347948,0.0002649121701162036,False,1
1992,MISSOURI,MO,29,43,34.0,bill-clinton,"CLINTON, BILL",Bill Clinton,DEMOCRAT,1053873,2391270,0.4407168575694087,False,1
1992,MISSOURI,MO,29,43,34.0,george-h-w-bush,"BUSH, GEORGE H.W.",George H. W. Bush,REPUBLICAN,811159,2391270,0.3392168178415654,False,1
1992,MISSOURI,MO,29,43,34.0,ross-perot,"PEROT, ROSS",Ross Perot,OTHER,518741,2391270,0.21693117046590304,False,1
1992,MISSOURI,MO,29,43,34.0,andre-marrou,"MARROU, ANDRE",Andre Marrou,LIBERTARIAN,7497,2391270,0.0031351541231228594,False,1
1992,MISSISSIPPI,MS,28,64,46.0,george-h-w-bush,"BUSH, GEORGE H.W.",George H. W. Bush,REPUBLICAN,487793,981793,0.4968389467026145,False,1
1992,MISSISSIPPI,MS,28,64,46.0,bill-clinton,"CLINTON, BILL",Bill Clinton,DEMOCRAT,400258,981793,0.40768064143867394,False,1
1992,MISSISSIPPI,MS,28,64,46.0,ross-perot,"PEROT, ROSS",Ross Perot,OTHER,85626,981793,0.08721390354178528,False,1
1992,MISSISSIPPI,MS,28,64,46.0,other,OTHER,Other,OTHER,4310,981793,0.004389927408323343,False,1
1992,MISSISSIPPI,MS,28,64,46.0,andre-marrou,"MARROU, ANDRE",Andre Marrou,LIBERTARIAN,2154,981793,0.002193945159519369,False,1
1992,MISSISSIPPI,MS,28,64,46.0,howard-phillips,"PHILLIPS, HOWARD",Howard Phillips,OTHER,1652,981793,0.0016826357490835645,False,1
1992,MONTANA,MT,30,81,64.0,bill-clinton,"CLINTON, BILL",Bill Clinton,DEMOCRAT,154507,410583,0.3763112452293446,False,1
1992,MONTANA,MT,30,81,64.0,george-h-w-bush,"BUSH, GEORGE H.W.",George H. W. Bush,REPUBLICAN,144207,410583,0.3512249654759208,False,1
1992,MONTANA,MT,30,81,64.0,ross-perot,"PEROT, ROSS",Ross Perot,OTHER,107225,410583,0.2611530433554239,False,1
1992,MONTANA,MT,30,81,64.0,other,OTHER,Other,OTHER,3658,410583,0.00890928265417711,False,1
1992,MONTANA,MT,30,81,64.0,andre-marrou,"MARROU, ANDRE",Andre Marrou,LIBERTARIAN,986,410583,0.002401463285133578,False,1
1992,NORTH CAROLINA,NC,37,56,47.0,george-h-w-bush,"BUSH, GEORGE H.W.",George H. W. Bush,REPUBLICAN,1134661,2611850,0.43442808737102057,False,1
1992,NORTH CAROLINA,NC,37,56,47.0,bill-clinton,"CLINTON, BILL",Bill Clinton,DEMOCRAT,1114042,2611850,0.42653368302161304,False,1
1992,NORTH CAROLINA,NC,37,56,47.0,ross-perot,"PEROT, ROSS",Ross Perot,OTHER,357864,2611850,0.1370155253938779,False,1
1992,NORTH CAROLINA,NC,37,56,47.0,andre-marrou,"MARROU, ANDRE",Andre Marrou,LIBERTARIAN,5171,2611850,0.0019798227310144152,False,1
1992,NORTH CAROLINA,NC,37,56,47.0,lenora-fulani,"FULANI, LENORA",Lenora Fulani,OTHER,59,2611850,2.258935237475353e-05,False,1
1992,NORTH CAROLINA,NC,37,56,47.0,john-hagelin,"HAGELIN, JOHN",John Hagelin,OTHER,41,2611850,1.5697685548557537e-05,False,1
1992,NORTH CAROLINA,NC,37,56,47.0,james-mac-warren,"WARREN, JAMES ""MAC""","James ""Mac"" Warren",OTHER,12,2611850,4.594444550797328e-06,False,1
1992,NORTH DAKOTA,ND,38,44,36.0,george-h-w-bush,"BUSH, GEORGE H.W.",George H. W. Bush,REPUBLICAN,136244,308133,0.442159716745691,False,1
1992,NORTH DAKOTA,ND,38,44,36.0,bill-clinton,"CLINTON, BILL",Bill Clinton,DEMOCRAT,99168,308133,0.32183505174713517,False,1
1992,NORTH DAKOTA,ND,38,44,36.0,ross-perot,"PEROT, ROSS",Ross Perot,OTHER,71084,308133,0.2306925905372031,False,1
1992,NORTH DAKOTA,ND,38,44,36.0,other,OTHER,Other,OTHER,1637,308133,0.0053126409699707595,False,1
1992,NEBRASKA,NE,31,46,35.0,george-h-w-bush,"BUSH, GEORGE H.W.",George H. W. Bush,REPUBLICAN,343678,737546,0.4659750035929962,False,1
1992,NEBRASKA,NE,31,46,35.0,bill-clinton,"CLINTON, BILL",Bill Clinton,DEMOCRAT,216864,737546,0.29403454157435605,False,1
1992,NEBRASKA,NE,31,46,35.0,ross-perot,"PEROT, ROSS",Ross Perot,OTHER,174104,737546,0.23605849669037593,False,1
1992,NEBRASKA,NE,31,46,35.0,other,OTHER,Other,OTHER,1560,737546,0.0021151223110151772,False,1
1992,NEBRASKA,NE,31,46,35.0,andre-marrou,"MARROU, ANDRE",Andre Marrou,LIBERTARIAN,1340,737546,0.0018168358312566266,False,1
1992,NEW HAMPSHIRE,NH,33,12,4.0,bill-clinton,"CLINTON, BILL",Bill Clinton,DEMOCRAT,209040,537215,0.38911795091350765,False,1
1992,NEW HAMPSHIRE,NH,33,12,4.0,george-h-w-bush,"BUSH, GEORGE H.W.",George H. W. Bush,REPUBLICAN,202484,537215,0.37691427082266876,False,1
1992,NEW HAMPSHIRE,NH,33,12,4.0,ross-perot,"PEROT, ROSS",Ross Perot,OTHER,121337,537215,0.22586301573857767,False,1
1992,NEW HAMPSHIRE,NH,33,12,4.0,andre-marrou,"MARROU, ANDRE",Andre Marrou,LIBERTARIAN,3548,537215,0.006604432117494858,False,1
1992,NEW HAMPSHIRE,NH,33,12,4.0,lenora-fulani,"FULANI, LENORA",Lenora Fulani,OTHER,512,537215,0.0009530634848245116,False,1
1992,NEW HAMPSHIRE,NH,33,12,4.0,john-hagelin,"HAGELIN, JOHN",John Hagelin,OTHER,294,537215,0.000547266922926575,False,1
1992,NEW JERSEY,NJ,34,22,12.0,bill-clinton,"CLINTON, BILL",Bill Clinton,DEMOCRAT,1436206,3343594,0.42953959123027496,False,1
1992,NEW JERSEY,NJ,34,22,12.0,george-h-w-bush,"BUSH, GEORGE H.W.",George H. W. Bush,REPUBLICAN,1356865,3343594,0.40581033462794824,False,1
1992,NEW JERSEY,NJ,34,22,12.0,ross-perot,"PEROT, ROSS",Ross Perot,OTHER,521829,3343594,0.1560682905879123,False,1
1992,NEW JERSEY,NJ,34,22,12.0,andre-marrou,"MARROU, ANDRE",Andre Marrou,LIBERTARIAN,6822,3343594,0.0020403194885503444,False,1
1992,NEW JERSEY,NJ,34,22,12.0,drew-bradford,"BRADFORD, DREW",Drew Bradford,OTHER,4749,3343594,0.0014203279465150374,False,1
1992,NEW JERSEY,NJ,34,22,12.0,lenora-fulani,"FULANI, LENORA",Lenora Fulani,OTHER,3513,3343594,0.0010506658404100498,False,1
1992,NEW JERSEY,NJ,34,22,12.0,howard-phillips,"PHILLIPS, HOWARD",Howard Phillips,OTHER,2670,3343594,0.0007985419282365024,False,1
1992,NEW JERSEY,NJ,34,22,12.0,lyndon-larouche-jr,"LAROUCHE, LYNDON, JR.",Lyndon Larouche Jr.,OTHER,2095,3343594,0.0006265712882604766,False,1
1992,NEW JERSEY,NJ,34,22,12.0,james-mac-warren,"WARREN, JAMES ""MAC""","James ""Mac"" Warren",OTHER,2011,3343594,0.0006014486208552833,False,1
1992,NEW JERSEY,NJ,34,22,12.0,ron-daniels,"DANIELS, RON",Ron Daniels,OTHER,1996,3343594,0.000596962430247213,False,1
1992,NEW JERSEY,NJ,34,22,12.0,james-bo-gritz,"GRITZ, JAMES ""BO""","James ""Bo"" Gritz",OTHER,1867,3343594,0.0005583811910178089,False,1
1992,NEW JERSEY,NJ,34,22,12.0,helen-haylard,"HAYLARD, HELEN",Helen Haylard,OTHER,1618,3343594,0.000483910426923843,False,1
1992,NEW JERSEY,NJ,34,22,12.0,john-hagelin,"HAGELIN, JOHN",John Hagelin,OTHER,1353,3343594,0.0004046543928479355,False,1
1992,NEW MEXICO,NM,35,85,66.0,bill-clinton,"CLINTON, BILL",Bill Clinton,DEMOCRAT,261617,569986,0.45898846638338486,False,1
1992,NEW MEXICO,NM,35,85,66.0,george-h-w-bush,"BUSH, GEORGE H.W.",George H. W. Bush,REPUBLICAN,212824,569986,0.37338460944654783,False,1
1992,NEW MEXICO,NM,35,85,66.0,ross-perot,"PEROT, ROSS",Ross Perot,OTHER,91895,569986,0.1612232581151116,False,1
1992,NEW MEXICO,NM,35,85,66.0,andre-marrou,"MARROU, ANDRE",Andre Marrou,LIBERTARIAN,1615,569986,0.002833402925685894,False,1
1992,NEW MEXICO,NM,35,85,66.0,howard-phillips,"PHILLIPS, HOWARD",Howard Phillips,OTHER,620,569986,0.001087746014814399,False,1
1992,NEW MEXICO,NM,35,85,66.0,john-hagelin,"HAGELIN, JOHN",John Hagelin,OTHER,562,569986,0.000985989129557568,False,1
1992,NEW MEXICO,NM,35,85,66.0,lenora-fulani,"FULANI, LENORA",Lenora Fulani,OTHER,369,569986,0.0006473843217201826,False,1
1992,NEW MEXICO,NM,35,85,66.0,james-mac-warren,"WARREN, JAMES ""MAC""","James ""Mac"" Warren",OTHER,183,569986,0.0003210605172758629,False,1
1992,NEW MEXICO,NM,35,85,66.0,gloria-estella-la-riva,"LA RIVA, GLORIA ESTELLA",Gloria Estella La Riva,OTHER,181,569986,0.0003175516591635584,False,1
1992,NEW MEXICO,NM,35,85,66.0,earl-dodge,"DODGE, EARL",Earl Dodge,OTHER,120,569986,0.00021053148673827078,False,1
1992,NEVADA,NV,32,88,65.0,bill-clinton,"CLINTON, BILL",Bill Clinton,DEMOCRAT,189148,506318,0.3735754999822246,False,1
1992,NEVADA,NV,32,88,65.0,george-h-w-bush,"BUSH, GEORGE H.W.",George H. W. Bush,REPUBLICAN,175828,506318,0.34726792253089955,False,1
1992,NEVADA,NV,32,88,65.0,ross-perot,"PEROT, ROSS",Ross Perot,OTHER,132580,506318,0.2618512476348856,False,1
1992,NEVADA,NV,32,88,65.0,james-bo-gritz,"GRITZ, JAMES ""BO""","James ""Bo"" Gritz",OTHER,2892,506318,0.005711825374566971,False,1
1992,NEVADA,NV,32,88,65.0,other,OTHER,Other,OTHER,2537,506318,0.00501068498453541,False,1
1992,NEVADA,NV,32,88,65.0,andre-marrou,"MARROU, ANDRE",Andre Marrou,LIBERTARIAN,1835,506318,0.0036242045512899007,False,1
1992,NEVADA,NV,32,88,65.0,howard-phillips,"PHILLIPS, HOWARD",Howard Phillips,OTHER,677,506318,0.0013371043494404702,False,1
1992,NEVADA,NV,32,88,65.0,lenora-fulani,"FULANI, LENORA",Lenora Fulani,OTHER,483,506318,0.0009539459391133636,False,1
1992,NEVADA,NV,32,88,65.0,john-hagelin,"HAGELIN, JOHN",John Hagelin,OTHER,338,506318,0.0006675646530441343,False,1
1992,NEW YORK,NY,36,21,13.0,bill-clinton,"CLINTON, BILL",Bill Clinton,DEMOCRAT,3346894,7079432,0.4727630691275797,False,1
1992,NEW YORK,NY,36,21,13.0,george-h-w-bush,"BUSH, GEORGE H.W.",George H. W. Bush,REPUBLICAN,2041690,7079432,0.2883974307543317,False,1
1992,NEW YORK,NY,36,21,13.0,ross-perot,"PEROT, ROSS",Ross Perot,OTHER,1090721,7079432,0.15406899875583238,False,1
1992,NEW YORK,NY,36,21,13.0,george-h-w-bush,"BUSH, GEORGE H.W.",George H. W. Bush,OTHER,304959,7079432,0.04307676096048384,False,2
1992,NEW YORK,NY,36,21,13.0,blank-vote-scattering,BLANK VOTE/SCATTERING,Blank Vote/Scattering,OTHER,152951,7079432,0.021604981868601887,False,1
1992,NEW YORK,NY,36,21,13.0,bill-clinton,"CLINTON, BILL",Bill Clinton,OTHER,97556,7079432,0.013780201575493627,False,1
1992,NEW YORK,NY,36,21,13.0,james-mac-warren,"WARREN, JAMES ""MAC""","James ""Mac"" Warren",OTHER,15472,7079432,0.002185486067243813,False,1
1992,NEW YORK,NY,36,21,13.0,andre-marrou,"MARROU, ANDRE",Andre Marrou,LIBERTARIAN,13451,7079432,0.0019000111873381932,False,1
1992,NEW YORK,NY,36,21,13.0,lenora-fulani,"FULANI, LENORA",Lenora Fulani,OTHER,11318,7079432,0.0015987158291795162,False,1
1992,NEW YORK,NY,36,21,13.0,john-hagelin,"HAGELIN, JOHN",John Hagelin,OTHER,4420,7079432,0.0006243438739153085,False,1
1992,OHIO,OH,39,31,24.0,bill-clinton,"CLINTON, BILL",Bill Clinton,DEMOCRAT,1984942,4939967,0.4018128056321024,False,1
1992,OHIO,OH,39,31,24.0,george-h-w-bush,"BUSH, GEORGE H.W.",George H. W. Bush,REPUBLICAN,1894310,4939967,0.383466124368847,False,1
1992,OHIO,OH,39,31,24.0,ross-perot,"PEROT, ROSS",Ross Perot,OTHER,1036426,4939967,0.20980423553436692,False,1
1992,OHIO,OH,39,31,24.0,other,OTHER,Other,OTHER,24247,4939967,0.004908332383596894,False,1
1992,OHIO,OH,39,31,24.0,write-in-blank,,Write-in/blank,OTHER,42,4939967,8.50208108677649e-06,True,1
1992,OKLAHOMA,OK,40,73,53.0,george-h-w-bush,"BUSH, GEORGE H.W.",George H. W. Bush,REPUBLICAN,592929,1390359,0.4264574832830945,False,1
1992,OKLAHOMA,OK,40,73,53.0,bill-clinton,"CLINTON, BILL",Bill Clinton,DEMOCRAT,473066,1390359,0.3402473749585539,False,1
1992,OKLAHOMA,OK,40,73,53.0,ross-perot,"PEROT, ROSS",Ross Perot,OTHER,319878,1390359,0.23006863694916205,False,1
1992,OKLAHOMA,OK,40,73,53.0,andre-marrou,"MARROU, ANDRE",Andre Marrou,LIBERTARIAN,4486,1390359,0.003226504809189569,False,1
1992,OREGON,OR,41,92,72.0,bill-clinton,"CLINTON, BILL",Bill Clinton,DEMOCRAT,621314,1462643,0.42478855058958337,False,1
1992,OREGON,OR,41,92,72.0,george-h-w-bush,"BUSH, GEORGE H.W.",George H. W. Bush,REPUBLICAN,475757,1462643,0.32527212723815724,False,1
1992,OREGON,OR,41,92,72.0,ross-perot,"PEROT, ROSS",Ross Perot,OTHER,354091,1462643,0.24208983326758476,False,1
1992,OREGON,OR,41,92,72.0,andre-marrou,"MARROU, ANDRE",Andre Marrou,LIBERTARIAN,4277,1462643,0.0029241585267218316,False,1
1992,OREGON,OR,41,92,72.0,lenora-fulani,"FULANI, LENORA",Lenora Fulani,OTHER,3030,1462643,0.0020715923161017417,False,1
1992,OREGON,OR,41,92,72.0,other,OTHER,Other,OTHER,2609,1462643,0.0017837572121153283,False,1
1992,OREGON,OR,41,92,72.0,write-in-blank,,Write-in/blank,OTHER,1565,1462643,0.001069980849735718,True,1
1992,PENNSYLVANIA,PA,42,23,14.0,bill-clinton,"CLINTON, BILL",Bill Clinton,DEMOCRAT,2239164,4959810,0.45146164873251193,False,1
1992,PENNSYLVANIA,PA,42,23,14.0,george-h-w-bush,"BUSH, GEORGE H.W.",George H. W. Bush,REPUBLICAN,1791841,4959810,0.3612721051814485,False,1
1992,PENNSYLVANIA,PA,42,23,14.0,ross-perot,"PEROT, ROSS",Ross Perot,OTHER,902667,4959810,0.1819962861480581,False,1
1992,PENNSYLVANIA,PA,42,23,14.0,andre-marrou,"MARROU, ANDRE",Andre Marrou,LIBERTARIAN,21477,4959810,0.00433020619741482,False,1
1992,PENNSYLVANIA,PA,42,23,14.0,lenora-fulani,"FULANI, LENORA",Lenora Fulani,OTHER,4661,4959810,0.0009397537405666749,False,1
1992,RHODE ISLAND,RI,44,15,5.0,bill-clinton,"CLINTON, BILL",Bill Clinton,DEMOCRAT,213299,453365,0.4704796356136888,False,1
1992,RHODE ISLAND,RI,44,15,5.0,george-h-w-bush,"BUSH, GEORGE H.W.",George H. W. Bush,REPUBLICAN,131601,453365,0.29027604689378317,False,1
1992,RHODE ISLAND,RI,44,15,5.0,ross-perot,"PEROT, ROSS",Ross Perot,OTHER,105045,453365,0.23170072678746706,False,1
1992,RHODE ISLAND,RI,44,15,5.0,lenora-fulani,"FULANI, LENORA",Lenora Fulani,OTHER,1878,453365,0.004142357702954573,False,1
1992,RHODE ISLAND,RI,44,15,5.0,andre-marrou,"MARROU, ANDRE",Andre Marrou,LIBERTARIAN,571,453365,0.0012594708457865076,False,1
1992,RHODE ISLAND,RI,44,15,5.0,lyndon-larouche-jr,"LAROUCHE, LYNDON, JR.",Lyndon Larouche Jr.,OTHER,494,453365,0.0010896297685088173,False,1
1992,RHODE ISLAND,RI,44,15,5.0,john-hagelin,"HAGELIN, JOHN",John Hagelin,OTHER,262,453365,0.0005779008083994133,False,1
1992,RHODE ISLAND,RI,44,15,5.0,howard-phillips,"PHILLIPS, HOWARD",Howard Phillips,OTHER,215,453365,0.0004742315794117323,False,1
1992,SOUTH CAROLINA,SC,45,57,48.0,george-h-w-bush,"BUSH, GEORGE H.W.",George H. W. Bush,REPUBLICAN,577507,1228912,0.46993356725298474,False,1
1992,SOUTH CAROLINA,SC,45,57,48.0,bill-clinton,"CLINTON, BILL",Bill Clinton,DEMOCRAT,525514,1228912,0.4276254117463252,False,1
1992,SOUTH CAROLINA,SC,45,57,48.0,ross-perot,"PEROT, ROSS",Ross Perot,OTHER,119257,1228912,0.09704275000976474,False,1
1992,SOUTH CAROLINA,SC,45,57,48.0,andre-marrou,"MARROU, ANDRE",Andre Marrou,LIBERTARIAN,2719,1228912,0.0022125262020388768,False,1
1992,SOUTH CAROLINA,SC,45,57,48.0,howard-phillips,"PHILLIPS, HOWARD",Howard Phillips,OTHER,2680,1228912,0.002180790813337326,False,1
1992,SOUTH CAROLINA,SC,45,57,48.0,lenora-fulani,"FULANI, LENORA",Lenora Fulani,OTHER,1235,1228912,0.0010049539755491036,False,1
1992,SOUTH DAKOTA,SD,46,45,37.0,george-h-w-bush,"BUSH, GEORGE H.W.",George H. W. Bush,REPUBLICAN,136718,336254,0.4065914457523182,False,1
1992,SOUTH DAKOTA,SD,46,45,37.0,bill-clinton,"CLINTON, BILL",Bill Clinton,DEMOCRAT,124888,336254,0.37140970813730095,False,1
1992,SOUTH DAKOTA,SD,46,45,37.0,ross-perot,"PEROT, ROSS",Ross Perot,OTHER,73295,336254,0.2179751021549186,False,1
1992,SOUTH DAKOTA,SD,46,45,37.0,andre-marrou,"MARROU, ANDRE",Andre Marrou,LIBERTARIAN,814,336254,0.0024207890463756564,False,1
1992,SOUTH DAKOTA,SD,46,45,37.0,other,OTHER,Other,OTHER,539,336254,0.0016029549090865833,False,1
1992,TENNESSEE,TN,47,62,54.0,bill-clinton,"CLINTON, BILL",Bill Clinton,DEMOCRAT,933521,1982638,0.47084793088803906,False,1
1992,TENNESSEE,TN,47,62,54.0,george-h-w-bush,"BUSH, GEORGE H.W.",George H. W. Bush,REPUBLICAN,841300,1982638,0.42433364033171966,False,1
1992,TENNESSEE,TN,47,62,54.0,ross-perot,"PEROT, ROSS",Ross Perot,OTHER,199968,1982638,0.10085956185647607,False,1
1992,TENNESSEE,TN,47,62,54.0,other,OTHER,Other,OTHER,7688,1982638,0.0038776619836803287,False,1
1992,TENNESSEE,TN,47,62,54.0,write-in-blank,,Write-in/blank,OTHER,161,1982638,8.120494008487681e-05,True,1
1992,TEXAS,TX,48,74,49.0,george-h-w-bush,"BUSH, GEORGE H.W.",George H. W. Bush,REPUBLICAN,2496071,6154018,0.40560021111410466,False,1
1992,TEXAS,TX,48,74,49.0,bill-clinton,"CLINTON, BILL",Bill Clinton,DEMOCRAT,2281815,6154018,0.37078458334051023,False,1
1992,TEXAS,TX,48,74,49.0,ross-perot,"PEROT, ROSS",Ross Perot,OTHER,1354781,6154018,0.22014576492951435,False,1
1992,TEXAS,TX,48,74,49.0,andre-marrou,"MARROU, ANDRE",Andre Marrou,LIBERTARIAN,19699,6154018,0.003200998112127719,False,1
1992,TEXAS,TX,48,74,49.0,write-in-blank,,Write-in/blank,OTHER,1652,6154018,0.000268442503743083,True,1
1992,UTAH,UT,49,87,67.0,george-h-w-bush,"BUSH, GEORGE H.W.",George H. W. Bush,REPUBLICAN,322632,743998,0.4336463270062554,False,1
1992,UTAH,UT,49,87,67.0,ross-perot,"PEROT, ROSS",Ross Perot,OTHER,203400,743998,0.2733878316877196,False,1
1992,UTAH,UT,49,87,67.0,bill-clinton,"CLINTON, BILL",Bill Clinton,DEMOCRAT,183429,743998,0.24654501759413333,False,1
1992,UTAH,UT,49,87,67.0,james-bo-gritz,"GRITZ, JAMES ""BO""","James ""Bo"" Gritz",OTHER,28602,743998,0.03844365173024659,False,1
1992,UTAH,UT,49,87,67.0,andre-marrou,"MARROU, ANDRE",Andre Marrou,LIBERTARIAN,1900,743998,0.0025537703058341557,False,1
1992,UTAH,UT,49,87,67.0,john-hagelin,"HAGELIN, JOHN",John Hagelin,OTHER,1319,743998,0.0017728542281027638,False,1
1992,UTAH,UT,49,87,67.0,lyndon-larouche-jr,"LAROUCHE, LYNDON, JR.",Lyndon Larouche Jr.,OTHER,1089,743998,0.0014637136121333659,False,1
1992,UTAH,UT,49,87,67.0,lenora-fulani,"FULANI, LENORA",Lenora Fulani,OTHER,414,743998,0.000556453108744916,False,1
1992,UTAH,UT,49,87,67.0,howard-phillips,"PHILLIPS, HOWARD",Howard Phillips,OTHER,393,743998,0.0005282272264172753,False,1
1992,UTAH,UT,49,87,67.0,other,OTHER,Other,OTHER,292,743998,0.0003924741733176702,False,1
1992,UTAH,UT,49,87,67.0,james-mac-warren,"WARREN, JAMES ""MAC""","James ""Mac"" Warren",OTHER,200,743998,0.0002688179269299111,False,1
1992,UTAH,UT,49,87,67.0,ron-daniels,"DANIELS, RON",Ron Daniels,OTHER,177,743998,0.00023790386533297132,False,1
1992,UTAH,UT,49,87,67.0,j-quinn-brisben,"BRISBEN, J. QUINN",J. Quinn Brisben,OTHER,151,743998,0.0002029575348320829,False,1
1992,VIRGINIA,VA,51,54,40.0,george-h-w-bush,"BUSH, GEORGE H.W.",George H. W. Bush,REPUBLICAN,1150517,2559129,0.4495736635394308,False,1
1992,VIRGINIA,VA,51,54,40.0,bill-clinton,"CLINTON, BILL",Bill Clinton,DEMOCRAT,1038650,2559129,0.4058607440265809,False,1
1992,VIRGINIA,VA,51,54,40.0,ross-perot,"PEROT, ROSS",Ross Perot,OTHER,348639,2559129,0.136233460681349,False,1
1992,VIRGINIA,VA,51,54,40.0,other,OTHER,Other,OTHER,15129,2559129,0.005911777014757756,False,1
1992,VIRGINIA,VA,51,54,40.0,andre-marrou,"MARROU, ANDRE",Andre Marrou,LIBERTARIAN,5730,2559129,0.002239043049412515,False,1
1992,VIRGINIA,VA,51,54,40.0,write-in-blank,,Write-in/blank,OTHER,464,2559129,0.00018131168846900644,True,1
1992,VERMONT,VT,50,13,6.0,bill-clinton,"CLINTON, BILL",Bill Clinton,DEMOCRAT,133592,289701,0.46113751764750555,False,1
1992,VERMONT,VT,50,13,6.0,george-h-w-bush,"BUSH, GEORGE H.W.",George H. W. Bush,REPUBLICAN,88122,289701,0.30418258825478683,False,1
1992,VERMONT,VT,50,13,6.0,ross-perot,"PEROT, ROSS",Ross Perot,OTHER,65991,289701,0.22779003179139873,False,1
1992,VERMONT,VT,50,13,6.0,andre-marrou,"MARROU, ANDRE",Andre Marrou,LIBERTARIAN,501,289701,0.0017293692462228298,False,1
1992,VERMONT,VT,50,13,6.0,write-in-blank,,Write-in/blank,OTHER,488,289701,0.001684495393526429,True,1
1992,VERMONT,VT,50,13,6.0,other,OTHER,Other,OTHER,329,289701,0.0011356536567012196,False,1
1992,VERMONT,VT,50,13,6.0,john-hagelin,"HAGELIN, JOHN",John Hagelin,OTHER,315,289701,0.0010873279691820186,False,1
1992,VERMONT,VT,50,13,6.0,howard-phillips,"PHILLIPS, HOWARD",Howard Phillips,OTHER,124,289701,0.0004280275180272074,False,1
1992,VERMONT,VT,50,13,6.0,lenora-fulani,"FULANI, LENORA",Lenora Fulani,OTHER,100,289701,0.00034518348228000596,False,1
1992,VERMONT,VT,50,13,6.0,james-mac-warren,"WARREN, JAMES ""MAC""","James ""Mac"" Warren",OTHER,82,289701,0.00028305045546960487,False,1
1992,VERMONT,VT,50,13,6.0,lyndon-larouche-jr,"LAROUCHE, LYNDON, JR.",Lyndon Larouche Jr.,OTHER,57,289701,0.00019675458489960338,False,1
1992,WASHINGTON,WA,53,91,73.0,bill-clinton,"CLINTON, BILL",Bill Clinton,DEMOCRAT,993037,2287565,0.43410220037463415,False,1
1992,WASHINGTON,WA,53,91,73.0,george-h-w-bush,"BUSH, GEORGE H.W.",George H. W. Bush,REPUBLICAN,731234,2287565,0.31965605348919046,False,1
1992,WASHINGTON,WA,53,91,73.0,ross-perot,"PEROT, ROSS",Ross Perot,OTHER,541780,2287565,0.23683698605285533,False,1
1992,WASHINGTON,WA,53,91,73.0,andre-marrou,"MARROU, ANDRE",Andre Marrou,LIBERTARIAN,7533,2287565,0.003293021181911771,False,1
1992,WASHINGTON,WA,53,91,73.0,james-bo-gritz,"GRITZ, JAMES ""BO""","James ""Bo"" Gritz",OTHER,4854,2287565,0.0021219069184919338,False,1
1992,WASHINGTON,WA,53,91,73.0,john-hagelin,"HAGELIN, JOHN",John Hagelin,OTHER,2456,2287565,0.001073630694646928,False,1
1992,WASHINGTON,WA,53,91,73.0,howard-phillips,"PHILLIPS, HOWARD",Howard Phillips,OTHER,2354,2287565,0.001029041797719409,False,1
1992,WASHINGTON,WA,53,91,73.0,other,OTHER,Other,OTHER,2026,2287565,0.0008856578938740539,False,1
1992,WASHINGTON,WA,53,91,73.0,lenora-fulani,"FULANI, LENORA",Lenora Fulani,OTHER,1776,2287565,0.0007763713817968014,False,1
1992,WASHINGTON,WA,53,91,73.0,james-mac-warren,"WARREN, JAMES ""MAC""","James ""Mac"" Warren",OTHER,515,2287565,0.00022513021487914004,False,1
1992,WISCONSIN,WI,55,35,25.0,bill-clinton,"CLINTON, BILL",Bill Clinton,DEMOCRAT,1041066,2531064,0.4113155574098482,False,1
1992,WISCONSIN,WI,55,35,25.0,george-h-w-bush,"BUSH, GEORGE H.W.",George H. W. Bush,REPUBLICAN,930855,2531064,0.36777220963199664,False,1
1992,WISCONSIN,WI,55,35,25.0,ross-perot,"PEROT, ROSS",Ross Perot,OTHER,544479,2531064,0.2151186220498573,False,1
1992,WISCONSIN,WI,55,35,25.0,other,OTHER,Other,OTHER,7518,2531064,0.002970292335555324,False,1
1992,WISCONSIN,WI,55,35,25.0,andre-marrou,"MARROU, ANDRE",Andre Marrou,LIBERTARIAN,2877,2531064,0.0011366761172376518,False,1
1992,WISCONSIN,WI,55,35,25.0,ron-daniels,"DANIELS, RON",Ron Daniels,OTHER,1833,2531064,0.0007242013635372317,False,1
1992,WISCONSIN,WI,55,35,25.0,john-hagelin,"HAGELIN, JOHN",John Hagelin,OTHER,1070,2531064,0.00042274711346690564,False,1
1992,WISCONSIN,WI,55,35,25.0,blank-vote-scattering,BLANK VOTE/SCATTERING,Blank Vote/Scattering,OTHER,961,2531064,0.0003796822205997162,False,1
1992,WISCONSIN,WI,55,35,25.0,roland-hem,"HEM, ROLAND",Roland Hem,OTHER,405,2531064,0.00016001175790102503,False,1
1992,WEST VIRGINIA,WV,54,55,56.0,bill-clinton,"CLINTON, BILL",Bill Clinton,DEMOCRAT,331001,683677,0.4841482161898089,False,1
1992,WEST VIRGINIA,WV,54,55,56.0,george-h-w-bush,"BUSH, GEORGE H.W.",George H. W. Bush,REPUBLICAN,241974,683677,0.35393029164356854,False,1
1992,WEST VIRGINIA,WV,54,55,56.0,ross-perot,"PEROT, ROSS",Ross Perot,OTHER,108829,683677,0.15918189437409772,False,1
1992,WEST VIRGINIA,WV,54,55,56.0,andre-marrou,"MARROU, ANDRE",Andre Marrou,LIBERTARIAN,1873,683677,0.0027395977925248325,False,1
1992,WYOMING,WY,56,83,68.0,george-h-w-bush,"BUSH, GEORGE H.W.",George H. W. Bush,REPUBLICAN,79347,199884,0.3969652398391067,False,1
1992,WYOMING,WY,56,83,68.0,bill-clinton,"CLINTON, BILL",Bill Clinton,DEMOCRAT,68160,199884,0.34099777871165277,False,1
1992,WYOMING,WY,56,83,68.0,ross-perot,"PEROT, ROSS",Ross Perot,OTHER,51263,199884,0.25646374897440516,False,1
1992,WYOMING,WY,56,83,68.0,andre-marrou,"MARROU, ANDRE",Andre Marrou,LIBERTARIAN,844,199884,0.00422244902043185,False,1
1992,WYOMING,WY,56,83,68.0,lenora-fulani,"FULANI, LENORA",Lenora Fulani,OTHER,270,199884,0.001350783454403554,False,1
1996,ALASKA,AK,2,94,81.0,bob-dole,"DOLE, ROBERT",Bob Dole,REPUBLICAN,122746,241620,0.5080125817399221,False,1
1996,ALASKA,AK,2,94,81.0,bill-clinton,"CLINTON, BILL",Bill Clinton,DEMOCRAT,80380,241620,0.33267113649532326,False,1
1996,ALASKA,AK,2,94,81.0,ross-perot,"PEROT, ROSS",Ross Perot,OTHER,26333,241620,0.10898518334574953,False,1
1996,ALASKA,AK,2,94,81.0,ralph-nader,"NADER, RALPH",Ralph Nader,OTHER,7597,241620,0.03144193361476699,False,1
1996,ALASKA,AK,2,94,81.0,harry-browne,"BROWNE, HARRY",Harry Browne,LIBERTARIAN,2276,241620,0.009419750020693651,False,1
1996,ALASKA,AK,2,94,81.0,howard-phillips,"PHILLIPS, HOWARD",Howard Phillips,OTHER,925,241620,0.003828325469745882,False,1
1996,ALASKA,AK,2,94,81.0,john-hagelin,"HAGELIN, JOHN",John Hagelin,OTHER,729,241620,0.0030171343431835114,False,1
1996,ALASKA,AK,2,94,81.0,write-in-blank,,Write-in/blank,OTHER,634,241620,0.0026239549706150154,True,1
1996,ALABAMA,AL,1,63,41.0,bob-dole,"DOLE, ROBERT",Bob Dole,REPUBLICAN,769044,1534349,0.5012184320516389,False,1
1996,ALABAMA,AL,1,63,41.0,bill-clinton,"CLINTON, BILL",Bill Clinton,DEMOCRAT,662165,1534349,0.4315608769582409,False,1
1996,ALABAMA,AL,1,63,41.0,write-in-blank,,Write-in/blank,OTHER,96153,1534349,0.06266696820606003,True,2
1996,ALABAMA,AL,1,63,41.0,harry-browne,"BROWNE, HARRY",Harry Browne,LIBERTARIAN,5290,1534349,0.0034477162627277107,False,1
1996,ALABAMA,AL,1,63,41.0,john-hagelin,"HAGELIN, JOHN",John Hagelin,OTHER,1697,1534349,0.0011060065213325,False,1
1996,ARKANSAS,AR,5,71,42.0,bill-clinton,"CLINTON, BILL",Bill Clinton,DEMOCRAT,475171,884262,0.5373644915194817,False,1
1996,ARKANSAS,AR,5,71,42.0,bob-dole,"DOLE, ROBERT",Bob Dole,REPUBLICAN,325416,884262,0.36800857664357395,False,1
1996,ARKANSAS,AR,5,71,42.0,ross-perot,"PEROT, ROSS",Ross Perot,OTHER,69884,884262,0.07903087546451165,False,1
1996,ARKANSAS,AR,5,71,42.0,ralph-nader,"NADER, RALPH",Ralph Nader,OTHER,3649,884262,0.004126605010732113,False,1
1996,ARKANSAS,AR,5,71,42.0,harry-browne,"BROWNE, HARRY",Harry Browne,LIBERTARIAN,3076,884262,0.0034786070191866214,False,1
1996,ARKANSAS,AR,5,71,42.0,howard-phillips,"PHILLIPS, HOWARD",Howard Phillips,OTHER,2065,884262,0.0023352807199676115,False,1
1996,ARKANSAS,AR,5,71,42.0,ralph-forbes,"FORBES, RALPH",Ralph Forbes,OTHER,932,884262,0.0010539862619902247,False,1
1996,ARKANSAS,AR,5,71,42.0,charles-collins,"COLLINS, CHARLES",Charles Collins,OTHER,823,884262,0.0009307196283454451,False,1
1996,ARKANSAS,AR,5,71,42.0,isabell-masters,"MASTERS, ISABELL",Isabell Masters,OTHER,749,884262,0.0008470340238526591,False,1
1996,ARKANSAS,AR,5,71,42.0,monica-moorehead,"MOOREHEAD, MONICA",Monica Moorehead,OTHER,747,884262,0.0008447722507582595,False,1
1996,ARKANSAS,AR,5,71,42.0,john-hagelin,"HAGELIN, JOHN",John Hagelin,OTHER,729,884262,0.0008244162929086628,False,1
1996,ARKANSAS,AR,5,71,42.0,mary-cal-hollis,"HOLLIS, MARY CAL",Mary Cal Hollis,OTHER,538,884262,0.0006084169623934987,False,1
1996,ARKANSAS,AR,5,71,42.0,earl-dodge,"DODGE, EARL",Earl Dodge,OTHER,483,884262,0.0005462182022975092,False,1
1996,ARIZONA,AZ,4,86,61.0,bill-clinton,"CLINTON, BILL",Bill Clinton,DEMOCRAT,653288,1404405,0.4651706594607681,False,1
1996,ARIZONA,AZ,4,86,61.0,bob-dole,"DOLE, ROBERT",Bob Dole,REPUBLICAN,622073,1404405,0.4429441649666585,False,1
1996,ARIZONA,AZ,4,86,61.0,ross-perot,"PEROT, ROSS",Ross Perot,OTHER,112072,1404405,0.0798003424937963,False,1
1996,ARIZONA,AZ,4,86,61.0,harry-browne,"BROWNE, HARRY",Harry Browne,LIBERTARIAN,14358,1404405,0.010223546626507311,False,1
1996,ARIZONA,AZ,4,86,61.0,write-in-blank,,Write-in/blank,OTHER,2573,1404405,0.0018320925943727058,True,1
1996,ARIZONA,AZ,4,86,61.0,other,OTHER,Other,OTHER,41,1404405,2.9193857897116573e-05,False,1
1996,CALIFORNIA,CA,6,93,71.0,bill-clinton,"CLINTON, BILL",Bill Clinton,DEMOCRAT,5119835,10019469,0.5109886561852729,False,1
1996,CALIFORNIA,CA,6,93,71.0,bob-dole,"DOLE, ROBERT",Bob Dole,REPUBLICAN,3828381,10019469,0.3820942008004616,False,1
1996,CALIFORNIA,CA,6,93,71.0,ross-perot,"PEROT, ROSS",Ross Perot,OTHER,697847,10019469,0.0696491001668851,False,1
1996,CALIFORNIA,CA,6,93,71.0,ralph-nader,"NADER, RALPH",Ralph Nader,OTHER,237016,10019469,0.023655545019401727,False,1
1996,CALIFORNIA,CA,6,93,71.0,harry-browne,"BROWNE, HARRY",Harry Browne,LIBERTARIAN,73600,10019469,0.007345698659280247,False,1
1996,CALIFORNIA,CA,6,93,71.0,marsha-feinland,"FEINLAND, MARSHA",Marsha Feinland,OTHER,25332,10019469,0.002528277696153359,False,1
1996,CALIFORNIA,CA,6,93,71.0,howard-phillips,"PHILLIPS, HOWARD",Howard Phillips,OTHER,21202,10019469,0.0021160802034518996,False,1
1996,CALIFORNIA,CA,6,93,71.0,john-hagelin,"HAGELIN, JOHN",John Hagelin,OTHER,15403,10019469,0.0015373070169686638,False,1
1996,CALIFORNIA,CA,6,93,71.0,write-in-blank,,Write-in/blank,OTHER,853,10019469,8.513425212453874e-05,True,1
1996,COLORADO,CO,8,84,62.0,bob-dole,"DOLE, ROBERT",Bob Dole,REPUBLICAN,691848,1510702,0.457964575409313,False,1
1996,COLORADO,CO,8,84,62.0,bill-clinton,"CLINTON, BILL",Bill Clinton,DEMOCRAT,671152,1510702,0.44426498409348764,False,1
1996,COLORADO,CO,8,84,62.0,ross-perot,"PEROT, ROSS",Ross Perot,OTHER,99629,1510702,0.0659488105529747,False,1
1996,COLORADO,CO,8,84,62.0,ralph-nader,"NADER, RALPH",Ralph Nader,OTHER,25070,1510702,0.016594934010810868,False,1
1996,COLORADO,CO,8,84,62.0,harry-browne,"BROWNE, HARRY",Harry Browne,LIBERTARIAN,12392,1510702,0.008202809025208148,False,1
1996,COLORADO,CO,8,84,62.0,howard-phillips,"PHILLIPS, HOWARD",Howard Phillips,OTHER,2813,1510702,0.001862048239824929,False,1
1996,COLORADO,CO,8,84,62.0,charles-collins,"COLLINS, CHARLES",Charles Collins,OTHER,2809,1510702,0.0018594004641550748,False,1
1996,COLORADO,CO,8,84,62.0,john-hagelin,"HAGELIN, JOHN",John Hagelin,OTHER,2545,1510702,0.0016846472699447012,False,1
1996,COLORADO,CO,8,84,62.0,mary-cal-hollis,"HOLLIS, MARY CAL",Mary Cal Hollis,OTHER,669,1510702,0.00044284048078310615,False,1
1996,COLORADO,CO,8,84,62.0,monica-moorehead,"MOOREHEAD, MONICA",Monica Moorehead,OTHER,599,1510702,0.00039650440656065856,False,1
1996,COLORADO,CO,8,84,62.0,diane-templin,"TEMPLIN, DIANE",Diane Templin,OTHER,557,1510702,0.00036870276202719,False,1
1996,COLORADO,CO,8,84,62.0,earl-dodge,"DODGE, EARL",Earl Dodge,OTHER,375,1510702,0.0002482289690488263,False,1
1996,COLORADO,CO,8,84,62.0,james-harris,"HARRIS, JAMES",James Harris,OTHER,244,1510702,0.00016151431586110298,False,1
1996,CONNECTICUT,CT,9,16,1.0,bill-clinton,"CLINTON, BILL",Bill Clinton,DEMOCRAT,735740,1392614,0.5283158147196567,False,1
1996,CONNECTICUT,CT,9,16,1.0,bob-dole,"DOLE, ROBERT",Bob Dole,REPUBLICAN,483109,1392614,0.34690804487101234,False,1
1996,CONNECTICUT,CT,9,16,1.0,ross-perot,"PEROT, ROSS",Ross Perot,OTHER,139523,1392614,0.10018784817616368,False,1
1996,CONNECTICUT,CT,9,16,1.0,ralph-nader,"NADER, RALPH",Ralph Nader,OTHER,24321,1392614,0.01746427940549212,False,1
1996,CONNECTICUT,CT,9,16,1.0,harry-browne,"BROWNE, HARRY",Harry Browne,LIBERTARIAN,5788,1392614,0.004156212705028098,False,1
1996,CONNECTICUT,CT,9,16,1.0,howard-phillips,"PHILLIPS, HOWARD",Howard Phillips,OTHER,2425,1392614,0.0017413296146670937,False,1
1996,CONNECTICUT,CT,9,16,1.0,john-hagelin,"HAGELIN, JOHN",John Hagelin,OTHER,1703,1392614,0.0012228801376404374,False,1
1996,CONNECTICUT,CT,9,16,1.0,write-in-blank,,Write-in/blank,OTHER,5,1392614,3.590370339519781e-06,True,1
1996,DISTRICT OF COLUMBIA,DC,11,53,55.0,bill-clinton,"CLINTON, BILL",Bill Clinton,DEMOCRAT,158220,185726,0.8519001109160806,False,1
1996,DISTRICT OF COLUMBIA,DC,11,53,55.0,bob-dole,"DOLE, ROBERT",Bob Dole,REPUBLICAN,17339,185726,0.09335795742114728,False,1
1996,DISTRICT OF COLUMBIA,DC,11,53,55.0,ralph-nader,"NADER, RALPH",Ralph Nader,OTHER,4780,185726,0.02573683813790207,False,1
1996,DISTRICT OF COLUMBIA,DC,11,53,55.0,ross-perot,"PEROT, ROSS",Ross Perot,OTHER,3611,185726,0.019442619773214306,False,1
1996,DISTRICT OF COLUMBIA,DC,11,53,55.0,write-in-blank,,Write-in/blank,OTHER,648,185726,0.0034890106931716614,True,1
1996,DISTRICT OF COLUMBIA,DC,11,53,55.0,harry-browne,"BROWNE, HARRY",Harry Browne,LIBERTARIAN,588,185726,0.003165954147507619,False,1
1996,DISTRICT OF COLUMBIA,DC,11,53,55.0,john-hagelin,"HAGELIN, JOHN",John Hagelin,OTHER,283,185726,0.0015237500403820683,False,1
1996,DISTRICT OF COLUMBIA,DC,11,53,55.0,james-harris,"HARRIS, JAMES",James Harris,OTHER,257,185726,0.0013837588705943164,False,1
1996,DELAWARE,DE,10,51,11.0,bill-clinton,"CLINTON, BILL",Bill Clinton,DEMOCRAT,140355,270810,0.518278497839814,False,1
1996,DELAWARE,DE,10,51,11.0,bob-dole,"DOLE, ROBERT",Bob Dole,REPUBLICAN,99062,270810,0.3657988995975038,False,1
1996,DELAWARE,DE,10,51,11.0,ross-perot,"PEROT, ROSS",Ross Perot,OTHER,28719,270810,0.1060485211033566,False,1
1996,DELAWARE,DE,10,51,11.0,harry-browne,"BROWNE, HARRY",Harry Browne,LIBERTARIAN,2052,270810,0.007577268195413759,False,1
1996,DELAWARE,DE,10,51,11.0,howard-phillips,"PHILLIPS, HOWARD",Howard Phillips,OTHER,348,270810,0.0012850337875263099,False,1
1996,DELAWARE,DE,10,51,11.0,john-hagelin,"HAGELIN, JOHN",John Hagelin,OTHER,274,270810,0.001011779476385658,False,1
1996,FLORIDA,FL,12,59,43.0,bill-clinton,"CLINTON, BILL",Bill Clinton,DEMOCRAT,2546870,5303154,0.4802557119781926,False,1
1996,FLORIDA,FL,12,59,43.0,bob-dole,"DOLE, ROBERT",Bob Dole,REPUBLICAN,2244536,5303154,0.42324548749668595,False,1
1996,FLORIDA,FL,12,59,43.0,ross-perot,"PEROT, ROSS",Ross Perot,OTHER,483870,5303154,0.09124192885969368,False,1
1996,FLORIDA,FL,12,59,43.0,harry-browne,"BROWNE, HARRY",Harry Browne,LIBERTARIAN,23326,5303154,0.004398514544363599,False,1
1996,FLORIDA,FL,12,59,43.0,write-in-blank,,Write-in/blank,OTHER,4552,5303154,0.0008583571210641818,True,1
1996,GEORGIA,GA,13,58,44.0,bob-dole,"DOLE, ROBERT",Bob Dole,REPUBLICAN,1080843,2298899,0.4701568011469838,False,1
1996,GEORGIA,GA,13,58,44.0,bill-clinton,"CLINTON, BILL",Bill Clinton,DEMOCRAT,1053849,2298899,0.4584146584952188,False,1
1996,GEORGIA,GA,13,58,44.0,ross-perot,"PEROT, ROSS",Ross Perot,OTHER,146337,2298899,0.06365525410207235,False,1
1996,GEORGIA,GA,13,58,44.0,harry-browne,"BROWNE, HARRY",Harry Browne,LIBERTARIAN,17870,2298899,0.0077732862557250235,False,1
1996,HAWAII,HI,15,95,82.0,bill-clinton,"CLINTON, BILL",Bill Clinton,DEMOCRAT,205012,360120,0.5692880151060757,False,1
1996,HAWAII,HI,15,95,82.0,bob-dole,"DOLE, ROBERT",Bob Dole,REPUBLICAN,113943,360120,0.3164028657114295,False,1
1996,HAWAII,HI,15,95,82.0,ross-perot,"PEROT, ROSS",Ross Perot,OTHER,27358,360120,0.07596912140397645,False,1
1996,HAWAII,HI,15,95,82.0,ralph-nader,"NADER, RALPH",Ralph Nader,OTHER,10386,360120,0.028840386537820728,False,1
1996,HAWAII,HI,15,95,82.0,harry-browne,"BROWNE, HARRY",Harry Browne,LIBERTARIAN,2493,360120,0.006922692435854715,False,1
1996,HAWAII,HI,15,95,82.0,john-hagelin,"HAGELIN, JOHN",John Hagelin,OTHER,570,360120,0.001582805731422859,False,1
1996,HAWAII,HI,15,95,82.0,howard-phillips,"PHILLIPS, HOWARD",Howard Phillips,OTHER,358,360120,0.000994113073419971,False,1
1996,IOWA,IA,19,42,31.0,bill-clinton,"CLINTON, BILL",Bill Clinton,DEMOCRAT,620258,1234075,0.5026096469015254,False,1
1996,IOWA,IA,19,42,31.0,bob-dole,"DOLE, ROBERT",Bob Dole,REPUBLICAN,492644,1234075,0.3992010210076373,False,1
1996,IOWA,IA,19,42,31.0,ross-perot,"PEROT, ROSS",Ross Perot,OTHER,105159,1234075,0.08521281121487755,False,1
1996,IOWA,IA,19,42,31.0,ralph-nader,"NADER, RALPH",Ralph Nader,OTHER,6550,1234075,0.005307619066912465,False,1
1996,IOWA,IA,19,42,31.0,john-hagelin,"HAGELIN, JOHN",John Hagelin,OTHER,3349,1234075,0.0027137734740595183,False,1
1996,IOWA,IA,19,42,31.0,harry-browne,"BROWNE, HARRY",Harry Browne,LIBERTARIAN,2315,1234075,0.0018758989526568483,False,1
1996,IOWA,IA,19,42,31.0,howard-phillips,"PHILLIPS, HOWARD",Howard Phillips,OTHER,2229,1234075,0.00180621112979357,False,1
1996,IOWA,IA,19,42,31.0,scattering,SCATTERING,Scattering,OTHER,1240,1234075,0.0010048011668658712,False,1
1996,IOWA,IA,19,42,31.0,james-harris,"HARRIS, JAMES",James Harris,OTHER,331,1234075,0.0002682170856714543,False,1
1996,IDAHO,ID,16,82,63.0,bob-dole,"DOLE, ROBERT",Bob Dole,REPUBLICAN,256595,491711,0.521841081448249,False,1
1996,IDAHO,ID,16,82,63.0,bill-clinton,"CLINTON, BILL",Bill Clinton,DEMOCRAT,165443,491711,0.3364638985094903,False,1
1996,IDAHO,ID,16,82,63.0,ross-perot,"PEROT, ROSS",Ross Perot,OTHER,62518,491711,0.12714378974641607,False,1
1996,IDAHO,ID,16,82,63.0,harry-browne,"BROWNE, HARRY",Harry Browne,LIBERTARIAN,3325,491711,0.006762102129096156,False,1
1996,IDAHO,ID,16,82,63.0,howard-phillips,"PHILLIPS, HOWARD",Howard Phillips,OTHER,2230,491711,0.004535184285078023,False,1
1996,IDAHO,ID,16,82,63.0,john-hagelin,"HAGELIN, JOHN",John Hagelin,OTHER,1600,491711,0.003253943881670331,False,1
1996,ILLINOIS,IL,17,33,21.0,bill-clinton,"CLINTON, BILL",Bill Clinton,DEMOCRAT,2341744,4311391,0.5431527783028726,False,1
1996,ILLINOIS,IL,17,33,21.0,bob-dole,"DOLE, ROBERT",Bob Dole,REPUBLICAN,1587021,4311391,0.3680995298269166,False,1
1996,ILLINOIS,IL,17,33,21.0,ross-perot,"PEROT, ROSS",Ross Perot,OTHER,346408,4311391,0.08034715478136871,False,1
1996,ILLINOIS,IL,17,33,21.0,harry-browne,"BROWNE, HARRY",Harry Browne,LIBERTARIAN,22548,4311391,0.005229866648605984,False,1
1996,ILLINOIS,IL,17,33,21.0,howard-phillips,"PHILLIPS, HOWARD",Howard Phillips,OTHER,7606,4311391,0.001764163816271825,False,1
1996,ILLINOIS,IL,17,33,21.0,john-hagelin,"HAGELIN, JOHN",John Hagelin,OTHER,4606,4311391,0.00106833270283303,False,1
1996,ILLINOIS,IL,17,33,21.0,write-in-blank,,Write-in/blank,OTHER,1458,4311391,0.0003381739211312544,True,1
1996,INDIANA,IN,18,32,22.0,bob-dole,"DOLE, ROBERT",Bob Dole,REPUBLICAN,1006693,2135431,0.4714238015651173,False,1
1996,INDIANA,IN,18,32,22.0,bill-clinton,"CLINTON, BILL",Bill Clinton,DEMOCRAT,887424,2135431,0.41557137645749265,False,1
1996,INDIANA,IN,18,32,22.0,ross-perot,"PEROT, ROSS",Ross Perot,OTHER,224299,2135431,0.1050368754598018,False,1
1996,INDIANA,IN,18,32,22.0,harry-browne,"BROWNE, HARRY",Harry Browne,LIBERTARIAN,15632,2135431,0.0073203020842162545,False,1
1996,INDIANA,IN,18,32,22.0,write-in-blank,,Write-in/blank,OTHER,1383,2135431,0.0006476444333719984,True,1
1996,KANSAS,KS,20,47,32.0,bob-dole,"DOLE, ROBERT",Bob Dole,REPUBLICAN,583245,1074300,0.542907009215303,False,1
1996,KANSAS,KS,20,47,32.0,bill-clinton,"CLINTON, BILL",Bill Clinton,DEMOCRAT,387659,1074300,0.3608479940426324,False,1
1996,KANSAS,KS,20,47,32.0,ross-perot,"PEROT, ROSS",Ross Perot,OTHER,92639,1074300,0.08623196500046541,False,1
1996,KANSAS,KS,20,47,32.0,write-in-blank,,Write-in/blank,OTHER,6200,1074300,0.00577119985106581,True,2
1996,KANSAS,KS,20,47,32.0,harry-browne,"BROWNE, HARRY",Harry Browne,LIBERTARIAN,4557,1074300,0.004241831890533371,False,1
1996,KENTUCKY,KY,21,61,51.0,bill-clinton,"CLINTON, BILL",Bill Clinton,DEMOCRAT,636614,1388708,0.4584217848532593,False,1
1996,KENTUCKY,KY,21,61,51.0,bob-dole,"DOLE, ROBERT",Bob Dole,REPUBLICAN,623283,1388708,0.4488222146052302,False,1
1996,KENTUCKY,KY,21,61,51.0,ross-perot,"PEROT, ROSS",Ross Perot,OTHER,120396,1388708,0.086696411340613,False,1
1996,KENTUCKY,KY,21,61,51.0,harry-browne,"BROWNE, HARRY",Harry Browne,LIBERTARIAN,4009,1388708,0.0028868559841233724,False,1
1996,KENTUCKY,KY,21,61,51.0,howard-phillips,"PHILLIPS, HOWARD",Howard Phillips,OTHER,2204,1388708,0.0015870867021720908,False,1
1996,KENTUCKY,KY,21,61,51.0,john-hagelin,"HAGELIN, JOHN",John Hagelin,OTHER,1493,1388708,0.0010751000210267386,False,1
1996,KENTUCKY,KY,21,61,51.0,write-in-blank,,Write-in/blank,OTHER,709,1388708,0.0005105464935753233,True,1
1996,LOUISIANA,LA,22,72,45.0,bill-clinton,"CLINTON, BILL",Bill Clinton,DEMOCRAT,927837,1783959,0.5200999574541791,False,1
1996,LOUISIANA,LA,22,72,45.0,bob-dole,"DOLE, ROBERT",Bob Dole,REPUBLICAN,712586,1783959,0.3994407943231879,False,1
1996,LOUISIANA,LA,22,72,45.0,ross-perot,"PEROT, ROSS",Ross Perot,OTHER,123293,1783959,0.06911201434562117,False,1
1996,LOUISIANA,LA,22,72,45.0,harry-browne,"BROWNE, HARRY",Harry Browne,LIBERTARIAN,7499,1783959,0.004203571943077167,False,1
1996,LOUISIANA,LA,22,72,45.0,ralph-nader,"NADER, RALPH",Ralph Nader,OTHER,4719,1783959,0.0026452401652728567,False,1
1996,LOUISIANA,LA,22,72,45.0,howard-phillips,"PHILLIPS, HOWARD",Howard Phillips,OTHER,3366,1783959,0.0018868146633414782,False,1
1996,LOUISIANA,LA,22,72,45.0,john-hagelin,"HAGELIN, JOHN",John Hagelin,OTHER,2981,1783959,0.0016710025286455574,False,1
1996,LOUISIANA,LA,22,72,45.0,monica-moorehead,"MOOREHEAD, MONICA",Monica Moorehead,OTHER,1678,1783959,0.0009406045766746882,False,1
1996,MASSACHUSETTS,MA,25,14,3.0,bill-clinton,"CLINTON, BILL",Bill Clinton,DEMOCRAT,1571509,2556459,0.614720987115381,False,1
1996,MASSACHUSETTS,MA,25,14,3.0,bob-dole,"DOLE, ROBERT",Bob Dole,REPUBLICAN,718058,2556459,0.2808799202334166,False,1
1996,MASSACHUSETTS,MA,25,14,3.0,ross-perot,"PEROT, ROSS",Ross Perot,OTHER,227206,2556459,0.08887527630992713,False,1
1996,MASSACHUSETTS,MA,25,14,3.0,harry-browne,"BROWNE, HARRY",Harry Browne,LIBERTARIAN,20424,2556459,0.007989175652729028,False,1
1996,MASSACHUSETTS,MA,25,14,3.0,other,OTHER,Other,OTHER,6180,2556459,0.002417406263898619,False,1
1996,MASSACHUSETTS,MA,25,14,3.0,john-hagelin,"HAGELIN, JOHN",John Hagelin,OTHER,5183,2556459,0.00202741369996546,False,1
1996,MASSACHUSETTS,MA,25,14,3.0,write-in-blank,,Write-in/blank,OTHER,4623,2556459,0.0018083607051785301,True,1
1996,MASSACHUSETTS,MA,25,14,3.0,monica-moorehead,"MOOREHEAD, MONICA",Monica Moorehead,OTHER,3276,2556459,0.00128146001950354,False,1
1996,MARYLAND,MD,24,52,52.0,bill-clinton,"CLINTON, BILL",Bill Clinton,DEMOCRAT,966207,1780870,0.5425477435186173,False,1
1996,MARYLAND,MD,24,52,52.0,bob-dole,"DOLE, ROBERT",Bob Dole,REPUBLICAN,681530,1780870,0.38269497492798465,False,1
1996,MARYLAND,MD,24,52,52.0,ross-perot,"PEROT, ROSS",Ross Perot,OTHER,115812,1780870,0.0650311364670077,False,1
1996,MARYLAND,MD,24,52,52.0,harry-browne,"BROWNE, HARRY",Harry Browne,LIBERTARIAN,8765,1780870,0.004921751728087957,False,1
1996,MARYLAND,MD,24,52,52.0,howard-phillips,"PHILLIPS, HOWARD",Howard Phillips,OTHER,3402,1780870,0.0019103022679926103,False,1
1996,MARYLAND,MD,24,52,52.0,write-in-blank,,Write-in/blank,OTHER,2637,1780870,0.0014807369431794571,True,1
1996,MARYLAND,MD,24,52,52.0,john-hagelin,"HAGELIN, JOHN",John Hagelin,OTHER,2517,1780870,0.0014133541471303352,False,1
1996,MAINE,ME,23,11,2.0,bill-clinton,"CLINTON, BILL",Bill Clinton,DEMOCRAT,312788,605897,0.5162395588689167,False,1
1996,MAINE,ME,23,11,2.0,bob-dole,"DOLE, ROBERT",Bob Dole,REPUBLICAN,186378,605897,0.3076067384390416,False,1
1996,MAINE,ME,23,11,2.0,ross-perot,"PEROT, ROSS",Ross Perot,OTHER,85970,605897,0.1418888028823381,False,1
1996,MAINE,ME,23,11,2.0,ralph-nader,"NADER, RALPH",Ralph Nader,OTHER,15279,605897,0.025217157371632472,False,1
1996,MAINE,ME,23,11,2.0,harry-browne,"BROWNE, HARRY",Harry Browne,LIBERTARIAN,2996,605897,0.004944734831167674,False,1
1996,MAINE,ME,23,11,2.0,howard-phillips,"PHILLIPS, HOWARD",Howard Phillips,OTHER,1517,605897,0.0025037258808015225,False,1
1996,MAINE,ME,23,11,2.0,john-hagelin,"HAGELIN, JOHN",John Hagelin,OTHER,825,605897,0.0013616175686626604,False,1
1996,MAINE,ME,23,11,2.0,other,OTHER,Other,OTHER,144,605897,0.00023766415743930075,False,1
1996,MICHIGAN,MI,26,34,23.0,bill-clinton,"CLINTON, BILL",Bill Clinton,DEMOCRAT,1989653,3848844,0.5169482057469723,False,1
1996,MICHIGAN,MI,26,34,23.0,bob-dole,"DOLE, ROBERT",Bob Dole,REPUBLICAN,1481212,3848844,0.3848459433533809,False,1
1996,MICHIGAN,MI,26,34,23.0,ross-perot,"PEROT, ROSS",Ross Perot,OTHER,336670,3848844,0.08747301787237935,False,1
1996,MICHIGAN,MI,26,34,23.0,harry-browne,"BROWNE, HARRY",Harry Browne,LIBERTARIAN,27670,3848844,0.007189171605812031,False,1
1996,MICHIGAN,MI,26,34,23.0,write-in-blank,,Write-in/blank,OTHER,4678,3848844,0.0012154298797249251,True,1
1996,MICHIGAN,MI,26,34,23.0,john-hagelin,"HAGELIN, JOHN",John Hagelin,OTHER,4254,3848844,0.001105266932097014,False,1
1996,MICHIGAN,MI,26,34,23.0,monica-moorehead,"MOOREHEAD, MONICA",Monica Moorehead,OTHER,3153,3848844,0.0008192070138462354,False,1
1996,MICHIGAN,MI,26,34,23.0,jerome-jerry-white,"WHITE, JEROME ""JERRY""","Jerome ""Jerry"" White",OTHER,1554,3848844,0.0004037575957872026,False,1
1996,MINNESOTA,MN,27,41,33.0,bill-clinton,"CLINTON, BILL",Bill Clinton,DEMOCRAT,1120380,2192492,0.5110075658200806,False,1
1996,MINNESOTA,MN,27,41,33.0,bob-dole,"DOLE, ROBERT",Bob Dole,REPUBLICAN,766395,2192492,0.3495542971194422,False,1
1996,MINNESOTA,MN,27,41,33.0,ross-perot,"PEROT, ROSS",Ross Perot,OTHER,257698,2192492,0.11753657481988532,False,1
1996,MINNESOTA,MN,27,41,33.0,ralph-nader,"NADER, RALPH",Ralph Nader,OTHER,24906,2192492,0.011359676568945291,False,1
1996,MINNESOTA,MN,27,41,33.0,harry-browne,"BROWNE, HARRY",Harry Browne,LIBERTARIAN,8271,2192492,0.0037724196941197503,False,1
1996,MINNESOTA,MN,27,41,33.0,dennis-peron,"PERON, DENNIS",Dennis Peron,OTHER,4898,2192492,0.002233987626864773,False,1
1996,MINNESOTA,MN,27,41,33.0,howard-phillips,"PHILLIPS, HOWARD",Howard Phillips,OTHER,3415,2192492,0.0015575883515196406,False,1
1996,MINNESOTA,MN,27,41,33.0,write-in-blank,,Write-in/blank,OTHER,2903,2192492,0.00132406412429327,True,1
1996,MINNESOTA,MN,27,41,33.0,john-hagelin,"HAGELIN, JOHN",John Hagelin,OTHER,1808,2192492,0.0008246324273931216,False,1
1996,MINNESOTA,MN,27,41,33.0,john-birrenback,"BIRRENBACK, JOHN",John Birrenback,OTHER,787,2192492,0.0003589522789592847,False,1
1996,MINNESOTA,MN,27,41,33.0,james-harris,"HARRIS, JAMES",James Harris,OTHER,684,2192492,0.00031197377231022966,False,1
1996,MINNESOTA,MN,27,41,33.0,jerome-jerry-white,"WHITE, JEROME ""JERRY""","Jerome ""Jerry"" White",OTHER,347,2192492,0.00015826739618662235,False,1
1996,MISSOURI,MO,29,43,34.0,bill-clinton,"CLINTON, BILL",Bill Clinton,DEMOCRAT,1025935,2158065,0.4753957827961623,False,1
1996,MISSOURI,MO,29,43,34.0,bob-dole,"DOLE, ROBERT",Bob Dole,REPUBLICAN,890016,2158065,0.41241389856190613,False,1
1996,MISSOURI,MO,29,43,34.0,ross-perot,"PEROT, ROSS",Ross Perot,OTHER,217188,2158065,0.10064015680713972,False,1
1996,MISSOURI,MO,29,43,34.0,howard-phillips,"PHILLIPS, HOWARD",Howard Phillips,OTHER,11521,2158065,0.005338578773113878,False,1
1996,MISSOURI,MO,29,43,34.0,harry-browne,"BROWNE, HARRY",Harry Browne,LIBERTARIAN,10522,2158065,0.0048756640787001315,False,1
1996,MISSOURI,MO,29,43,34.0,john-hagelin,"HAGELIN, JOHN",John Hagelin,OTHER,2287,2158065,0.0010597456517760122,False,1
1996,MISSOURI,MO,29,43,34.0,write-in-blank,,Write-in/blank,OTHER,596,2158065,0.0002761733312017942,False,1
1996,MISSISSIPPI,MS,28,64,46.0,bob-dole,"DOLE, ROBERT",Bob Dole,REPUBLICAN,439838,893857,0.4920675231049262,False,1
1996,MISSISSIPPI,MS,28,64,46.0,bill-clinton,"CLINTON, BILL",Bill Clinton,DEMOCRAT,394022,893857,0.4408110022072882,False,1
1996,MISSISSIPPI,MS,28,64,46.0,write-in-blank,,Write-in/blank,OTHER,53427,893857,0.059771305701023764,False,1
1996,MISSISSIPPI,MS,28,64,46.0,harry-browne,"BROWNE, HARRY",Harry Browne,LIBERTARIAN,2809,893857,0.0031425608346748977,False,1
1996,MISSISSIPPI,MS,28,64,46.0,howard-phillips,"PHILLIPS, HOWARD",Howard Phillips,OTHER,2314,893857,0.0025887809795079077,False,1
1996,MISSISSIPPI,MS,28,64,46.0,john-hagelin,"HAGELIN, JOHN",John Hagelin,OTHER,1447,893857,0.001618827172579059,False,1
1996,MONTANA,MT,30,81,64.0,bob-dole,"DOLE, ROBERT",Bob Dole,REPUBLICAN,179652,407083,0.44131540742305625,False,1
1996,MONTANA,MT,30,81,64.0,bill-clinton,"CLINTON, BILL",Bill Clinton,DEMOCRAT,167922,407083,0.41250064483164367,False,1
1996,MONTANA,MT,30,81,64.0,ross-perot,"PEROT, ROSS",Ross Perot,OTHER,55229,407083,0.13567012132660908,False,1
1996,MONTANA,MT,30,81,64.0,harry-browne,"BROWNE, HARRY",Harry Browne,LIBERTARIAN,2526,407083,0.006205122788227462,False,1
1996,MONTANA,MT,30,81,64.0,john-hagelin,"HAGELIN, JOHN",John Hagelin,OTHER,1754,407083,0.0043087036304635664,False,1
1996,NORTH CAROLINA,NC,37,56,47.0,bob-dole,"DOLE, ROBERT",Bob Dole,REPUBLICAN,1225938,2515807,0.4872941366328975,False,1
1996,NORTH CAROLINA,NC,37,56,47.0,bill-clinton,"CLINTON, BILL",Bill Clinton,DEMOCRAT,1107849,2515807,0.4403553213740164,False,1
1996,NORTH CAROLINA,NC,37,56,47.0,ross-perot,"PEROT, ROSS",Ross Perot,OTHER,168059,2515807,0.06680122918808955,False,1
1996,NORTH CAROLINA,NC,37,56,47.0,harry-browne,"BROWNE, HARRY",Harry Browne,LIBERTARIAN,8740,2515807,0.003474034375450899,False,1
1996,NORTH CAROLINA,NC,37,56,47.0,john-hagelin,"HAGELIN, JOHN",John Hagelin,OTHER,2771,2515807,0.0011014358414616066,False,1
1996,NORTH CAROLINA,NC,37,56,47.0,write-in-blank,,Write-in/blank,OTHER,2450,2515807,0.0009738425880840621,True,1
1996,NORTH DAKOTA,ND,38,44,36.0,bob-dole,"DOLE, ROBERT",Bob Dole,REPUBLICAN,125050,266411,0.46938752528987165,False,1
1996,NORTH DAKOTA,ND,38,44,36.0,bill-clinton,"CLINTON, BILL",Bill Clinton,DEMOCRAT,106905,266411,0.4012784757386144,False,1
1996,NORTH DAKOTA,ND,38,44,36.0,ross-perot,"PEROT, ROSS",Ross Perot,OTHER,32515,266411,0.12204826377289225,False,1
1996,NORTH DAKOTA,ND,38,44,36.0,harry-browne,"BROWNE, HARRY",Harry Browne,LIBERTARIAN,847,266411,0.003179298152103329,False,1
1996,NORTH DAKOTA,ND,38,44,36.0,howard-phillips,"PHILLIPS, HOWARD",Howard Phillips,OTHER,745,266411,0.0027964310782963167,False,1
1996,NORTH DAKOTA,ND,38,44,36.0,john-hagelin,"HAGELIN, JOHN",John Hagelin,OTHER,349,266411,0.0013100059682220329,False,1
1996,NEBRASKA,NE,31,46,35.0,bob-dole,"DOLE, ROBERT",Bob Dole,REPUBLICAN,363467,677415,0.5365499730593506,False,1
1996,NEBRASKA,NE,31,46,35.0,bill-clinton,"CLINTON, BILL",Bill Clinton,DEMOCRAT,236761,677415,0.34950658016134867,False,1
1996,NEBRASKA,NE,31,46,35.0,ross-perot,"PEROT, ROSS",Ross Perot,OTHER,71278,677415,0.10522058117992664,False,1
1996,NEBRASKA,NE,31,46,35.0,harry-browne,"BROWNE, HARRY",Harry Browne,LIBERTARIAN,2792,677415,0.004121550305204343,False,1
1996,NEBRASKA,NE,31,46,35.0,howard-phillips,"PHILLIPS, HOWARD",Howard Phillips,OTHER,1928,677415,0.002846113534539389,False,1
1996,NEBRASKA,NE,31,46,35.0,john-hagelin,"HAGELIN, JOHN",John Hagelin,OTHER,1189,677415,0.0017552017596303596,False,1
1996,NEW HAMPSHIRE,NH,33,12,4.0,bill-clinton,"CLINTON, BILL",Bill Clinton,DEMOCRAT,246166,496597,0.4957057734944029,False,1
1996,NEW HAMPSHIRE,NH,33,12,4.0,bob-dole,"DOLE, ROBERT",Bob Dole,REPUBLICAN,196486,496597,0.395664895277257,False,1
1996,NEW HAMPSHIRE,NH,33,12,4.0,ross-perot,"PEROT, ROSS",Ross Perot,OTHER,48387,496597,0.09743715729253298,False,1
1996,NEW HAMPSHIRE,NH,33,12,4.0,harry-browne,"BROWNE, HARRY",Harry Browne,LIBERTARIAN,4214,496597,0.00848575404200992,False,1
1996,NEW HAMPSHIRE,NH,33,12,4.0,howard-phillips,"PHILLIPS, HOWARD",Howard Phillips,OTHER,1344,496597,0.0027064198937971837,False,1
1996,NEW JERSEY,NJ,34,22,12.0,bill-clinton,"CLINTON, BILL",Bill Clinton,DEMOCRAT,1652361,3075860,0.5372029286118354,False,1
1996,NEW JERSEY,NJ,34,22,12.0,bob-dole,"DOLE, ROBERT",Bob Dole,REPUBLICAN,1103099,3075860,0.3586310820388444,False,1
1996,NEW JERSEY,NJ,34,22,12.0,write-in-blank,,Write-in/blank,OTHER,320400,3075860,0.10416598934932018,False,1
1996,NEW MEXICO,NM,35,85,66.0,bill-clinton,"CLINTON, BILL",Bill Clinton,DEMOCRAT,273495,556074,0.4918320223567367,False,1
1996,NEW MEXICO,NM,35,85,66.0,bob-dole,"DOLE, ROBERT",Bob Dole,REPUBLICAN,232751,556074,0.4185611986893831,False,1
1996,NEW MEXICO,NM,35,85,66.0,ross-perot,"PEROT, ROSS",Ross Perot,OTHER,32257,556074,0.05800846649906308,False,1
1996,NEW MEXICO,NM,35,85,66.0,ralph-nader,"NADER, RALPH",Ralph Nader,OTHER,13218,556074,0.023770217632904975,False,1
1996,NEW MEXICO,NM,35,85,66.0,harry-browne,"BROWNE, HARRY",Harry Browne,LIBERTARIAN,2996,556074,0.0053877721310473066,False,1
1996,NEW MEXICO,NM,35,85,66.0,howard-phillips,"PHILLIPS, HOWARD",Howard Phillips,OTHER,713,556074,0.0012822034477425665,False,1
1996,NEW MEXICO,NM,35,85,66.0,john-hagelin,"HAGELIN, JOHN",John Hagelin,OTHER,644,556074,0.0011581192431223183,False,1
1996,NEVADA,NV,32,88,65.0,bill-clinton,"CLINTON, BILL",Bill Clinton,DEMOCRAT,203974,464279,0.43933496884416484,False,1
1996,NEVADA,NV,32,88,65.0,bob-dole,"DOLE, ROBERT",Bob Dole,REPUBLICAN,199244,464279,0.4291471292046377,False,1
1996,NEVADA,NV,32,88,65.0,ross-perot,"PEROT, ROSS",Ross Perot,OTHER,43986,464279,0.0947404470156953,False,1
1996,NEVADA,NV,32,88,65.0,none-of-the-above,NONE OF THE ABOVE,None Of The Above,OTHER,5608,464279,0.012078943910881173,False,1
1996,NEVADA,NV,32,88,65.0,ralph-nader,"NADER, RALPH",Ralph Nader,OTHER,4730,464279,0.010187839639527095,False,1
1996,NEVADA,NV,32,88,65.0,harry-browne,"BROWNE, HARRY",Harry Browne,LIBERTARIAN,4460,464279,0.009606292767926182,False,1
1996,NEVADA,NV,32,88,65.0,howard-phillips,"PHILLIPS, HOWARD",Howard Phillips,OTHER,1732,464279,0.0037305154874547417,False,1
1996,NEVADA,NV,32,88,65.0,john-hagelin,"HAGELIN, JOHN",John Hagelin,OTHER,545,464279,0.0011738631297129529,False,1
1996,NEW YORK,NY,36,21,13.0,bill-clinton,"CLINTON, BILL",Bill Clinton,DEMOCRAT,3649630,6439129,0.5667893903041855,False,1
1996,NEW YORK,NY,36,21,13.0,bob-dole,"DOLE, ROBERT",Bob Dole,REPUBLICAN,1738707,6439129,0.27002207907311687,False,1
1996,NEW YORK,NY,36,21,13.0,ross-perot,"PEROT, ROSS",Ross Perot,OTHER,503458,6439129,0.07818728278312176,False,1
1996,NEW YORK,NY,36,21,13.0,bob-dole,"DOLE, ROBERT",Bob Dole,OTHER,194785,6439129,0.030250209306258657,False,2
1996,NEW YORK,NY,36,21,13.0,blank-vote-scattering,BLANK VOTE/SCATTERING,Blank Vote/Scattering,OTHER,123000,6439129,0.019101962392739764,False,1
1996,NEW YORK,NY,36,21,13.0,bill-clinton,"CLINTON, BILL",Bill Clinton,OTHER,106547,6439129,0.01654680314682312,False,1
1996,NEW YORK,NY,36,21,13.0,ralph-nader,"NADER, RALPH",Ralph Nader,OTHER,75956,6439129,0.011796005329292206,False,1
1996,NEW YORK,NY,36,21,13.0,howard-phillips,"PHILLIPS, HOWARD",Howard Phillips,OTHER,23580,6439129,0.003661985961144745,False,1
1996,NEW YORK,NY,36,21,13.0,harry-browne,"BROWNE, HARRY",Harry Browne,LIBERTARIAN,12220,6439129,0.0018977721986933327,False,1
1996,NEW YORK,NY,36,21,13.0,john-hagelin,"HAGELIN, JOHN",John Hagelin,OTHER,5011,6439129,0.0007782108418700728,False,1
1996,NEW YORK,NY,36,21,13.0,monica-moorehead,"MOOREHEAD, MONICA",Monica Moorehead,OTHER,3473,6439129,0.0005393586617071967,False,1
1996,NEW YORK,NY,36,21,13.0,james-harris,"HARRIS, JAMES",James Harris,OTHER,2762,6439129,0.0004289400010467254,False,1
1996,OHIO,OH,39,31,24.0,bill-clinton,"CLINTON, BILL",Bill Clinton,DEMOCRAT,2148222,4534434,0.4737574744720069,False,1
1996,OHIO,OH,39,31,24.0,bob-dole,"DOLE, ROBERT",Bob Dole,REPUBLICAN,1859883,4534434,0.4101687222705193,False,1
1996,OHIO,OH,39,31,24.0,ross-perot,"PEROT, ROSS",Ross Perot,OTHER,483207,4534434,0.10656390632215619,False,1
1996,OHIO,OH,39,31,24.0,harry-browne,"BROWNE, HARRY",Harry Browne,LIBERTARIAN,12851,4534434,0.0028340913110655045,False,1
1996,OHIO,OH,39,31,24.0,monica-moorehead,"MOOREHEAD, MONICA",Monica Moorehead,OTHER,10813,4534434,0.002384641611279379,False,1
1996,OHIO,OH,39,31,24.0,john-hagelin,"HAGELIN, JOHN",John Hagelin,OTHER,9120,4534434,0.002011276379808373,False,1
1996,OHIO,OH,39,31,24.0,howard-phillips,"PHILLIPS, HOWARD",Howard Phillips,OTHER,7361,4534434,0.0016233558587466484,False,1
1996,OHIO,OH,39,31,24.0,ralph-nader,"NADER, RALPH",Ralph Nader,OTHER,2962,4534434,0.0006532237540561843,False,1
1996,OHIO,OH,39,31,24.0,other,OTHER,Other,OTHER,15,4534434,3.3080203615269294e-06,False,1
1996,OKLAHOMA,OK,40,73,53.0,bob-dole,"DOLE, ROBERT",Bob Dole,REPUBLICAN,582315,1206713,0.48256296236139,False,1
1996,OKLAHOMA,OK,40,73,53.0,bill-clinton,"CLINTON, BILL",Bill Clinton,DEMOCRAT,488105,1206713,0.40449137450247075,False,1
1996,OKLAHOMA,OK,40,73,53.0,ross-perot,"PEROT, ROSS",Ross Perot,OTHER,130788,1206713,0.10838368360993873,False,1
1996,OKLAHOMA,OK,40,73,53.0,harry-browne,"BROWNE, HARRY",Harry Browne,LIBERTARIAN,5505,1206713,0.004561979526200514,False,1
1996,OREGON,OR,41,92,72.0,bill-clinton,"CLINTON, BILL",Bill Clinton,DEMOCRAT,649641,1377760,0.4715197131575891,False,1
1996,OREGON,OR,41,92,72.0,bob-dole,"DOLE, ROBERT",Bob Dole,REPUBLICAN,538152,1377760,0.3905992335384973,False,1
1996,OREGON,OR,41,92,72.0,ross-perot,"PEROT, ROSS",Ross Perot,OTHER,121221,1377760,0.08798411914992452,False,1
1996,OREGON,OR,41,92,72.0,ralph-nader,"NADER, RALPH",Ralph Nader,OTHER,49415,1377760,0.03586618859598188,False,1
1996,OREGON,OR,41,92,72.0,harry-browne,"BROWNE, HARRY",Harry Browne,LIBERTARIAN,8903,1377760,0.0064619382185576585,False,1
1996,OREGON,OR,41,92,72.0,howard-phillips,"PHILLIPS, HOWARD",Howard Phillips,OTHER,3379,1377760,0.0024525316455696203,False,1
1996,OREGON,OR,41,92,72.0,john-hagelin,"HAGELIN, JOHN",John Hagelin,OTHER,2798,1377760,0.0020308326559052375,False,1
1996,OREGON,OR,41,92,72.0,other,OTHER,Other,OTHER,2329,1377760,0.0016904250377424224,False,1
1996,OREGON,OR,41,92,72.0,mary-cal-hollis,"HOLLIS, MARY CAL",Mary Cal Hollis,OTHER,1922,1377760,0.001395018000232261,False,1
1996,PENNSYLVANIA,PA,42,23,14.0,bill-clinton,"CLINTON, BILL",Bill Clinton,DEMOCRAT,2215819,4501307,0.492261247677619,False,1
1996,PENNSYLVANIA,PA,42,23,14.0,bob-dole,"DOLE, ROBERT",Bob Dole,REPUBLICAN,1801169,4501307,0.40014355830428805,False,1
1996,PENNSYLVANIA,PA,42,23,14.0,ross-perot,"PEROT, ROSS",Ross Perot,OTHER,430984,4501307,0.09574641320843034,False,1
1996,PENNSYLVANIA,PA,42,23,14.0,harry-browne,"BROWNE, HARRY",Harry Browne,LIBERTARIAN,28000,4501307,0.006220415537087339,False,1
1996,PENNSYLVANIA,PA,42,23,14.0,howard-phillips,"PHILLIPS, HOWARD",Howard Phillips,OTHER,19552,4501307,0.004343627306468987,False,1
1996,PENNSYLVANIA,PA,42,23,14.0,john-hagelin,"HAGELIN, JOHN",John Hagelin,OTHER,5783,4501307,0.0012847379661062887,False,1
1996,RHODE ISLAND,RI,44,15,5.0,bill-clinton,"CLINTON, BILL",Bill Clinton,DEMOCRAT,233050,390247,0.5971858848370392,False,1
1996,RHODE ISLAND,RI,44,15,5.0,bob-dole,"DOLE, ROBERT",Bob Dole,REPUBLICAN,104683,390247,0.26824805828103737,False,1
1996,RHODE ISLAND,RI,44,15,5.0,ross-perot,"PEROT, ROSS",Ross Perot,OTHER,43723,390247,0.11203929818807064,False,1
1996,RHODE ISLAND,RI,44,15,5.0,ralph-nader,"NADER, RALPH",Ralph Nader,OTHER,6040,390247,0.015477377148318885,False,1
1996,RHODE ISLAND,RI,44,15,5.0,harry-browne,"BROWNE, HARRY",Harry Browne,LIBERTARIAN,1109,390247,0.0028417899432923253,False,1
1996,RHODE ISLAND,RI,44,15,5.0,howard-phillips,"PHILLIPS, HOWARD",Howard Phillips,OTHER,1021,390247,0.002616291733184368,False,1
1996,RHODE ISLAND,RI,44,15,5.0,john-hagelin,"HAGELIN, JOHN",John Hagelin,OTHER,435,390247,0.001114678652238198,False,1
1996,RHODE ISLAND,RI,44,15,5.0,monica-moorehead,"MOOREHEAD, MONICA",Monica Moorehead,OTHER,186,390247,0.0004766212168190915,False,1
1996,SOUTH CAROLINA,SC,45,57,48.0,bob-dole,"DOLE, ROBERT",Bob Dole,REPUBLICAN,573339,1150182,0.498476762807973,False,1
1996,SOUTH CAROLINA,SC,45,57,48.0,bill-clinton,"CLINTON, BILL",Bill Clinton,DEMOCRAT,506152,1150182,0.44006252923450373,False,1
1996,SOUTH CAROLINA,SC,45,57,48.0,ross-perot,"PEROT, ROSS",Ross Perot,OTHER,64377,1150182,0.0559711419584031,False,2
1996,SOUTH CAROLINA,SC,45,57,48.0,harry-browne,"BROWNE, HARRY",Harry Browne,LIBERTARIAN,4271,1150182,0.0037133253693763246,False,1
1996,SOUTH CAROLINA,SC,45,57,48.0,howard-phillips,"PHILLIPS, HOWARD",Howard Phillips,OTHER,2043,1150182,0.0017762406297438145,False,1
1996,SOUTH DAKOTA,SD,46,45,37.0,bob-dole,"DOLE, ROBERT",Bob Dole,REPUBLICAN,150543,323826,0.46488855125900946,False,1
1996,SOUTH DAKOTA,SD,46,45,37.0,bill-clinton,"CLINTON, BILL",Bill Clinton,DEMOCRAT,139333,323826,0.43027119502448846,False,1
1996,SOUTH DAKOTA,SD,46,45,37.0,write-in-blank,,Write-in/blank,OTHER,32478,323826,0.10029460265698245,False,1
1996,SOUTH DAKOTA,SD,46,45,37.0,harry-browne,"BROWNE, HARRY",Harry Browne,LIBERTARIAN,1472,323826,0.004545651059519619,False,1
1996,TENNESSEE,TN,47,62,54.0,bill-clinton,"CLINTON, BILL",Bill Clinton,DEMOCRAT,909146,1894105,0.4799871179264085,False,1
1996,TENNESSEE,TN,47,62,54.0,bob-dole,"DOLE, ROBERT",Bob Dole,REPUBLICAN,863530,1894105,0.4559039757563599,False,1
1996,TENNESSEE,TN,47,62,54.0,write-in-blank,,Write-in/blank,OTHER,121429,1894105,0.06410890631723162,True,2
1996,TEXAS,TX,48,74,49.0,bob-dole,"DOLE, ROBERT",Bob Dole,REPUBLICAN,2736167,5611644,0.48758741645050896,False,1
1996,TEXAS,TX,48,74,49.0,bill-clinton,"CLINTON, BILL",Bill Clinton,DEMOCRAT,2459683,5611644,0.43831771937065145,False,1
1996,TEXAS,TX,48,74,49.0,ross-perot,"PEROT, ROSS",Ross Perot,OTHER,378537,5611644,0.06745563332242743,False,1
1996,TEXAS,TX,48,74,49.0,harry-browne,"BROWNE, HARRY",Harry Browne,LIBERTARIAN,20256,5611644,0.0036096373896847343,False,1
1996,TEXAS,TX,48,74,49.0,howard-phillips,"PHILLIPS, HOWARD",Howard Phillips,OTHER,7472,5611644,0.0013315171097810195,False,1
1996,TEXAS,TX,48,74,49.0,write-in-blank,,Write-in/blank,OTHER,5107,5611644,0.000910071986034752,True,1
1996,TEXAS,TX,48,74,49.0,john-hagelin,"HAGELIN, JOHN",John Hagelin,OTHER,4422,5611644,0.0007880043709116259,False,1
1996,UTAH,UT,49,87,67.0,bob-dole,"DOLE, ROBERT",Bob Dole,REPUBLICAN,361911,665629,0.54371278895601,False,1
1996,UTAH,UT,49,87,67.0,bill-clinton,"CLINTON, BILL",Bill Clinton,DEMOCRAT,221633,665629,0.3329677643251721,False,1
1996,UTAH,UT,49,87,67.0,ross-perot,"PEROT, ROSS",Ross Perot,OTHER,66461,665629,0.09984691171808921,False,1
1996,UTAH,UT,49,87,67.0,ralph-nader,"NADER, RALPH",Ralph Nader,OTHER,4615,665629,0.006933291668481992,False,1
1996,UTAH,UT,49,87,67.0,harry-browne,"BROWNE, HARRY",Harry Browne,LIBERTARIAN,4129,665629,0.006203155211086055,False,1
1996,UTAH,UT,49,87,67.0,howard-phillips,"PHILLIPS, HOWARD",Howard Phillips,OTHER,2601,665629,0.003907582151618995,False,1
1996,UTAH,UT,49,87,67.0,diane-templin,"TEMPLIN, DIANE",Diane Templin,OTHER,1290,665629,0.00193801652271761,False,1
1996,UTAH,UT,49,87,67.0,peter-crane,"CRANE, PETER",Peter Crane,OTHER,1101,665629,0.0016540745670636345,False,1
1996,UTAH,UT,49,87,67.0,john-hagelin,"HAGELIN, JOHN",John Hagelin,OTHER,1085,665629,0.0016300371528283773,False,1
1996,UTAH,UT,49,87,67.0,monica-moorehead,"MOOREHEAD, MONICA",Monica Moorehead,OTHER,298,665629,0.00044769684013166495,False,1
1996,UTAH,UT,49,87,67.0,james-harris,"HARRIS, JAMES",James Harris,OTHER,235,665629,0.0003530495215803398,False,1
1996,UTAH,UT,49,87,67.0,write-in-blank,,Write-in/blank,OTHER,159,665629,0.0002388718039628682,True,1
1996,UTAH,UT,49,87,67.0,earl-dodge,"DODGE, EARL",Earl Dodge,OTHER,111,665629,0.00016675956125709667,False,1
1996,VIRGINIA,VA,51,54,40.0,bob-dole,"DOLE, ROBERT",Bob Dole,REPUBLICAN,1138350,2416642,0.471046187230049,False,1
1996,VIRGINIA,VA,51,54,40.0,bill-clinton,"CLINTON, BILL",Bill Clinton,DEMOCRAT,1091060,2416642,0.45147771163457395,False,1
1996,VIRGINIA,VA,51,54,40.0,ross-perot,"PEROT, ROSS",Ross Perot,OTHER,159861,2416642,0.06615005449710797,False,1
1996,VIRGINIA,VA,51,54,40.0,howard-phillips,"PHILLIPS, HOWARD",Howard Phillips,OTHER,13687,2416642,0.00566364401512512,False,1
1996,VIRGINIA,VA,51,54,40.0,harry-browne,"BROWNE, HARRY",Harry Browne,LIBERTARIAN,9174,2416642,0.0037961766782171292,False,1
1996,VIRGINIA,VA,51,54,40.0,john-hagelin,"HAGELIN, JOHN",John Hagelin,OTHER,4510,2416642,0.001866225944926886,False,1
1996,VERMONT,VT,50,13,6.0,bill-clinton,"CLINTON, BILL",Bill Clinton,DEMOCRAT,137894,258449,0.5335443356329489,False,1
1996,VERMONT,VT,50,13,6.0,bob-dole,"DOLE, ROBERT",Bob Dole,REPUBLICAN,80352,258449,0.31090079667555304,False,1
1996,VERMONT,VT,50,13,6.0,ross-perot,"PEROT, ROSS",Ross Perot,OTHER,31024,258449,0.120039156661469,False,1
1996,VERMONT,VT,50,13,6.0,ralph-nader,"NADER, RALPH",Ralph Nader,OTHER,5585,258449,0.021609679279084075,False,1
1996,VERMONT,VT,50,13,6.0,harry-browne,"BROWNE, HARRY",Harry Browne,LIBERTARIAN,1183,258449,0.004577305387136341,False,1
1996,VERMONT,VT,50,13,6.0,write-in-blank,,Write-in/blank,OTHER,560,258449,0.002166771780892942,True,1
1996,VERMONT,VT,50,13,6.0,john-hagelin,"HAGELIN, JOHN",John Hagelin,OTHER,498,258449,0.0019268791908655092,False,1
1996,VERMONT,VT,50,13,6.0,dennis-peron,"PERON, DENNIS",Dennis Peron,OTHER,480,258449,0.0018572329550510932,False,1
1996,VERMONT,VT,50,13,6.0,howard-phillips,"PHILLIPS, HOWARD",Howard Phillips,OTHER,382,258449,0.0014780478933948283,False,1
1996,VERMONT,VT,50,13,6.0,mary-cal-hollis,"HOLLIS, MARY CAL",Mary Cal Hollis,OTHER,292,258449,0.0011298167143227484,False,1
1996,VERMONT,VT,50,13,6.0,james-harris,"HARRIS, JAMES",James Harris,OTHER,199,258449,0.000769977829281599,False,1
1996,WASHINGTON,WA,53,91,73.0,bill-clinton,"CLINTON, BILL",Bill Clinton,DEMOCRAT,1123323,2253837,0.49840472048333573,False,1
1996,WASHINGTON,WA,53,91,73.0,bob-dole,"DOLE, ROBERT",Bob Dole,REPUBLICAN,840712,2253837,0.3730136651408243,False,1
1996,WASHINGTON,WA,53,91,73.0,ross-perot,"PEROT, ROSS",Ross Perot,OTHER,201003,2253837,0.08918258063915004,False,1
1996,WASHINGTON,WA,53,91,73.0,write-in-blank,,Write-in/blank,OTHER,62696,2253837,0.02781745086268439,False,1
1996,WASHINGTON,WA,53,91,73.0,harry-browne,"BROWNE, HARRY",Harry Browne,LIBERTARIAN,12522,2253837,0.005555858742224926,False,1
1996,WASHINGTON,WA,53,91,73.0,john-hagelin,"HAGELIN, JOHN",John Hagelin,OTHER,6076,2253837,0.0026958471264780905,False,1
1996,WASHINGTON,WA,53,91,73.0,howard-phillips,"PHILLIPS, HOWARD",Howard Phillips,OTHER,4578,2253837,0.0020312027888440914,False,1
1996,WASHINGTON,WA,53,91,73.0,monica-moorehead,"MOOREHEAD, MONICA",Monica Moorehead,OTHER,2189,2253837,0.000971232613538601,False,1
1996,WASHINGTON,WA,53,91,73.0,james-harris,"HARRIS, JAMES",James Harris,OTHER,738,2253837,0.0003274416029198207,False,1
1996,WISCONSIN,WI,55,35,25.0,bill-clinton,"CLINTON, BILL",Bill Clinton,DEMOCRAT,1071971,2196169,0.48810952162606797,False,1
1996,WISCONSIN,WI,55,35,25.0,bob-dole,"DOLE, ROBERT",Bob Dole,REPUBLICAN,845029,2196169,0.3847741225743556,False,1
1996,WISCONSIN,WI,55,35,25.0,ross-perot,"PEROT, ROSS",Ross Perot,OTHER,227339,2196169,0.10351616838230573,False,1
1996,WISCONSIN,WI,55,35,25.0,write-in-blank,,Write-in/blank,OTHER,32766,2196169,0.01491961684187328,False,1
1996,WISCONSIN,WI,55,35,25.0,howard-phillips,"PHILLIPS, HOWARD",Howard Phillips,OTHER,8811,2196169,0.0040119863270995995,False,1
1996,WISCONSIN,WI,55,35,25.0,harry-browne,"BROWNE, HARRY",Harry Browne,LIBERTARIAN,7929,2196169,0.003610377889861846,False,1
1996,WISCONSIN,WI,55,35,25.0,scattering,SCATTERING,Scattering,OTHER,2324,2196169,0.0010582063584359857,False,1
1996,WEST VIRGINIA,WV,54,55,56.0,bill-clinton,"CLINTON, BILL",Bill Clinton,DEMOCRAT,327812,636459,0.515055958042859,False,1
1996,WEST VIRGINIA,WV,54,55,56.0,bob-dole,"DOLE, ROBERT",Bob Dole,REPUBLICAN,233946,636459,0.3675743449303097,False,1
1996,WEST VIRGINIA,WV,54,55,56.0,ross-perot,"PEROT, ROSS",Ross Perot,OTHER,71639,636459,0.11255870370283082,False,1
1996,WEST VIRGINIA,WV,54,55,56.0,harry-browne,"BROWNE, HARRY",Harry Browne,LIBERTARIAN,3062,636459,0.004810993324000447,False,1
1996,WYOMING,WY,56,83,68.0,bob-dole,"DOLE, ROBERT",Bob Dole,REPUBLICAN,105388,211571,0.4981211980848037,False,1
1996,WYOMING,WY,56,83,68.0,bill-clinton,"CLINTON, BILL",Bill Clinton,DEMOCRAT,77934,211571,0.3683586124752447,False,1
1996,WYOMING,WY,56,83,68.0,ross-perot,"PEROT, ROSS",Ross Perot,OTHER,25928,211571,0.12254987687348455,False,1
1996,WYOMING,WY,56,83,68.0,harry-browne,"BROWNE, HARRY",Harry Browne,LIBERTARIAN,1739,211571,0.008219462969877724,False,1
1996,WYOMING,WY,56,83,68.0,john-hagelin,"HAGELIN, JOHN",John Hagelin,OTHER,582,211571,0.0027508495965893245,False,1
2000,ALASKA,AK,2,94,81.0,george-w-bush,"BUSH, GEORGE W.",George W. Bush,REPUBLICAN,167398,285560,0.5862095531587057,False,1
2000,ALASKA,AK,2,94,81.0,al-gore,"GORE, AL",Al Gore,DEMOCRAT,79004,285560,0.27666339823504693,False,1
2000,ALASKA,AK,2,94,81.0,ralph-nader,"NADER, RALPH",Ralph Nader,OTHER,28747,285560,0.10066886118503993,False,1
2000,ALASKA,AK,2,94,81.0,patrick-pat-buchanan,"BUCHANAN, PATRICK ""PAT""","Patrick ""Pat"" Buchanan",OTHER,5192,285560,0.01818181818181818,False,1
2000,ALASKA,AK,2,94,81.0,harry-browne,"BROWNE, HARRY",Harry Browne,LIBERTARIAN,2636,285560,0.009230984731755147,False,1
2000,ALASKA,AK,2,94,81.0,write-in-blank,,Write-in/blank,OTHER,1068,285560,0.0037400196105897184,True,1
2000,ALASKA,AK,2,94,81.0,john-hagelin,"HAGELIN, JOHN",John Hagelin,OTHER,919,285560,0.0032182378484381566,False,1
2000,ALASKA,AK,2,94,81.0,howard-phillips,"PHILLIPS, HOWARD",Howard Phillips,OTHER,596,285560,0.0020871270486062473,False,1
2000,ALABAMA,AL,1,63,41.0,george-w-bush,"BUSH, GEORGE W.",George W. Bush,REPUBLICAN,941173,1666272,0.5648375535326765,False,1
2000,ALABAMA,AL,1,63,41.0,al-gore,"GORE, AL",Al Gore,DEMOCRAT,692611,1666272,0.4156650294789806,False,1
2000,ALABAMA,AL,1,63,41.0,write-in-blank,,Write-in/blank,OTHER,26595,1666272,0.01596077951258858,True,2
2000,ALABAMA,AL,1,63,41.0,harry-browne,"BROWNE, HARRY",Harry Browne,LIBERTARIAN,5893,1666272,0.0035366374757542585,False,1
2000,ARKANSAS,AR,5,71,42.0,george-w-bush,"BUSH, GEORGE W.",George W. Bush,REPUBLICAN,472940,921781,0.5130719769663293,False,1
2000,ARKANSAS,AR,5,71,42.0,al-gore,"GORE, AL",Al Gore,DEMOCRAT,422768,921781,0.4586425626043496,False,1
2000,ARKANSAS,AR,5,71,42.0,ralph-nader,"NADER, RALPH",Ralph Nader,OTHER,13421,921781,0.014559857493265754,False,1
2000,ARKANSAS,AR,5,71,42.0,patrick-pat-buchanan,"BUCHANAN, PATRICK ""PAT""","Patrick ""Pat"" Buchanan",OTHER,7358,921781,0.007982373253516833,False,1
2000,ARKANSAS,AR,5,71,42.0,harry-browne,"BROWNE, HARRY",Harry Browne,LIBERTARIAN,2781,921781,0.0030169855963618256,False,1
2000,ARKANSAS,AR,5,71,42.0,howard-phillips,"PHILLIPS, HOWARD",Howard Phillips,OTHER,1415,921781,0.0015350717795224679,False,1
2000,ARKANSAS,AR,5,71,42.0,john-hagelin,"HAGELIN, JOHN",John Hagelin,OTHER,1098,921781,0.0011911723066541835,False,1
2000,ARIZONA,AZ,4,86,61.0,george-w-bush,"BUSH, GEORGE W.",George W. Bush,REPUBLICAN,781652,1532016,0.5102113816043696,False,1
2000,ARIZONA,AZ,4,86,61.0,al-gore,"GORE, AL",Al Gore,DEMOCRAT,685341,1532016,0.4473458501738885,False,1
2000,ARIZONA,AZ,4,86,61.0,ralph-nader,"NADER, RALPH",Ralph Nader,OTHER,45645,1532016,0.02979407525769966,False,1
2000,ARIZONA,AZ,4,86,61.0,patrick-pat-buchanan,"BUCHANAN, PATRICK ""PAT""","Patrick ""Pat"" Buchanan",OTHER,12373,1532016,0.008076286409541415,False,1
2000,ARIZONA,AZ,4,86,61.0,smith-l-neil,"L. NEIL, SMITH",Smith L. Neil,LIBERTARIAN,5775,1532016,0.0037695428768367953,False,1
2000,ARIZONA,AZ,4,86,61.0,john-hagelin,"HAGELIN, JOHN",John Hagelin,OTHER,1120,1532016,0.0007310628609622876,False,1
2000,ARIZONA,AZ,4,86,61.0,write-in-blank,,Write-in/blank,OTHER,110,1532016,7.180081670165324e-05,True,1
2000,CALIFORNIA,CA,6,93,71.0,al-gore,"GORE, AL",Al Gore,DEMOCRAT,5861203,10965822,0.5344973682775446,False,1
2000,CALIFORNIA,CA,6,93,71.0,george-w-bush,"BUSH, GEORGE W.",George W. Bush,REPUBLICAN,4567429,10965822,0.41651496805255456,False,1
2000,CALIFORNIA,CA,6,93,71.0,ralph-nader,"NADER, RALPH",Ralph Nader,OTHER,418707,10965822,0.03818291050137418,False,1
2000,CALIFORNIA,CA,6,93,71.0,harry-browne,"BROWNE, HARRY",Harry Browne,LIBERTARIAN,45520,10965822,0.004151079599869485,False,1
2000,CALIFORNIA,CA,6,93,71.0,patrick-pat-buchanan,"BUCHANAN, PATRICK ""PAT""","Patrick ""Pat"" Buchanan",OTHER,44987,10965822,0.00410247403249843,False,1
2000,CALIFORNIA,CA,6,93,71.0,howard-phillips,"PHILLIPS, HOWARD",Howard Phillips,OTHER,17042,10965822,0.00155410146179648,False,1
2000,CALIFORNIA,CA,6,93,71.0,john-hagelin,"HAGELIN, JOHN",John Hagelin,OTHER,10934,10965822,0.0009970980743623232,False,1
2000,COLORADO,CO,8,84,62.0,george-w-bush,"BUSH, GEORGE W.",George W. Bush,REPUBLICAN,883748,1741368,0.507502147736722,False,1
2000,COLORADO,CO,8,84,62.0,al-gore,"GORE, AL",Al Gore,DEMOCRAT,738227,1741368,0.4239350901130605,False,1
2000,COLORADO,CO,8,84,62.0,ralph-nader,"NADER, RALPH",Ralph Nader,OTHER,91434,1741368,0.052506994500875176,False,1
2000,COLORADO,CO,8,84,62.0,harry-browne,"BROWNE, HARRY",Harry Browne,LIBERTARIAN,12799,1741368,0.007349968530488673,False,1
2000,COLORADO,CO,8,84,62.0,john-hagelin,"HAGELIN, JOHN",John Hagelin,OTHER,12705,1741368,0.007295987981862536,False,2
2000,COLORADO,CO,8,84,62.0,howard-phillips,"PHILLIPS, HOWARD",Howard Phillips,OTHER,1319,1741368,0.0007574504642327181,False,1
2000,COLORADO,CO,8,84,62.0,david-mcreynolds,"MCREYNOLDS, DAVID",David Mcreynolds,OTHER,712,1741368,0.00040887394278521256,False,1
2000,COLORADO,CO,8,84,62.0,james-harris,"HARRIS, JAMES",James Harris,OTHER,216,1741368,0.00012404040960899707,False,1
2000,COLORADO,CO,8,84,62.0,earl-dodge,"DODGE, EARL",Earl Dodge,OTHER,208,1741368,0.0001194463203642194,False,1
2000,CONNECTICUT,CT,9,16,1.0,al-gore,"GORE, AL",Al Gore,DEMOCRAT,816015,1459525,0.5590962813244035,False,1
2000,CONNECTICUT,CT,9,16,1.0,george-w-bush,"BUSH, GEORGE W.",George W. Bush,REPUBLICAN,561094,1459525,0.384436032270773,False,1
2000,CONNECTICUT,CT,9,16,1.0,ralph-nader,"NADER, RALPH",Ralph Nader,OTHER,64452,1459525,0.04415957246364399,False,1
2000,CONNECTICUT,CT,9,16,1.0,howard-phillips,"PHILLIPS, HOWARD",Howard Phillips,OTHER,9695,1459525,0.0066425720696802045,False,1
2000,CONNECTICUT,CT,9,16,1.0,patrick-pat-buchanan,"BUCHANAN, PATRICK ""PAT""","Patrick ""Pat"" Buchanan",OTHER,4731,1459525,0.0032414655452972715,False,1
2000,CONNECTICUT,CT,9,16,1.0,harry-browne,"BROWNE, HARRY",Harry Browne,LIBERTARIAN,3484,1459525,0.0023870779877014784,False,1
2000,CONNECTICUT,CT,9,16,1.0,write-in-blank,,Write-in/blank,OTHER,54,1459525,3.6998338500539556e-05,True,1
2000,DISTRICT OF COLUMBIA,DC,11,53,55.0,al-gore,"GORE, AL",Al Gore,DEMOCRAT,171923,201894,0.8515508137933767,False,1
2000,DISTRICT OF COLUMBIA,DC,11,53,55.0,george-w-bush,"BUSH, GEORGE W.",George W. Bush,REPUBLICAN,18073,201894,0.08951727143946824,False,1
2000,DISTRICT OF COLUMBIA,DC,11,53,55.0,ralph-nader,"NADER, RALPH",Ralph Nader,OTHER,10576,201894,0.052383924237471145,False,1
2000,DISTRICT OF COLUMBIA,DC,11,53,55.0,harry-browne,"BROWNE, HARRY",Harry Browne,LIBERTARIAN,669,201894,0.0033136200184255104,False,1
2000,DISTRICT OF COLUMBIA,DC,11,53,55.0,write-in-blank,,Write-in/blank,OTHER,539,201894,0.002669717772692601,True,1
2000,DISTRICT OF COLUMBIA,DC,11,53,55.0,james-harris,"HARRIS, JAMES",James Harris,OTHER,114,201894,0.000564652738565782,False,1
2000,DELAWARE,DE,10,51,11.0,al-gore,"GORE, AL",Al Gore,DEMOCRAT,180068,327529,0.5497772716309091,False,1
2000,DELAWARE,DE,10,51,11.0,george-w-bush,"BUSH, GEORGE W.",George W. Bush,REPUBLICAN,137288,327529,0.4191628832866708,False,1
2000,DELAWARE,DE,10,51,11.0,ralph-nader,"NADER, RALPH",Ralph Nader,OTHER,8307,327529,0.025362639644123115,False,1
2000,DELAWARE,DE,10,51,11.0,patrick-pat-buchanan,"BUCHANAN, PATRICK ""PAT""","Patrick ""Pat"" Buchanan",OTHER,777,327529,0.0023723090169114796,False,1
2000,DELAWARE,DE,10,51,11.0,harry-browne,"BROWNE, HARRY",Harry Browne,LIBERTARIAN,774,327529,0.0023631495226376902,False,1
2000,DELAWARE,DE,10,51,11.0,howard-phillips,"PHILLIPS, HOWARD",Howard Phillips,OTHER,208,327529,0.0006350582696494051,False,1
2000,DELAWARE,DE,10,51,11.0,john-hagelin,"HAGELIN, JOHN",John Hagelin,OTHER,107,327529,0.00032668862909849205,False,1
2000,FLORIDA,FL,12,59,43.0,george-w-bush,"BUSH, GEORGE W.",George W. Bush,REPUBLICAN,2912790,5963110,0.4884682657204043,False,1
2000,FLORIDA,FL,12,59,43.0,al-gore,"GORE, AL",Al Gore,DEMOCRAT,2912253,5963110,0.48837821204036147,False,1
2000,FLORIDA,FL,12,59,43.0,ralph-nader,"NADER, RALPH",Ralph Nader,OTHER,97488,5963110,0.016348516126652033,False,1
2000,FLORIDA,FL,12,59,43.0,patrick-pat-buchanan,"BUCHANAN, PATRICK ""PAT""","Patrick ""Pat"" Buchanan",OTHER,17484,5963110,0.0029320270798291496,False,1
2000,FLORIDA,FL,12,59,43.0,harry-browne,"BROWNE, HARRY",Harry Browne,LIBERTARIAN,16415,5963110,0.002752758208384551,False,1
2000,FLORIDA,FL,12,59,43.0,john-hagelin,"HAGELIN, JOHN",John Hagelin,OTHER,2281,5963110,0.00038251851802163637,False,1
2000,FLORIDA,FL,12,59,43.0,monica-moorehead,"MOOREHEAD, MONICA",Monica Moorehead,OTHER,1804,5963110,0.00030252670167077244,False,1
2000,FLORIDA,FL,12,59,43.0,howard-phillips,"PHILLIPS, HOWARD",Howard Phillips,OTHER,1371,5963110,0.0002299135853606591,False,1
2000,FLORIDA,FL,12,59,43.0,david-mcreynolds,"MCREYNOLDS, DAVID",David Mcreynolds,OTHER,622,5963110,0.00010430798693970093,False,1
2000,FLORIDA,FL,12,59,43.0,james-harris,"HARRIS, JAMES",James Harris,OTHER,562,5963110,9.424612324776836e-05,False,1
2000,FLORIDA,FL,12,59,43.0,write-in-blank,,Write-in/blank,OTHER,40,5963110,6.7079091279550436e-06,True,1
2000,GEORGIA,GA,13,58,44.0,george-w-bush,"BUSH, GEORGE W.",George W. Bush,REPUBLICAN,1419720,2583208,0.5495956965137921,False,1
2000,GEORGIA,GA,13,58,44.0,al-gore,"GORE, AL",Al Gore,DEMOCRAT,1116230,2583208,0.4321099965624139,False,1
2000,GEORGIA,GA,13,58,44.0,harry-browne,"BROWNE, HARRY",Harry Browne,LIBERTARIAN,36332,2583208,0.014064682363944366,False,1
2000,GEORGIA,GA,13,58,44.0,patrick-pat-buchanan,"BUCHANAN, PATRICK ""PAT""","Patrick ""Pat"" Buchanan",OTHER,10926,2583208,0.004229624559849613,False,1
2000,HAWAII,HI,15,95,82.0,al-gore,"GORE, AL",Al Gore,DEMOCRAT,205286,367951,0.5579166791230354,False,1
2000,HAWAII,HI,15,95,82.0,george-w-bush,"BUSH, GEORGE W.",George W. Bush,REPUBLICAN,137845,367951,0.3746286869719066,False,1
2000,HAWAII,HI,15,95,82.0,ralph-nader,"NADER, RALPH",Ralph Nader,OTHER,21623,367951,0.05876597699150159,False,1
2000,HAWAII,HI,15,95,82.0,harry-browne,"BROWNE, HARRY",Harry Browne,LIBERTARIAN,1477,367951,0.004014121445518561,False,1
2000,HAWAII,HI,15,95,82.0,patrick-pat-buchanan,"BUCHANAN, PATRICK ""PAT""","Patrick ""Pat"" Buchanan",OTHER,1071,367951,0.002910713654807298,False,1
2000,HAWAII,HI,15,95,82.0,howard-phillips,"PHILLIPS, HOWARD",Howard Phillips,OTHER,343,367951,0.0009321893404284809,False,1
2000,HAWAII,HI,15,95,82.0,john-hagelin,"HAGELIN, JOHN",John Hagelin,OTHER,306,367951,0.000831632472802085,False,1
2000,IOWA,IA,19,42,31.0,al-gore,"GORE, AL",Al Gore,DEMOCRAT,638517,1353022,0.4719191557860848,False,1
2000,IOWA,IA,19,42,31.0,george-w-bush,"BUSH, GEORGE W.",George W. Bush,REPUBLICAN,634373,1353022,0.4688563822317745,False,1
2000,IOWA,IA,19,42,31.0,write-in-blank,,Write-in/blank,OTHER,37459,1353022,0.02768543305282545,False,1
2000,IOWA,IA,19,42,31.0,ralph-nader,"NADER, RALPH",Ralph Nader,OTHER,29374,1353022,0.021709920459534286,False,1
2000,IOWA,IA,19,42,31.0,patrick-pat-buchanan,"BUCHANAN, PATRICK ""PAT""","Patrick ""Pat"" Buchanan",OTHER,5731,1353022,0.0042357034844961875,False,1
2000,IOWA,IA,19,42,31.0,harry-browne,"BROWNE, HARRY",Harry Browne,LIBERTARIAN,3209,1353022,0.002371727880256197,False,1
2000,IOWA,IA,19,42,31.0,john-hagelin,"HAGELIN, JOHN",John Hagelin,OTHER,2281,1353022,0.0016858558101789918,False,1
2000,IOWA,IA,19,42,31.0,scattering,SCATTERING,Scattering,OTHER,1168,1353022,0.0008632527778557925,False,1
2000,IOWA,IA,19,42,31.0,howard-phillips,"PHILLIPS, HOWARD",Howard Phillips,OTHER,613,1353022,0.0004530598911178089,False,1
2000,IOWA,IA,19,42,31.0,james-harris,"HARRIS, JAMES",James Harris,OTHER,190,1353022,0.00014042639365804843,False,1
2000,IOWA,IA,19,42,31.0,david-mcreynolds,"MCREYNOLDS, DAVID",David Mcreynolds,OTHER,107,1353022,7.908223221795359e-05,False,1
2000,IDAHO,ID,16,82,63.0,george-w-bush,"BUSH, GEORGE W.",George W. Bush,REPUBLICAN,336937,501615,0.6717043948047806,False,1
2000,IDAHO,ID,16,82,63.0,al-gore,"GORE, AL",Al Gore,DEMOCRAT,138637,501615,0.27638128843834414,False,1
2000,IDAHO,ID,16,82,63.0,ralph-nader,"NADER, RALPH",Ralph Nader,OTHER,12292,501615,0.024504849336642643,True,1
2000,IDAHO,ID,16,82,63.0,patrick-pat-buchanan,"BUCHANAN, PATRICK ""PAT""","Patrick ""Pat"" Buchanan",OTHER,7615,501615,0.015180965481494772,False,1
2000,IDAHO,ID,16,82,63.0,harry-browne,"BROWNE, HARRY",Harry Browne,LIBERTARIAN,3488,501615,0.006953540065588151,False,1
2000,IDAHO,ID,16,82,63.0,howard-phillips,"PHILLIPS, HOWARD",Howard Phillips,OTHER,1469,501615,0.00292854081317345,False,1
2000,IDAHO,ID,16,82,63.0,john-hagelin,"HAGELIN, JOHN",John Hagelin,OTHER,1177,501615,0.0023464210599762766,False,1
2000,ILLINOIS,IL,17,33,21.0,al-gore,"GORE, AL",Al Gore,DEMOCRAT,2589026,4742108,0.545965212095549,False,1
2000,ILLINOIS,IL,17,33,21.0,george-w-bush,"BUSH, GEORGE W.",George W. Bush,REPUBLICAN,2019421,4742108,0.42584879973210227,False,1
2000,ILLINOIS,IL,17,33,21.0,ralph-nader,"NADER, RALPH",Ralph Nader,OTHER,103759,4742108,0.02188035363176039,False,1
2000,ILLINOIS,IL,17,33,21.0,write-in-blank,,Write-in/blank,OTHER,16152,4742108,0.0034060801651923573,True,2
2000,ILLINOIS,IL,17,33,21.0,harry-browne,"BROWNE, HARRY",Harry Browne,LIBERTARIAN,11623,4742108,0.0024510196731074027,False,1
2000,ILLINOIS,IL,17,33,21.0,patrick-pat-buchanan,"BUCHANAN, PATRICK ""PAT""","Patrick ""Pat"" Buchanan",OTHER,2127,4742108,0.0004485347022885181,False,1
2000,INDIANA,IN,18,32,22.0,george-w-bush,"BUSH, GEORGE W.",George W. Bush,REPUBLICAN,1245836,2199302,0.566468816015263,False,1
2000,INDIANA,IN,18,32,22.0,al-gore,"GORE, AL",Al Gore,DEMOCRAT,901980,2199302,0.4101210293083897,False,1
2000,INDIANA,IN,18,32,22.0,write-in-blank,,Write-in/blank,OTHER,18997,2199302,0.008637740519492093,True,1
2000,INDIANA,IN,18,32,22.0,patrick-pat-buchanan,"BUCHANAN, PATRICK ""PAT""","Patrick ""Pat"" Buchanan",OTHER,16959,2199302,0.007711082879931905,False,1
2000,INDIANA,IN,18,32,22.0,harry-browne,"BROWNE, HARRY",Harry Browne,LIBERTARIAN,15530,2199302,0.007061331276923315,False,1
2000,KANSAS,KS,20,47,32.0,george-w-bush,"BUSH, GEORGE W.",George W. Bush,REPUBLICAN,622332,1072216,0.580416632469577,False,1
2000,KANSAS,KS,20,47,32.0,al-gore,"GORE, AL",Al Gore,DEMOCRAT,399276,1072216,0.3723839226424526,False,1
2000,KANSAS,KS,20,47,32.0,write-in-blank,,Write-in/blank,OTHER,37459,1072216,0.03493605766002373,False,1
2000,KANSAS,KS,20,47,32.0,patrick-pat-buchanan,"BUCHANAN, PATRICK ""PAT""","Patrick ""Pat"" Buchanan",OTHER,7370,1072216,0.0068736150178695336,False,1
2000,KANSAS,KS,20,47,32.0,harry-browne,"BROWNE, HARRY",Harry Browne,LIBERTARIAN,4525,1072216,0.004220231744350019,False,1
2000,KANSAS,KS,20,47,32.0,howard-phillips,"PHILLIPS, HOWARD",Howard Phillips,OTHER,1254,1072216,0.001169540465727055,False,1
2000,KENTUCKY,KY,21,61,51.0,george-w-bush,"BUSH, GEORGE W.",George W. Bush,REPUBLICAN,872520,1544106,0.565064833631888,False,1
2000,KENTUCKY,KY,21,61,51.0,al-gore,"GORE, AL",Al Gore,DEMOCRAT,638923,1544106,0.4137818258591055,False,1
2000,KENTUCKY,KY,21,61,51.0,ralph-nader,"NADER, RALPH",Ralph Nader,OTHER,23118,1544106,0.014971770072779977,False,1
2000,KENTUCKY,KY,21,61,51.0,patrick-pat-buchanan,"BUCHANAN, PATRICK ""PAT""","Patrick ""Pat"" Buchanan",OTHER,4152,1544106,0.0026889345679635985,False,1
2000,KENTUCKY,KY,21,61,51.0,harry-browne,"BROWNE, HARRY",Harry Browne,LIBERTARIAN,2885,1544106,0.0018683950454178664,False,1
2000,KENTUCKY,KY,21,61,51.0,john-hagelin,"HAGELIN, JOHN",John Hagelin,OTHER,1513,1544106,0.0009798550099539799,False,1
2000,KENTUCKY,KY,21,61,51.0,write-in-blank,,Write-in/blank,OTHER,995,1544106,0.0006443858128910839,True,2
2000,LOUISIANA,LA,22,72,45.0,george-w-bush,"BUSH, GEORGE W.",George W. Bush,REPUBLICAN,927871,1765656,0.5255106317425365,False,1
2000,LOUISIANA,LA,22,72,45.0,al-gore,"GORE, AL",Al Gore,DEMOCRAT,792344,1765656,0.44875332454339917,False,1
2000,LOUISIANA,LA,22,72,45.0,ralph-nader,"NADER, RALPH",Ralph Nader,OTHER,20473,1765656,0.011595123851984758,False,1
2000,LOUISIANA,LA,22,72,45.0,patrick-pat-buchanan,"BUCHANAN, PATRICK ""PAT""","Patrick ""Pat"" Buchanan",OTHER,14356,1765656,0.00813068910365326,False,1
2000,LOUISIANA,LA,22,72,45.0,howard-phillips,"PHILLIPS, HOWARD",Howard Phillips,OTHER,5483,1765656,0.003105361406751938,False,1
2000,LOUISIANA,LA,22,72,45.0,harry-browne,"BROWNE, HARRY",Harry Browne,LIBERTARIAN,2951,1765656,0.001671333487383726,False,1
2000,LOUISIANA,LA,22,72,45.0,james-harris,"HARRIS, JAMES",James Harris,OTHER,1103,1765656,0.0006246969964704336,False,1
2000,LOUISIANA,LA,22,72,45.0,john-hagelin,"HAGELIN, JOHN",John Hagelin,OTHER,1075,1765656,0.0006088388678202322,False,1
2000,MASSACHUSETTS,MA,25,14,3.0,al-gore,"GORE, AL",Al Gore,DEMOCRAT,1616487,2733964,0.5912612602067913,False,1
2000,MASSACHUSETTS,MA,25,14,3.0,george-w-bush,"BUSH, GEORGE W.",George W. Bush,REPUBLICAN,878502,2733964,0.32132902993601964,False,1
2000,MASSACHUSETTS,MA,25,14,3.0,ralph-nader,"NADER, RALPH",Ralph Nader,OTHER,173564,2733964,0.0634843765316588,False,1
2000,MASSACHUSETTS,MA,25,14,3.0,blank-vote-scattering,BLANK VOTE/SCATTERING,Blank Vote/Scattering,OTHER,31022,2733964,0.011346894106871926,False,1
2000,MASSACHUSETTS,MA,25,14,3.0,harry-browne,"BROWNE, HARRY",Harry Browne,LIBERTARIAN,16366,2733964,0.005986179774130164,False,1
2000,MASSACHUSETTS,MA,25,14,3.0,patrick-pat-buchanan,"BUCHANAN, PATRICK ""PAT""","Patrick ""Pat"" Buchanan",OTHER,11149,2733964,0.004077961523999585,False,1
2000,MASSACHUSETTS,MA,25,14,3.0,other,OTHER,Other,OTHER,3990,2733964,0.0014594193632396038,False,1
2000,MASSACHUSETTS,MA,25,14,3.0,john-hagelin,"HAGELIN, JOHN",John Hagelin,OTHER,2884,2733964,0.0010548785572889767,False,1
2000,MARYLAND,MD,24,52,52.0,al-gore,"GORE, AL",Al Gore,DEMOCRAT,1144008,2025212,0.5648830838450493,False,1
2000,MARYLAND,MD,24,52,52.0,george-w-bush,"BUSH, GEORGE W.",George W. Bush,REPUBLICAN,813827,2025212,0.40184780655062285,False,1
2000,MARYLAND,MD,24,52,52.0,ralph-nader,"NADER, RALPH",Ralph Nader,OTHER,53768,2025212,0.026549319281141924,False,1
2000,MARYLAND,MD,24,52,52.0,harry-browne,"BROWNE, HARRY",Harry Browne,LIBERTARIAN,5310,2025212,0.0026219477269540177,False,1
2000,MARYLAND,MD,24,52,52.0,patrick-pat-buchanan,"BUCHANAN, PATRICK ""PAT""","Patrick ""Pat"" Buchanan",OTHER,4248,2025212,0.002097558181563214,False,1
2000,MARYLAND,MD,24,52,52.0,write-in-blank,,Write-in/blank,OTHER,1656,2025212,0.0008176921724737953,True,1
2000,MARYLAND,MD,24,52,52.0,other,OTHER,Other,OTHER,1477,2025212,0.000729306363975722,False,1
2000,MARYLAND,MD,24,52,52.0,howard-phillips,"PHILLIPS, HOWARD",Howard Phillips,OTHER,918,2025212,0.00045328587821916915,False,1
2000,MAINE,ME,23,11,2.0,al-gore,"GORE, AL",Al Gore,DEMOCRAT,319951,651817,0.4908601647394898,False,1
2000,MAINE,ME,23,11,2.0,george-w-bush,"BUSH, GEORGE W.",George W. Bush,REPUBLICAN,286616,651817,0.43971850994987854,False,1
2000,MAINE,ME,23,11,2.0,ralph-nader,"NADER, RALPH",Ralph Nader,OTHER,37127,651817,0.05695923855928888,False,1
2000,MAINE,ME,23,11,2.0,patrick-pat-buchanan,"BUCHANAN, PATRICK ""PAT""","Patrick ""Pat"" Buchanan",OTHER,4443,651817,0.006816330350389757,False,1
2000,MAINE,ME,23,11,2.0,harry-browne,"BROWNE, HARRY",Harry Browne,LIBERTARIAN,3074,651817,0.0047160476023178285,False,1
2000,MAINE,ME,23,11,2.0,howard-phillips,"PHILLIPS, HOWARD",Howard Phillips,OTHER,579,651817,0.000888286129389077,False,1
2000,MAINE,ME,23,11,2.0,other,OTHER,Other,OTHER,27,651817,4.1422669246122764e-05,False,1
2000,MICHIGAN,MI,26,34,23.0,al-gore,"GORE, AL",Al Gore,DEMOCRAT,2170418,4232501,0.5127979887069135,False,1
2000,MICHIGAN,MI,26,34,23.0,george-w-bush,"BUSH, GEORGE W.",George W. Bush,REPUBLICAN,1953139,4232501,0.46146214732140645,False,1
2000,MICHIGAN,MI,26,34,23.0,ralph-nader,"NADER, RALPH",Ralph Nader,OTHER,84165,4232501,0.019885405815615872,False,1
2000,MICHIGAN,MI,26,34,23.0,harry-browne,"BROWNE, HARRY",Harry Browne,LIBERTARIAN,16711,4232501,0.003948256598167372,False,1
2000,MICHIGAN,MI,26,34,23.0,howard-phillips,"PHILLIPS, HOWARD",Howard Phillips,OTHER,3791,4232501,0.0008956879159626896,False,1
2000,MICHIGAN,MI,26,34,23.0,john-hagelin,"HAGELIN, JOHN",John Hagelin,OTHER,2426,4232501,0.0005731835621539133,False,1
2000,MICHIGAN,MI,26,34,23.0,write-in-blank,,Write-in/blank,OTHER,1851,4232501,0.00043733007978025287,True,1
2000,MINNESOTA,MN,27,41,33.0,al-gore,"GORE, AL",Al Gore,DEMOCRAT,1168266,2438685,0.479055720603522,False,1
2000,MINNESOTA,MN,27,41,33.0,george-w-bush,"BUSH, GEORGE W.",George W. Bush,REPUBLICAN,1109659,2438685,0.4550235065209324,False,1
2000,MINNESOTA,MN,27,41,33.0,ralph-nader,"NADER, RALPH",Ralph Nader,OTHER,126696,2438685,0.051952589202787565,False,1
2000,MINNESOTA,MN,27,41,33.0,patrick-pat-buchanan,"BUCHANAN, PATRICK ""PAT""","Patrick ""Pat"" Buchanan",OTHER,24460,2438685,0.010029995673898022,False,2
2000,MINNESOTA,MN,27,41,33.0,harry-browne,"BROWNE, HARRY",Harry Browne,LIBERTARIAN,5282,2438685,0.002165921387961135,False,1
2000,MINNESOTA,MN,27,41,33.0,howard-phillips,"PHILLIPS, HOWARD",Howard Phillips,OTHER,3272,2438685,0.0013417066984870946,False,1
2000,MINNESOTA,MN,27,41,33.0,james-harris,"HARRIS, JAMES",James Harris,OTHER,1022,2438685,0.00041907831474749714,False,1
2000,MINNESOTA,MN,27,41,33.0,write-in-blank,,Write-in/blank,OTHER,28,2438685,1.148159766431499e-05,True,1
2000,MISSOURI,MO,29,43,34.0,george-w-bush,"BUSH, GEORGE W.",George W. Bush,REPUBLICAN,1189924,2359892,0.5042281595937441,False,1
2000,MISSOURI,MO,29,43,34.0,al-gore,"GORE, AL",Al Gore,DEMOCRAT,1111138,2359892,0.47084273348102373,False,1
2000,MISSOURI,MO,29,43,34.0,ralph-nader,"NADER, RALPH",Ralph Nader,OTHER,38515,2359892,0.016320662131995872,False,1
2000,MISSOURI,MO,29,43,34.0,patrick-pat-buchanan,"BUCHANAN, PATRICK ""PAT""","Patrick ""Pat"" Buchanan",OTHER,9818,2359892,0.004160359880875904,False,1
2000,MISSOURI,MO,29,43,34.0,harry-browne,"BROWNE, HARRY",Harry Browne,LIBERTARIAN,7436,2359892,0.003150991655550339,False,1
2000,MISSOURI,MO,29,43,34.0,howard-phillips,"PHILLIPS, HOWARD",Howard Phillips,OTHER,1957,2359892,0.000829275238019367,False,1
2000,MISSOURI,MO,29,43,34.0,john-hagelin,"HAGELIN, JOHN",John Hagelin,OTHER,1104,2359892,0.0004678180187906904,False,1
2000,MISSISSIPPI,MS,28,64,46.0,george-w-bush,"BUSH, GEORGE W.",George W. Bush,REPUBLICAN,572844,994184,0.5761951509982056,False,1
2000,MISSISSIPPI,MS,28,64,46.0,al-gore,"GORE, AL",Al Gore,DEMOCRAT,404614,994184,0.40698100150475164,False,1
2000,MISSISSIPPI,MS,28,64,46.0,write-in-blank,,Write-in/blank,OTHER,8735,994184,0.008786099957351958,False,1
2000,MISSISSIPPI,MS,28,64,46.0,howard-phillips,"PHILLIPS, HOWARD",Howard Phillips,OTHER,3267,994184,0.003286112027552244,False,1
2000,MISSISSIPPI,MS,28,64,46.0,patrick-pat-buchanan,"BUCHANAN, PATRICK ""PAT""","Patrick ""Pat"" Buchanan",OTHER,2265,994184,0.002278250303766707,False,1
2000,MISSISSIPPI,MS,28,64,46.0,harry-browne,"BROWNE, HARRY",Harry Browne,LIBERTARIAN,2009,994184,0.002020752697689764,False,1
2000,MISSISSIPPI,MS,28,64,46.0,john-hagelin,"HAGELIN, JOHN",John Hagelin,OTHER,450,994184,0.00045263251068212724,False,1
2000,MONTANA,MT,30,81,64.0,george-w-bush,"BUSH, GEORGE W.",George W. Bush,REPUBLICAN,240178,410986,0.584394602249225,False,1
2000,MONTANA,MT,30,81,64.0,al-gore,"GORE, AL",Al Gore,DEMOCRAT,137126,410986,0.3336512679264014,False,1
2000,MONTANA,MT,30,81,64.0,ralph-nader,"NADER, RALPH",Ralph Nader,OTHER,24437,410986,0.05945944630717348,False,1
2000,MONTANA,MT,30,81,64.0,patrick-pat-buchanan,"BUCHANAN, PATRICK ""PAT""","Patrick ""Pat"" Buchanan",OTHER,5697,410986,0.013861786046240018,False,1
2000,MONTANA,MT,30,81,64.0,harry-browne,"BROWNE, HARRY",Harry Browne,LIBERTARIAN,1718,410986,0.004180191052736589,False,1
2000,MONTANA,MT,30,81,64.0,howard-phillips,"PHILLIPS, HOWARD",Howard Phillips,OTHER,1155,410986,0.002810314706583679,False,1
2000,MONTANA,MT,30,81,64.0,john-hagelin,"HAGELIN, JOHN",John Hagelin,OTHER,675,410986,0.0016423917116398126,False,1
2000,NORTH CAROLINA,NC,37,56,47.0,george-w-bush,"BUSH, GEORGE W.",George W. Bush,REPUBLICAN,1631163,2914990,0.559577562873286,False,1
2000,NORTH CAROLINA,NC,37,56,47.0,al-gore,"GORE, AL",Al Gore,DEMOCRAT,1257692,2914990,0.43145671168683253,False,1
2000,NORTH CAROLINA,NC,37,56,47.0,harry-browne,"BROWNE, HARRY",Harry Browne,LIBERTARIAN,13891,2914990,0.004765367977248636,False,1
2000,NORTH CAROLINA,NC,37,56,47.0,patrick-pat-buchanan,"BUCHANAN, PATRICK ""PAT""","Patrick ""Pat"" Buchanan",OTHER,8874,2914990,0.0030442643027934918,False,1
2000,NORTH CAROLINA,NC,37,56,47.0,not-designated,NOT DESIGNATED,Not Designated,OTHER,3370,2914990,0.0011560931598393134,False,1
2000,NORTH DAKOTA,ND,38,44,36.0,george-w-bush,"BUSH, GEORGE W.",George W. Bush,REPUBLICAN,174852,288256,0.6065858126110124,False,1
2000,NORTH DAKOTA,ND,38,44,36.0,al-gore,"GORE, AL",Al Gore,DEMOCRAT,95284,288256,0.3305533969804618,False,1
2000,NORTH DAKOTA,ND,38,44,36.0,write-in-blank,,Write-in/blank,OTHER,10459,288256,0.036283720026642985,False,1
2000,NORTH DAKOTA,ND,38,44,36.0,patrick-pat-buchanan,"BUCHANAN, PATRICK ""PAT""","Patrick ""Pat"" Buchanan",OTHER,7288,288256,0.025283081705150978,False,1
2000,NORTH DAKOTA,ND,38,44,36.0,howard-phillips,"PHILLIPS, HOWARD",Howard Phillips,OTHER,373,288256,0.001293988676731794,False,1
2000,NEBRASKA,NE,31,46,35.0,george-w-bush,"BUSH, GEORGE W.",George W. Bush,REPUBLICAN,433862,697019,0.6224536203460738,False,1
2000,NEBRASKA,NE,31,46,35.0,al-gore,"GORE, AL",Al Gore,DEMOCRAT,231780,697019,0.33253039013283714,False,1
2000,NEBRASKA,NE,31,46,35.0,ralph-nader,"NADER, RALPH",Ralph Nader,OTHER,24540,697019,0.03520707469954191,False,1
2000,NEBRASKA,NE,31,46,35.0,write-in-blank,,Write-in/blank,OTHER,4592,697019,0.0065880557057985505,False,2
2000,NEBRASKA,NE,31,46,35.0,harry-browne,"BROWNE, HARRY",Harry Browne,LIBERTARIAN,2245,697019,0.003220859115748638,False,1
2000,NEW HAMPSHIRE,NH,33,12,4.0,george-w-bush,"BUSH, GEORGE W.",George W. Bush,REPUBLICAN,273559,569081,0.4807030985044308,False,1
2000,NEW HAMPSHIRE,NH,33,12,4.0,al-gore,"GORE, AL",Al Gore,DEMOCRAT,266348,569081,0.46803179160787306,False,1
2000,NEW HAMPSHIRE,NH,33,12,4.0,ralph-nader,"NADER, RALPH",Ralph Nader,OTHER,22198,569081,0.03900674947854523,False,1
2000,NEW HAMPSHIRE,NH,33,12,4.0,harry-browne,"BROWNE, HARRY",Harry Browne,LIBERTARIAN,2757,569081,0.004844653045875719,False,1
2000,NEW HAMPSHIRE,NH,33,12,4.0,patrick-pat-buchanan,"BUCHANAN, PATRICK ""PAT""","Patrick ""Pat"" Buchanan",OTHER,2615,569081,0.004595127934336237,False,1
2000,NEW HAMPSHIRE,NH,33,12,4.0,write-in-blank,,Write-in/blank,OTHER,1604,569081,0.0028185794289389385,True,2
2000,NEW JERSEY,NJ,34,22,12.0,al-gore,"GORE, AL",Al Gore,DEMOCRAT,1788850,3187226,0.5612560891508792,False,1
2000,NEW JERSEY,NJ,34,22,12.0,george-w-bush,"BUSH, GEORGE W.",George W. Bush,REPUBLICAN,1284173,3187226,0.40291243859079967,False,1
2000,NEW JERSEY,NJ,34,22,12.0,write-in-blank,,Write-in/blank,OTHER,114203,3187226,0.03583147225832119,False,1
2000,NEW MEXICO,NM,35,85,66.0,al-gore,"GORE, AL",Al Gore,DEMOCRAT,286783,598605,0.47908554054844177,False,1
2000,NEW MEXICO,NM,35,85,66.0,george-w-bush,"BUSH, GEORGE W.",George W. Bush,REPUBLICAN,286417,598605,0.47847411899332615,False,1
2000,NEW MEXICO,NM,35,85,66.0,ralph-nader,"NADER, RALPH",Ralph Nader,OTHER,21251,598605,0.0355008728627392,False,1
2000,NEW MEXICO,NM,35,85,66.0,harry-browne,"BROWNE, HARRY",Harry Browne,LIBERTARIAN,2058,598605,0.003437993334502719,False,1
2000,NEW MEXICO,NM,35,85,66.0,patrick-pat-buchanan,"BUCHANAN, PATRICK ""PAT""","Patrick ""Pat"" Buchanan",OTHER,1392,598605,0.0023254065702758915,False,1
2000,NEW MEXICO,NM,35,85,66.0,john-hagelin,"HAGELIN, JOHN",John Hagelin,OTHER,361,598605,0.0006030688016304574,False,1
2000,NEW MEXICO,NM,35,85,66.0,howard-phillips,"PHILLIPS, HOWARD",Howard Phillips,OTHER,343,598605,0.0005729988890837864,False,1
2000,NEVADA,NV,32,88,65.0,george-w-bush,"BUSH, GEORGE W.",George W. Bush,REPUBLICAN,301575,609426,0.49485089247915254,False,1
2000,NEVADA,NV,32,88,65.0,al-gore,"GORE, AL",Al Gore,DEMOCRAT,279978,609426,0.4594126276200884,False,1
2000,NEVADA,NV,32,88,65.0,ralph-nader,"NADER, RALPH",Ralph Nader,OTHER,15008,609426,0.02462645177593342,False,1
2000,NEVADA,NV,32,88,65.0,patrick-pat-buchanan,"BUCHANAN, PATRICK ""PAT""","Patrick ""Pat"" Buchanan",OTHER,4747,609426,0.007789296813723077,False,1
2000,NEVADA,NV,32,88,65.0,none-of-these-candidates,NONE OF THESE CANDIDATES,None Of These Candidates,OTHER,3315,609426,0.005439544751946914,False,1
2000,NEVADA,NV,32,88,65.0,harry-browne,"BROWNE, HARRY",Harry Browne,LIBERTARIAN,3311,609426,0.0054329811987017295,False,1
2000,NEVADA,NV,32,88,65.0,howard-phillips,"PHILLIPS, HOWARD",Howard Phillips,OTHER,621,609426,0.0010189916413149422,False,1
2000,NEVADA,NV,32,88,65.0,john-hagelin,"HAGELIN, JOHN",John Hagelin,OTHER,415,609426,0.0006809686491879243,False,1
2000,NEVADA,NV,32,88,65.0,blank-vote,BLANK VOTE,Blank Vote,OTHER,282,609426,0.0004627305037855293,False,1
2000,NEVADA,NV,32,88,65.0,over-vote,OVER VOTE,Over Vote,OTHER,174,609426,0.00028551456616553937,False,1
2000,NEW YORK,NY,36,21,13.0,al-gore,"GORE, AL",Al Gore,DEMOCRAT,3942215,6960215,0.566392704823055,False,1
2000,NEW YORK,NY,36,21,13.0,george-w-bush,"BUSH, GEORGE W.",George W. Bush,REPUBLICAN,2258577,6960215,0.32449816564574513,False,1
2000,NEW YORK,NY,36,21,13.0,ralph-nader,"NADER, RALPH",Ralph Nader,OTHER,244030,6960215,0.03506069855600725,False,1
2000,NEW YORK,NY,36,21,13.0,al-gore,"GORE, AL",Al Gore,OTHER,165482,6960215,0.023775414983588868,False,2
2000,NEW YORK,NY,36,21,13.0,george-w-bush,"BUSH, GEORGE W.",George W. Bush,OTHER,144797,6960215,0.02080352402907094,False,1
2000,NEW YORK,NY,36,21,13.0,blank-vote-scattering,BLANK VOTE/SCATTERING,Blank Vote/Scattering,OTHER,138216,6960215,0.019858007259833207,False,1
2000,NEW YORK,NY,36,21,13.0,patrick-pat-buchanan,"BUCHANAN, PATRICK ""PAT""","Patrick ""Pat"" Buchanan",OTHER,31599,6960215,0.004539945964312884,False,2
2000,NEW YORK,NY,36,21,13.0,john-hagelin,"HAGELIN, JOHN",John Hagelin,OTHER,24361,6960215,0.003500035559246374,False,1
2000,NEW YORK,NY,36,21,13.0,harry-browne,"BROWNE, HARRY",Harry Browne,LIBERTARIAN,7649,6960215,0.0010989603051055176,False,1
2000,NEW YORK,NY,36,21,13.0,james-harris,"HARRIS, JAMES",James Harris,OTHER,1789,6960215,0.0002570322899508133,False,1
2000,NEW YORK,NY,36,21,13.0,howard-phillips,"PHILLIPS, HOWARD",Howard Phillips,OTHER,1498,6960215,0.00021522323663852337,False,1
2000,NEW YORK,NY,36,21,13.0,write-in-blank,,Write-in/blank,OTHER,2,6960215,2.8734744544529156e-07,True,1
2000,OHIO,OH,39,31,24.0,george-w-bush,"BUSH, GEORGE W.",George W. Bush,REPUBLICAN,2350363,4701998,0.4998647383516539,False,1
2000,OHIO,OH,39,31,24.0,al-gore,"GORE, AL",Al Gore,DEMOCRAT,2183628,4701998,0.46440428090356484,False,1
2000,OHIO,OH,39,31,24.0,not-designated,NOT DESIGNATED,Not Designated,OTHER,148353,4701998,0.031551055530010856,False,1
2000,OHIO,OH,39,31,24.0,harry-browne,"BROWNE, HARRY",Harry Browne,LIBERTARIAN,13473,4701998,0.0028653776543503423,False,1
2000,OHIO,OH,39,31,24.0,john-hagelin,"HAGELIN, JOHN",John Hagelin,OTHER,6181,4701998,0.0013145475604200596,False,1
2000,OKLAHOMA,OK,40,73,53.0,george-w-bush,"BUSH, GEORGE W.",George W. Bush,REPUBLICAN,744337,1234229,0.603078521084823,False,1
2000,OKLAHOMA,OK,40,73,53.0,al-gore,"GORE, AL",Al Gore,DEMOCRAT,474276,1234229,0.38426904569573395,False,1
2000,OKLAHOMA,OK,40,73,53.0,patrick-pat-buchanan,"BUCHANAN, PATRICK ""PAT""","Patrick ""Pat"" Buchanan",OTHER,9014,1234229,0.007303344841192356,False,1
2000,OKLAHOMA,OK,40,73,53.0,harry-browne,"BROWNE, HARRY",Harry Browne,LIBERTARIAN,6602,1234229,0.005349088378250714,False,1
2000,OREGON,OR,41,92,72.0,al-gore,"GORE, AL",Al Gore,DEMOCRAT,720342,1533950,0.46959940024120733,False,1
2000,OREGON,OR,41,92,72.0,george-w-bush,"BUSH, GEORGE W.",George W. Bush,REPUBLICAN,713577,1533950,0.46518921737996677,False,1
2000,OREGON,OR,41,92,72.0,ralph-nader,"NADER, RALPH",Ralph Nader,OTHER,77357,1533950,0.05042993578669448,False,1
2000,OREGON,OR,41,92,72.0,patrick-pat-buchanan,"BUCHANAN, PATRICK ""PAT""","Patrick ""Pat"" Buchanan",OTHER,9637,1533950,0.006282473353107989,False,2
2000,OREGON,OR,41,92,72.0,harry-browne,"BROWNE, HARRY",Harry Browne,LIBERTARIAN,7447,1533950,0.004854786661885981,False,1
2000,OREGON,OR,41,92,72.0,other,OTHER,Other,OTHER,3401,1533950,0.0022171517976465986,False,1
2000,OREGON,OR,41,92,72.0,howard-phillips,"PHILLIPS, HOWARD",Howard Phillips,OTHER,2189,1533950,0.001427034779490857,False,1
2000,PENNSYLVANIA,PA,42,23,14.0,al-gore,"GORE, AL",Al Gore,DEMOCRAT,2485967,4912185,0.5060817131276611,False,1
2000,PENNSYLVANIA,PA,42,23,14.0,george-w-bush,"BUSH, GEORGE W.",George W. Bush,REPUBLICAN,2281127,4912185,0.4643813292862545,False,1
2000,PENNSYLVANIA,PA,42,23,14.0,ralph-nader,"NADER, RALPH",Ralph Nader,OTHER,103392,4912185,0.021048067204309285,False,1
2000,PENNSYLVANIA,PA,42,23,14.0,patrick-pat-buchanan,"BUCHANAN, PATRICK ""PAT""","Patrick ""Pat"" Buchanan",OTHER,16023,4912185,0.0032618885485786874,False,1
2000,PENNSYLVANIA,PA,42,23,14.0,howard-phillips,"PHILLIPS, HOWARD",Howard Phillips,OTHER,14428,4912185,0.00293718579410181,False,1
2000,PENNSYLVANIA,PA,42,23,14.0,harry-browne,"BROWNE, HARRY",Harry Browne,LIBERTARIAN,11248,4912185,0.0022898160390946187,False,1
2000,RHODE ISLAND,RI,44,15,5.0,al-gore,"GORE, AL",Al Gore,DEMOCRAT,249508,409112,0.6098770018967911,False,1
2000,RHODE ISLAND,RI,44,15,5.0,george-w-bush,"BUSH, GEORGE W.",George W. Bush,REPUBLICAN,130555,409112,0.31911799213907194,False,1
2000,RHODE ISLAND,RI,44,15,5.0,ralph-nader,"NADER, RALPH",Ralph Nader,OTHER,25052,409112,0.061235065214415615,False,1
2000,RHODE ISLAND,RI,44,15,5.0,patrick-pat-buchanan,"BUCHANAN, PATRICK ""PAT""","Patrick ""Pat"" Buchanan",OTHER,2273,409112,0.005555935782866305,False,1
2000,RHODE ISLAND,RI,44,15,5.0,harry-browne,"BROWNE, HARRY",Harry Browne,LIBERTARIAN,742,409112,0.0018136842722775181,False,1
2000,RHODE ISLAND,RI,44,15,5.0,write-in-blank,,Write-in/blank,OTHER,415,409112,0.0010143921468937602,True,3
2000,RHODE ISLAND,RI,44,15,5.0,john-hagelin,"HAGELIN, JOHN",John Hagelin,OTHER,271,409112,0.0006624102935137566,False,1
2000,RHODE ISLAND,RI,44,15,5.0,monica-moorehead,"MOOREHEAD, MONICA",Monica Moorehead,OTHER,199,409112,0.0004864193668237549,False,1
2000,RHODE ISLAND,RI,44,15,5.0,howard-phillips,"PHILLIPS, HOWARD",Howard Phillips,OTHER,97,409112,0.00023709888734625237,False,1
2000,SOUTH CAROLINA,SC,45,57,48.0,george-w-bush,"BUSH, GEORGE W.",George W. Bush,REPUBLICAN,786892,1383902,0.5686038462261056,False,1
2000,SOUTH CAROLINA,SC,45,57,48.0,al-gore,"GORE, AL",Al Gore,DEMOCRAT,566037,1383902,0.40901523373764903,False,1
2000,SOUTH CAROLINA,SC,45,57,48.0,ralph-nader,"NADER, RALPH",Ralph Nader,OTHER,20279,1383902,0.014653494250315412,False,1
2000,SOUTH CAROLINA,SC,45,57,48.0,harry-browne,"BROWNE, HARRY",Harry Browne,LIBERTARIAN,4760,1383902,0.0034395499103260204,False,1
2000,SOUTH CAROLINA,SC,45,57,48.0,patrick-pat-buchanan,"BUCHANAN, PATRICK ""PAT""","Patrick ""Pat"" Buchanan",OTHER,3309,1383902,0.002391065263291765,False,1
2000,SOUTH CAROLINA,SC,45,57,48.0,write-in-blank,,Write-in/blank,OTHER,1682,1383902,0.0012154039809177239,False,1
2000,SOUTH CAROLINA,SC,45,57,48.0,john-hagelin,"HAGELIN, JOHN",John Hagelin,OTHER,943,1383902,0.0006814066313944196,False,1
2000,SOUTH DAKOTA,SD,46,45,37.0,george-w-bush,"BUSH, GEORGE W.",George W. Bush,REPUBLICAN,190700,316269,0.6029677268401266,False,1
2000,SOUTH DAKOTA,SD,46,45,37.0,al-gore,"GORE, AL",Al Gore,DEMOCRAT,118804,316269,0.37564225390411327,False,1
2000,SOUTH DAKOTA,SD,46,45,37.0,patrick-pat-buchanan,"BUCHANAN, PATRICK ""PAT""","Patrick ""Pat"" Buchanan",OTHER,3322,316269,0.01050371677274725,False,1
2000,SOUTH DAKOTA,SD,46,45,37.0,howard-phillips,"PHILLIPS, HOWARD",Howard Phillips,OTHER,1781,316269,0.005631282231265157,False,1
2000,SOUTH DAKOTA,SD,46,45,37.0,harry-browne,"BROWNE, HARRY",Harry Browne,LIBERTARIAN,1662,316269,0.005255020251747721,False,1
2000,TENNESSEE,TN,47,62,54.0,george-w-bush,"BUSH, GEORGE W.",George W. Bush,REPUBLICAN,1061949,2076181,0.5114915318076796,False,1
2000,TENNESSEE,TN,47,62,54.0,al-gore,"GORE, AL",Al Gore,DEMOCRAT,981720,2076181,0.4728489471775341,False,1
2000,TENNESSEE,TN,47,62,54.0,write-in-blank,,Write-in/blank,OTHER,32512,2076181,0.015659521014786282,True,2
2000,TEXAS,TX,48,74,49.0,george-w-bush,"BUSH, GEORGE W.",George W. Bush,REPUBLICAN,3799639,6407637,0.5929859946810345,False,1
2000,TEXAS,TX,48,74,49.0,al-gore,"GORE, AL",Al Gore,DEMOCRAT,2433746,6407637,0.37981958091571044,False,1
2000,TEXAS,TX,48,74,49.0,ralph-nader,"NADER, RALPH",Ralph Nader,OTHER,137994,6407637,0.021535864157098787,False,1
2000,TEXAS,TX,48,74,49.0,harry-browne,"BROWNE, HARRY",Harry Browne,LIBERTARIAN,23160,6407637,0.0036144369601461505,False,1
2000,TEXAS,TX,48,74,49.0,write-in-blank,,Write-in/blank,OTHER,13098,6407637,0.002044123286010116,True,2
2000,UTAH,UT,49,87,67.0,george-w-bush,"BUSH, GEORGE W.",George W. Bush,REPUBLICAN,515096,770754,0.6683014295092857,False,1
2000,UTAH,UT,49,87,67.0,al-gore,"GORE, AL",Al Gore,DEMOCRAT,203053,770754,0.26344722181136915,False,1
2000,UTAH,UT,49,87,67.0,ralph-nader,"NADER, RALPH",Ralph Nader,OTHER,35850,770754,0.04651289516499428,False,1
2000,UTAH,UT,49,87,67.0,patrick-pat-buchanan,"BUCHANAN, PATRICK ""PAT""","Patrick ""Pat"" Buchanan",OTHER,9319,770754,0.012090757881243561,False,1
2000,UTAH,UT,49,87,67.0,harry-browne,"BROWNE, HARRY",Harry Browne,LIBERTARIAN,3616,770754,0.004691509872151166,False,1
2000,UTAH,UT,49,87,67.0,howard-phillips,"PHILLIPS, HOWARD",Howard Phillips,OTHER,2709,770754,0.0035147401116309485,False,1
2000,UTAH,UT,49,87,67.0,john-hagelin,"HAGELIN, JOHN",John Hagelin,OTHER,763,770754,0.0009899397213637554,False,1
2000,UTAH,UT,49,87,67.0,james-harris,"HARRIS, JAMES",James Harris,OTHER,186,770754,0.00024132213391043057,False,1
2000,UTAH,UT,49,87,67.0,write-in-blank,,Write-in/blank,OTHER,162,770754,0.00021018379405102016,True,2
2000,VIRGINIA,VA,51,54,40.0,george-w-bush,"BUSH, GEORGE W.",George W. Bush,REPUBLICAN,1437490,2739447,0.5247372918694905,False,1
2000,VIRGINIA,VA,51,54,40.0,al-gore,"GORE, AL",Al Gore,DEMOCRAT,1217290,2739447,0.4443561054475593,False,1
2000,VIRGINIA,VA,51,54,40.0,ralph-nader,"NADER, RALPH",Ralph Nader,OTHER,59398,2739447,0.021682478251997574,False,1
2000,VIRGINIA,VA,51,54,40.0,harry-browne,"BROWNE, HARRY",Harry Browne,LIBERTARIAN,15198,2739447,0.005547835019257537,False,1
2000,VIRGINIA,VA,51,54,40.0,patrick-pat-buchanan,"BUCHANAN, PATRICK ""PAT""","Patrick ""Pat"" Buchanan",OTHER,5455,2739447,0.001991277801687713,False,1
2000,VIRGINIA,VA,51,54,40.0,write-in-blank,,Write-in/blank,OTHER,2807,2739447,0.0010246593564321557,True,1
2000,VIRGINIA,VA,51,54,40.0,howard-phillips,"PHILLIPS, HOWARD",Howard Phillips,OTHER,1809,2739447,0.0006603522535752654,False,1
2000,VERMONT,VT,50,13,6.0,al-gore,"GORE, AL",Al Gore,DEMOCRAT,149022,294308,0.5063470921619528,False,1
2000,VERMONT,VT,50,13,6.0,george-w-bush,"BUSH, GEORGE W.",George W. Bush,REPUBLICAN,119775,294308,0.4069716079753184,False,1
2000,VERMONT,VT,50,13,6.0,ralph-nader,"NADER, RALPH",Ralph Nader,OTHER,20374,294308,0.06922679641735868,False,1
2000,VERMONT,VT,50,13,6.0,patrick-pat-buchanan,"BUCHANAN, PATRICK ""PAT""","Patrick ""Pat"" Buchanan",OTHER,2192,294308,0.007447979667559156,False,1
2000,VERMONT,VT,50,13,6.0,lane-dennis-denny,"DENNIS ""DENNY"", LANE","Lane Dennis ""Denny""",OTHER,1044,294308,0.0035473041847316417,False,1
2000,VERMONT,VT,50,13,6.0,harry-browne,"BROWNE, HARRY",Harry Browne,LIBERTARIAN,784,294308,0.002663875939491961,False,1
2000,VERMONT,VT,50,13,6.0,write-in-blank,,Write-in/blank,OTHER,514,294308,0.0017464696848199844,True,1
2000,VERMONT,VT,50,13,6.0,john-hagelin,"HAGELIN, JOHN",John Hagelin,OTHER,219,294308,0.0007441184065672696,False,1
2000,VERMONT,VT,50,13,6.0,david-mcreynolds,"MCREYNOLDS, DAVID",David Mcreynolds,OTHER,161,294308,0.0005470459518599562,False,1
2000,VERMONT,VT,50,13,6.0,howard-phillips,"PHILLIPS, HOWARD",Howard Phillips,OTHER,153,294308,0.0005198635443141199,False,1
2000,VERMONT,VT,50,13,6.0,james-harris,"HARRIS, JAMES",James Harris,OTHER,70,294308,0.00023784606602606794,False,1
2000,WASHINGTON,WA,53,91,73.0,al-gore,"GORE, AL",Al Gore,DEMOCRAT,1247652,2487433,0.5015821531675426,False,1
2000,WASHINGTON,WA,53,91,73.0,george-w-bush,"BUSH, GEORGE W.",George W. Bush,REPUBLICAN,1108864,2487433,0.44578647947502503,False,1
2000,WASHINGTON,WA,53,91,73.0,ralph-nader,"NADER, RALPH",Ralph Nader,OTHER,103002,2487433,0.0414089545326447,False,1
2000,WASHINGTON,WA,53,91,73.0,harry-browne,"BROWNE, HARRY",Harry Browne,LIBERTARIAN,13135,2487433,0.005280544239784549,False,1
2000,WASHINGTON,WA,53,91,73.0,patrick-pat-buchanan,"BUCHANAN, PATRICK ""PAT""","Patrick ""Pat"" Buchanan",OTHER,7171,2487433,0.0028828917200985917,False,1
2000,WASHINGTON,WA,53,91,73.0,john-hagelin,"HAGELIN, JOHN",John Hagelin,OTHER,2927,2487433,0.0011767151115226018,False,1
2000,WASHINGTON,WA,53,91,73.0,howard-phillips,"PHILLIPS, HOWARD",Howard Phillips,OTHER,1989,2487433,0.0007996195274405381,False,1
2000,WASHINGTON,WA,53,91,73.0,monica-moorehead,"MOOREHEAD, MONICA",Monica Moorehead,OTHER,1729,2487433,0.0006950940990169384,False,1
2000,WASHINGTON,WA,53,91,73.0,david-mcreynolds,"MCREYNOLDS, DAVID",David Mcreynolds,OTHER,660,2487433,0.00026533377984452243,False,1
2000,WASHINGTON,WA,53,91,73.0,james-harris,"HARRIS, JAMES",James Harris,OTHER,304,2487433,0.00012221434707990124,False,1
2000,WISCONSIN,WI,55,35,25.0,al-gore,"GORE, AL",Al Gore,DEMOCRAT,1242987,2598607,0.47832819660687437,False,1
2000,WISCONSIN,WI,55,35,25.0,george-w-bush,"BUSH, GEORGE W.",George W. Bush,REPUBLICAN,1237279,2598607,0.4761316351414431,False,1
2000,WISCONSIN,WI,55,35,25.0,ralph-nader,"NADER, RALPH",Ralph Nader,OTHER,94070,2598607,0.03620016416487757,False,1
2000,WISCONSIN,WI,55,35,25.0,write-in-blank,,Write-in/blank,OTHER,15735,2598607,0.006055167249222372,False,2
2000,WISCONSIN,WI,55,35,25.0,harry-browne,"BROWNE, HARRY",Harry Browne,LIBERTARIAN,6640,2598607,0.0025552151595066128,False,1
2000,WISCONSIN,WI,55,35,25.0,scattering,SCATTERING,Scattering,OTHER,1896,2598607,0.0007296216780759845,False,1
2000,WEST VIRGINIA,WV,54,55,56.0,george-w-bush,"BUSH, GEORGE W.",George W. Bush,REPUBLICAN,336475,648124,0.5191521992705099,False,1
2000,WEST VIRGINIA,WV,54,55,56.0,al-gore,"GORE, AL",Al Gore,DEMOCRAT,295497,648124,0.4559266436669526,False,1
2000,WEST VIRGINIA,WV,54,55,56.0,ralph-nader,"NADER, RALPH",Ralph Nader,OTHER,10680,648124,0.01647832822114287,False,1
2000,WEST VIRGINIA,WV,54,55,56.0,patrick-pat-buchanan,"BUCHANAN, PATRICK ""PAT""","Patrick ""Pat"" Buchanan",OTHER,3169,648124,0.0048894964543821865,False,1
2000,WEST VIRGINIA,WV,54,55,56.0,harry-browne,"BROWNE, HARRY",Harry Browne,LIBERTARIAN,1912,648124,0.0029500527676802587,False,1
2000,WEST VIRGINIA,WV,54,55,56.0,john-hagelin,"HAGELIN, JOHN",John Hagelin,OTHER,367,648124,0.0005662496682733551,False,1
2000,WEST VIRGINIA,WV,54,55,56.0,write-in-blank,,Write-in/blank,OTHER,24,648124,3.702995105874802e-05,True,1
2000,WYOMING,WY,56,83,68.0,george-w-bush,"BUSH, GEORGE W.",George W. Bush,REPUBLICAN,147947,213726,0.6922274313841086,False,1
2000,WYOMING,WY,56,83,68.0,al-gore,"GORE, AL",Al Gore,DEMOCRAT,60481,213726,0.282983820405566,False,1
2000,WYOMING,WY,56,83,68.0,patrick-pat-buchanan,"BUCHANAN, PATRICK ""PAT""","Patrick ""Pat"" Buchanan",OTHER,2724,213726,0.01274529069930659,False,1
2000,WYOMING,WY,56,83,68.0,harry-browne,"BROWNE, HARRY",Harry Browne,LIBERTARIAN,1443,213726,0.006751635271328711,False,1
2000,WYOMING,WY,56,83,68.0,howard-phillips,"PHILLIPS, HOWARD",Howard Phillips,OTHER,720,213726,0.0033687993037814774,False,1
2000,WYOMING,WY,56,83,68.0,john-hagelin,"HAGELIN, JOHN",John Hagelin,OTHER,411,213726,0.0019230229359085932,False,1
2004,ALASKA,AK,2,94,81.0,george-w-bush,"BUSH, GEORGE W.",George W. Bush,REPUBLICAN,190889,312598,0.6106532991253942,False,1
2004,ALASKA,AK,2,94,81.0,john-kerry,"KERRY, JOHN",John Kerry,DEMOCRAT,111025,312598,0.35516861912104364,False,1
2004,ALASKA,AK,2,94,81.0,ralph-nader,"NADER, RALPH",Ralph Nader,OTHER,5069,312598,0.016215714751853818,False,1
2004,ALASKA,AK,2,94,81.0,michael-peroutka,"PEROUTKA, MICHAEL",Michael Peroutka,OTHER,2092,312598,0.006692301294314103,False,1
2004,ALASKA,AK,2,94,81.0,michael-badnarik,"BADNARIK, MICHAEL",Michael Badnarik,LIBERTARIAN,1675,312598,0.0053583196309637295,False,1
2004,ALASKA,AK,2,94,81.0,david-cobb,"COBB, DAVID",David Cobb,OTHER,1058,312598,0.0033845386086923143,False,1
2004,ALASKA,AK,2,94,81.0,other,OTHER,Other,OTHER,790,312598,0.0025272074677381174,True,1
2004,ALABAMA,AL,1,63,41.0,george-w-bush,"BUSH, GEORGE W.",George W. Bush,REPUBLICAN,1176394,1883415,0.6246068975770077,False,1
2004,ALABAMA,AL,1,63,41.0,john-kerry,"KERRY, JOHN",John Kerry,DEMOCRAT,693933,1883415,0.36844402322377173,False,1
2004,ALABAMA,AL,1,63,41.0,other,OTHER,Other,OTHER,13088,1883415,0.006949079199220565,True,2
2004,ARKANSAS,AR,5,71,42.0,george-w-bush,"BUSH, GEORGE W.",George W. Bush,REPUBLICAN,572898,1054945,0.5430595907843537,False,1
2004,ARKANSAS,AR,5,71,42.0,john-kerry,"KERRY, JOHN",John Kerry,DEMOCRAT,469953,1054945,0.44547630445189085,False,1
2004,ARKANSAS,AR,5,71,42.0,ralph-nader,"NADER, RALPH",Ralph Nader,OTHER,6171,1054945,0.005849594054666357,False,1
2004,ARKANSAS,AR,5,71,42.0,michael-badnarik,"BADNARIK, MICHAEL",Michael Badnarik,LIBERTARIAN,2352,1054945,0.0022295001161197975,False,1
2004,ARKANSAS,AR,5,71,42.0,michael-peroutka,"PEROUTKA, MICHAEL",Michael Peroutka,OTHER,2083,1054945,0.001974510519505756,False,1
2004,ARKANSAS,AR,5,71,42.0,david-cobb,"COBB, DAVID",David Cobb,OTHER,1488,1054945,0.0014105000734635454,False,1
2004,ARIZONA,AZ,4,86,61.0,george-w-bush,"BUSH, GEORGE W.",George W. Bush,REPUBLICAN,1104294,2012585,0.5486943408601376,False,1
2004,ARIZONA,AZ,4,86,61.0,john-kerry,"KERRY, JOHN",John Kerry,DEMOCRAT,893524,2012585,0.44396832928795554,False,1
2004,ARIZONA,AZ,4,86,61.0,michael-badnarik,"BADNARIK, MICHAEL",Michael Badnarik,LIBERTARIAN,11856,2012585,0.005890931314702236,False,1
2004,ARIZONA,AZ,4,86,61.0,other,OTHER,Other,OTHER,2911,2012585,0.0014463985372046397,True,1
2004,CALIFORNIA,CA,6,93,71.0,john-kerry,"KERRY, JOHN",John Kerry,DEMOCRAT,6745485,12421353,0.5430555753467436,False,1
2004,CALIFORNIA,CA,6,93,71.0,george-w-bush,"BUSH, GEORGE W.",George W. Bush,REPUBLICAN,5509826,12421353,0.44357695977241773,False,1
2004,CALIFORNIA,CA,6,93,71.0,michael-badnarik,"BADNARIK, MICHAEL",Michael Badnarik,LIBERTARIAN,50165,12421353,0.004038609964631067,False,1
2004,CALIFORNIA,CA,6,93,71.0,david-cobb,"COBB, DAVID",David Cobb,OTHER,40771,12421353,0.00328233164293777,False,1
2004,CALIFORNIA,CA,6,93,71.0,leonard-peltier,"PELTIER, LEONARD",Leonard Peltier,OTHER,27607,12421353,0.0022225437116230413,False,1
2004,CALIFORNIA,CA,6,93,71.0,michael-peroutka,"PEROUTKA, MICHAEL",Michael Peroutka,OTHER,26645,12421353,0.002145096431926538,False,1
2004,CALIFORNIA,CA,6,93,71.0,other,OTHER,Other,OTHER,20854,12421353,0.0016788831297202486,True,1
2004,COLORADO,CO,8,84,62.0,george-w-bush,"BUSH, GEORGE W.",George W. Bush,REPUBLICAN,1101255,2129630,0.5171109535459211,False,1
2004,COLORADO,CO,8,84,62.0,john-kerry,"KERRY, JOHN",John Kerry,DEMOCRAT,1001732,2129630,0.47037842254288303,False,1
2004,COLORADO,CO,8,84,62.0,ralph-nader,"NADER, RALPH",Ralph Nader,OTHER,12718,2129630,0.005971929396186192,False,1
2004,COLORADO,CO,8,84,62.0,michael-badnarik,"BADNARIK, MICHAEL",Michael Badnarik,LIBERTARIAN,7664,2129630,0.003598747200217878,False,1
2004,COLORADO,CO,8,84,62.0,michael-peroutka,"PEROUTKA, MICHAEL",Michael Peroutka,OTHER,2562,2129630,0.00120302587773463,False,1
2004,COLORADO,CO,8,84,62.0,david-cobb,"COBB, DAVID",David Cobb,OTHER,1591,2129630,0.0007470781309429338,False,1
2004,COLORADO,CO,8,84,62.0,stanford-andress,"ANDRESS, STANFORD",Stanford Andress,OTHER,804,2129630,0.0003775303691251532,False,1
2004,COLORADO,CO,8,84,62.0,gene-amondson,"AMONDSON, GENE",Gene Amondson,OTHER,378,2129630,0.00017749562130510934,False,1
2004,COLORADO,CO,8,84,62.0,bill-van-auken,"VAN AUKEN, BILL",Bill Van Auken,OTHER,329,2129630,0.00015448692965444702,False,1
2004,COLORADO,CO,8,84,62.0,roger-calero,"CALERO, ROGER",Roger Calero,OTHER,241,2129630,0.0001131651977104004,False,1
2004,COLORADO,CO,8,84,62.0,walt-brown,"BROWN, WALT",Walt Brown,OTHER,216,2129630,0.00010142606931720534,False,1
2004,COLORADO,CO,8,84,62.0,earl-dodge,"DODGE, EARL",Earl Dodge,OTHER,140,2129630,6.573911900189235e-05,False,1
2004,CONNECTICUT,CT,9,16,1.0,john-kerry,"KERRY, JOHN",John Kerry,DEMOCRAT,857488,1578769,0.543137089719902,False,1
2004,CONNECTICUT,CT,9,16,1.0,george-w-bush,"BUSH, GEORGE W.",George W. Bush,REPUBLICAN,693826,1578769,0.4394727791082799,False,1
2004,CONNECTICUT,CT,9,16,1.0,ralph-nader,"NADER, RALPH",Ralph Nader,OTHER,12969,1578769,0.00821462797914071,False,1
2004,CONNECTICUT,CT,9,16,1.0,david-cobb,"COBB, DAVID",David Cobb,OTHER,9564,1578769,0.0060578843390008295,False,1
2004,CONNECTICUT,CT,9,16,1.0,michael-badnarik,"BADNARIK, MICHAEL",Michael Badnarik,LIBERTARIAN,3367,1578769,0.0021326742544349425,False,1
2004,CONNECTICUT,CT,9,16,1.0,michael-peroutka,"PEROUTKA, MICHAEL",Michael Peroutka,OTHER,1543,1578769,0.0009773437405978963,False,1
2004,CONNECTICUT,CT,9,16,1.0,roger-calero,"CALERO, ROGER",Roger Calero,OTHER,12,1578769,7.600858643664779e-06,True,1
2004,DISTRICT OF COLUMBIA,DC,11,53,55.0,john-kerry,"KERRY, JOHN",John Kerry,DEMOCRAT,202970,227586,0.8918386895503239,False,1
2004,DISTRICT OF COLUMBIA,DC,11,53,55.0,george-w-bush,"BUSH, GEORGE W.",George W. Bush,REPUBLICAN,21256,227586,0.09339766066454,False,1
2004,DISTRICT OF COLUMBIA,DC,11,53,55.0,ralph-nader,"NADER, RALPH",Ralph Nader,OTHER,1485,227586,0.006525005931823574,False,1
2004,DISTRICT OF COLUMBIA,DC,11,53,55.0,david-cobb,"COBB, DAVID",David Cobb,OTHER,737,227586,0.0032383362772754037,False,1
2004,DISTRICT OF COLUMBIA,DC,11,53,55.0,others,OTHERS,Others,OTHER,506,227586,0.002223335354547292,True,1
2004,DISTRICT OF COLUMBIA,DC,11,53,55.0,michael-badnarik,"BADNARIK, MICHAEL",Michael Badnarik,LIBERTARIAN,502,227586,0.0022057595809935587,False,1
2004,DISTRICT OF COLUMBIA,DC,11,53,55.0,roger-calero,"CALERO, ROGER",Roger Calero,OTHER,130,227586,0.0005712126404963399,False,1
2004,DELAWARE,DE,10,51,11.0,john-kerry,"KERRY, JOHN",John Kerry,DEMOCRAT,200152,375190,0.5334683760228152,False,1
2004,DELAWARE,DE,10,51,11.0,george-w-bush,"BUSH, GEORGE W.",George W. Bush,REPUBLICAN,171660,375190,0.4575281857192356,False,1
2004,DELAWARE,DE,10,51,11.0,ralph-nader,"NADER, RALPH",Ralph Nader,OTHER,2153,375190,0.005738425864228791,False,1
2004,DELAWARE,DE,10,51,11.0,michael-badnarik,"BADNARIK, MICHAEL",Michael Badnarik,LIBERTARIAN,586,375190,0.0015618753165063035,False,1
2004,DELAWARE,DE,10,51,11.0,michael-peroutka,"PEROUTKA, MICHAEL",Michael Peroutka,OTHER,289,375190,0.0007702763932940644,False,1
2004,DELAWARE,DE,10,51,11.0,david-cobb,"COBB, DAVID",David Cobb,OTHER,250,375190,0.0006663290599429623,False,1
2004,DELAWARE,DE,10,51,11.0,walt-brown,"BROWN, WALT",Walt Brown,OTHER,100,375190,0.0002665316239771849,False,1
2004,FLORIDA,FL,12,59,43.0,george-w-bush,"BUSH, GEORGE W.",George W. Bush,REPUBLICAN,3964522,7609810,0.5209751623233695,False,1
2004,FLORIDA,FL,12,59,43.0,john-kerry,"KERRY, JOHN",John Kerry,DEMOCRAT,3583544,7609810,0.4709111002771423,False,1
2004,FLORIDA,FL,12,59,43.0,ralph-nader,"NADER, RALPH",Ralph Nader,OTHER,32971,7609810,0.004332696874166372,False,1
2004,FLORIDA,FL,12,59,43.0,michael-badnarik,"BADNARIK, MICHAEL",Michael Badnarik,LIBERTARIAN,11996,7609810,0.0015763862698280247,False,1
2004,FLORIDA,FL,12,59,43.0,michael-peroutka,"PEROUTKA, MICHAEL",Michael Peroutka,OTHER,6626,7609810,0.00087071819138717,False,1
2004,FLORIDA,FL,12,59,43.0,david-cobb,"COBB, DAVID",David Cobb,OTHER,3917,7609810,0.0005147303283524818,False,1
2004,FLORIDA,FL,12,59,43.0,walt-brown,"BROWN, WALT",Walt Brown,OTHER,3502,7609810,0.00046019545823088883,False,1
2004,FLORIDA,FL,12,59,43.0,roger-calero,"CALERO, ROGER",Roger Calero,OTHER,2732,7609810,0.0003590102775233547,False,1
2004,GEORGIA,GA,13,58,44.0,george-w-bush,"BUSH, GEORGE W.",George W. Bush,REPUBLICAN,1914254,3301875,0.5797475676698846,False,1
2004,GEORGIA,GA,13,58,44.0,john-kerry,"KERRY, JOHN",John Kerry,DEMOCRAT,1366149,3301875,0.41374946053378764,False,1
2004,GEORGIA,GA,13,58,44.0,michael-badnarik,"BADNARIK, MICHAEL",Michael Badnarik,LIBERTARIAN,18387,3301875,0.005568654173764906,False,1
2004,GEORGIA,GA,13,58,44.0,other,OTHER,Other,OTHER,3085,3301875,0.0009343176225629378,True,1
2004,HAWAII,HI,15,95,82.0,john-kerry,"KERRY, JOHN",John Kerry,DEMOCRAT,231708,429013,0.5400955215809311,False,1
2004,HAWAII,HI,15,95,82.0,george-w-bush,"BUSH, GEORGE W.",George W. Bush,REPUBLICAN,194191,429013,0.45264595711551864,False,1
2004,HAWAII,HI,15,95,82.0,david-cobb,"COBB, DAVID",David Cobb,OTHER,1737,429013,0.00404882835718265,False,1
2004,HAWAII,HI,15,95,82.0,michael-badnarik,"BADNARIK, MICHAEL",Michael Badnarik,LIBERTARIAN,1377,429013,0.0032096929463675925,False,1
2004,IOWA,IA,19,42,31.0,george-w-bush,"BUSH, GEORGE W.",George W. Bush,REPUBLICAN,751957,1506908,0.4990065750530225,False,1
2004,IOWA,IA,19,42,31.0,john-kerry,"KERRY, JOHN",John Kerry,DEMOCRAT,741898,1506908,0.4923313168421695,False,1
2004,IOWA,IA,19,42,31.0,other,OTHER,Other,OTHER,7243,1506908,0.004806530989284017,True,2
2004,IOWA,IA,19,42,31.0,michael-badnarik,"BADNARIK, MICHAEL",Michael Badnarik,LIBERTARIAN,2992,1506908,0.001985522672916993,False,1
2004,IOWA,IA,19,42,31.0,michael-peroutka,"PEROUTKA, MICHAEL",Michael Peroutka,OTHER,1304,1506908,0.0008653481168060691,False,1
2004,IOWA,IA,19,42,31.0,david-cobb,"COBB, DAVID",David Cobb,OTHER,1141,1506908,0.0007571796022053104,False,1
2004,IOWA,IA,19,42,31.0,roger-calero,"CALERO, ROGER",Roger Calero,OTHER,373,1506908,0.00024752672359560106,False,1
2004,IDAHO,ID,16,82,63.0,george-w-bush,"BUSH, GEORGE W.",George W. Bush,REPUBLICAN,409235,598376,0.6839094482399026,False,1
2004,IDAHO,ID,16,82,63.0,john-kerry,"KERRY, JOHN",John Kerry,DEMOCRAT,181098,598376,0.3026491704212736,False,1
2004,IDAHO,ID,16,82,63.0,michael-badnarik,"BADNARIK, MICHAEL",Michael Badnarik,LIBERTARIAN,3844,598376,0.006424054440686124,False,1
2004,IDAHO,ID,16,82,63.0,michael-peroutka,"PEROUTKA, MICHAEL",Michael Peroutka,OTHER,3084,598376,0.005153950024733612,False,1
2004,IDAHO,ID,16,82,63.0,ralph-nader,"NADER, RALPH",Ralph Nader,OTHER,1115,598376,0.0018633768734040135,False,1
2004,ILLINOIS,IL,17,33,21.0,john-kerry,"KERRY, JOHN",John Kerry,DEMOCRAT,2891550,5274322,0.5482316020902781,False,1
2004,ILLINOIS,IL,17,33,21.0,george-w-bush,"BUSH, GEORGE W.",George W. Bush,REPUBLICAN,2345946,5274322,0.4447862682634849,False,1
2004,ILLINOIS,IL,17,33,21.0,michael-badnarik,"BADNARIK, MICHAEL",Michael Badnarik,LIBERTARIAN,32442,5274322,0.006150932764438728,False,1
2004,ILLINOIS,IL,17,33,21.0,other,OTHER,Other,OTHER,4384,5274322,0.0008311968817982672,True,1
2004,INDIANA,IN,18,32,22.0,george-w-bush,"BUSH, GEORGE W.",George W. Bush,REPUBLICAN,1479438,2468002,0.5994476503665718,False,1
2004,INDIANA,IN,18,32,22.0,john-kerry,"KERRY, JOHN",John Kerry,DEMOCRAT,969011,2468002,0.39262974665336575,False,1
2004,INDIANA,IN,18,32,22.0,michael-badnarik,"BADNARIK, MICHAEL",Michael Badnarik,LIBERTARIAN,18058,2468002,0.007316849824270807,False,1
2004,INDIANA,IN,18,32,22.0,other,OTHER,Other,OTHER,1495,2468002,0.0006057531557916079,True,1
2004,KANSAS,KS,20,47,32.0,george-w-bush,"BUSH, GEORGE W.",George W. Bush,REPUBLICAN,736456,1187756,0.620039806155473,False,1
2004,KANSAS,KS,20,47,32.0,john-kerry,"KERRY, JOHN",John Kerry,DEMOCRAT,434993,1187756,0.3662309430556444,False,1
2004,KANSAS,KS,20,47,32.0,ralph-nader,"NADER, RALPH",Ralph Nader,OTHER,9348,1187756,0.007870303328293016,False,1
2004,KANSAS,KS,20,47,32.0,michael-badnarik,"BADNARIK, MICHAEL",Michael Badnarik,LIBERTARIAN,4013,1187756,0.0033786400573855234,False,1
2004,KANSAS,KS,20,47,32.0,michael-peroutka,"PEROUTKA, MICHAEL",Michael Peroutka,OTHER,2899,1187756,0.002440736986384409,False,1
2004,KANSAS,KS,20,47,32.0,other,OTHER,Other,OTHER,47,1187756,3.957041681961615e-05,True,1
2004,KENTUCKY,KY,21,61,51.0,george-w-bush,"BUSH, GEORGE W.",George W. Bush,REPUBLICAN,1069439,1795882,0.5954951383220055,False,1
2004,KENTUCKY,KY,21,61,51.0,john-kerry,"KERRY, JOHN",John Kerry,DEMOCRAT,712733,1795882,0.39687072981409693,False,1
2004,KENTUCKY,KY,21,61,51.0,ralph-nader,"NADER, RALPH",Ralph Nader,OTHER,8856,1795882,0.00493128167663577,False,1
2004,KENTUCKY,KY,21,61,51.0,michael-badnarik,"BADNARIK, MICHAEL",Michael Badnarik,LIBERTARIAN,2619,1795882,0.0014583363494928953,False,1
2004,KENTUCKY,KY,21,61,51.0,michael-peroutka,"PEROUTKA, MICHAEL",Michael Peroutka,OTHER,2213,1795882,0.0012322635897013279,False,1
2004,KENTUCKY,KY,21,61,51.0,other,OTHER,Other,OTHER,22,1795882,1.2250248067523367e-05,True,1
2004,LOUISIANA,LA,22,72,45.0,george-w-bush,"BUSH, GEORGE W.",George W. Bush,REPUBLICAN,1102169,1943106,0.5672202134108999,False,1
2004,LOUISIANA,LA,22,72,45.0,john-kerry,"KERRY, JOHN",John Kerry,DEMOCRAT,820299,1943106,0.4221586470321228,False,1
2004,LOUISIANA,LA,22,72,45.0,ralph-nader,"NADER, RALPH",Ralph Nader,OTHER,7032,1943106,0.0036189482200147598,False,1
2004,LOUISIANA,LA,22,72,45.0,michael-peroutka,"PEROUTKA, MICHAEL",Michael Peroutka,OTHER,5203,1943106,0.002677671727636063,False,1
2004,LOUISIANA,LA,22,72,45.0,michael-badnarik,"BADNARIK, MICHAEL",Michael Badnarik,LIBERTARIAN,2781,1943106,0.0014312137371816052,False,1
2004,LOUISIANA,LA,22,72,45.0,walt-brown,"BROWN, WALT",Walt Brown,OTHER,1795,1943106,0.0009237787336357358,False,1
2004,LOUISIANA,LA,22,72,45.0,gene-amondson,"AMONDSON, GENE",Gene Amondson,OTHER,1566,1943106,0.0008059261821022631,False,1
2004,LOUISIANA,LA,22,72,45.0,david-cobb,"COBB, DAVID",David Cobb,OTHER,1276,1943106,0.0006566805928240662,False,1
2004,LOUISIANA,LA,22,72,45.0,roger-calero,"CALERO, ROGER",Roger Calero,OTHER,985,1943106,0.000506920363582841,False,1
2004,MASSACHUSETTS,MA,25,14,3.0,john-kerry,"KERRY, JOHN",John Kerry,DEMOCRAT,1803800,2927455,0.616166602048537,False,1
2004,MASSACHUSETTS,MA,25,14,3.0,george-w-bush,"BUSH, GEORGE W.",George W. Bush,REPUBLICAN,1071109,2927455,0.3658840187124994,False,1
2004,MASSACHUSETTS,MA,25,14,3.0,blank-vote-scattering,BLANK VOTE/SCATTERING,Blank Vote/Scattering,OTHER,15067,2927455,0.005146791325571188,False,1
2004,MASSACHUSETTS,MA,25,14,3.0,michael-badnarik,"BADNARIK, MICHAEL",Michael Badnarik,LIBERTARIAN,15022,2927455,0.00513141961191547,False,1
2004,MASSACHUSETTS,MA,25,14,3.0,david-cobb,"COBB, DAVID",David Cobb,OTHER,10623,2927455,0.0036287492036598343,False,1
2004,MASSACHUSETTS,MA,25,14,3.0,other,OTHER,Other,OTHER,7028,2927455,0.002400720079386361,False,1
2004,MASSACHUSETTS,MA,25,14,3.0,ralph-nader,"NADER, RALPH",Ralph Nader,OTHER,4806,2927455,0.0016416990184306846,True,1
2004,MARYLAND,MD,24,52,52.0,john-kerry,"KERRY, JOHN",John Kerry,DEMOCRAT,1334493,2384238,0.5597146761355201,False,1
2004,MARYLAND,MD,24,52,52.0,george-w-bush,"BUSH, GEORGE W.",George W. Bush,REPUBLICAN,1024703,2384238,0.4297821777859425,False,1
2004,MARYLAND,MD,24,52,52.0,ralph-nader,"NADER, RALPH",Ralph Nader,OTHER,11854,2384238,0.004971819088530591,False,1
2004,MARYLAND,MD,24,52,52.0,michael-badnarik,"BADNARIK, MICHAEL",Michael Badnarik,LIBERTARIAN,6094,2384238,0.002555952887253705,False,1
2004,MARYLAND,MD,24,52,52.0,david-cobb,"COBB, DAVID",David Cobb,OTHER,3632,2384238,0.0015233378546940365,False,1
2004,MARYLAND,MD,24,52,52.0,michael-peroutka,"PEROUTKA, MICHAEL",Michael Peroutka,OTHER,3421,2384238,0.0014348399782236506,False,1
2004,MARYLAND,MD,24,52,52.0,other,OTHER,Other,OTHER,34,2384238,1.4260321326981618e-05,True,1
2004,MARYLAND,MD,24,52,52.0,other,OTHER,Other,DEMOCRAT,7,2384238,2.9359485084962155e-06,True,1
2004,MAINE,ME,23,11,2.0,john-kerry,"KERRY, JOHN",John Kerry,DEMOCRAT,396842,740752,0.5357285569259347,False,1
2004,MAINE,ME,23,11,2.0,george-w-bush,"BUSH, GEORGE W.",George W. Bush,REPUBLICAN,330201,740752,0.44576457437846945,False,1
2004,MAINE,ME,23,11,2.0,the-better-life,"THE BETTER LIFE,",The Better Life,OTHER,8069,740752,0.010892984426636715,False,1
2004,MAINE,ME,23,11,2.0,david-cobb,"COBB, DAVID",David Cobb,OTHER,2936,740752,0.0039635397541957365,False,1
2004,MAINE,ME,23,11,2.0,michael-badnarik,"BADNARIK, MICHAEL",Michael Badnarik,LIBERTARIAN,1965,740752,0.002652709678812882,False,1
2004,MAINE,ME,23,11,2.0,michael-peroutka,"PEROUTKA, MICHAEL",Michael Peroutka,OTHER,735,740752,0.000992234918029246,False,1
2004,MAINE,ME,23,11,2.0,blank-vote-scattering,BLANK VOTE/SCATTERING,Blank Vote/Scattering,OTHER,4,740752,5.399917921247597e-06,False,1
2004,MICHIGAN,MI,26,34,23.0,john-kerry,"KERRY, JOHN",John Kerry,DEMOCRAT,2479183,4839252,0.5123070672905647,False,1
2004,MICHIGAN,MI,26,34,23.0,george-w-bush,"BUSH, GEORGE W.",George W. Bush,REPUBLICAN,2313746,4839252,0.4781205855781017,False,1
2004,MICHIGAN,MI,26,34,23.0,ralph-nader,"NADER, RALPH",Ralph Nader,OTHER,24035,4839252,0.00496667666821236,False,1
2004,MICHIGAN,MI,26,34,23.0,michael-badnarik,"BADNARIK, MICHAEL",Michael Badnarik,LIBERTARIAN,10552,4839252,0.002180502275971576,False,1
2004,MICHIGAN,MI,26,34,23.0,david-cobb,"COBB, DAVID",David Cobb,OTHER,5325,4839252,0.0011003766697828508,False,1
2004,MICHIGAN,MI,26,34,23.0,michael-peroutka,"PEROUTKA, MICHAEL",Michael Peroutka,OTHER,4980,4839252,0.0010290846601912857,False,1
2004,MICHIGAN,MI,26,34,23.0,walt-brown,"BROWN, WALT",Walt Brown,OTHER,1431,4839252,0.00029570685717544777,False,1
2004,MINNESOTA,MN,27,41,33.0,john-kerry,"KERRY, JOHN",John Kerry,DEMOCRAT,1445014,2828387,0.5108968468600654,False,1
2004,MINNESOTA,MN,27,41,33.0,george-w-bush,"BUSH, GEORGE W.",George W. Bush,REPUBLICAN,1346695,2828387,0.47613533791521456,False,1
2004,MINNESOTA,MN,27,41,33.0,ralph-nader,"NADER, RALPH",Ralph Nader,OTHER,18683,2828387,0.006605531704112627,False,1
2004,MINNESOTA,MN,27,41,33.0,michael-badnarik,"BADNARIK, MICHAEL",Michael Badnarik,LIBERTARIAN,4639,2828387,0.0016401574466294747,False,1
2004,MINNESOTA,MN,27,41,33.0,david-cobb,"COBB, DAVID",David Cobb,OTHER,4408,2828387,0.0015584854547839458,False,1
2004,MINNESOTA,MN,27,41,33.0,michael-peroutka,"PEROUTKA, MICHAEL",Michael Peroutka,OTHER,3074,2828387,0.0010868385408361726,False,1
2004,MINNESOTA,MN,27,41,33.0,other,OTHER,Other,OTHER,2532,2828387,0.0008952098846444988,True,1
2004,MINNESOTA,MN,27,41,33.0,thomas-harens,"HARENS, THOMAS",Thomas Harens,OTHER,2387,2828387,0.0008439439157371322,False,1
2004,MINNESOTA,MN,27,41,33.0,bill-van-auken,"VAN AUKEN, BILL",Bill Van Auken,OTHER,539,2828387,0.0001905679809729008,False,1
2004,MINNESOTA,MN,27,41,33.0,roger-calero,"CALERO, ROGER",Roger Calero,OTHER,416,2828387,0.0001470802970032036,False,1
2004,MISSOURI,MO,29,43,34.0,george-w-bush,"BUSH, GEORGE W.",George W. Bush,REPUBLICAN,1455713,2731364,0.5329619193926551,False,1
2004,MISSOURI,MO,29,43,34.0,john-kerry,"KERRY, JOHN",John Kerry,DEMOCRAT,1259171,2731364,0.46100446516831883,False,1
2004,MISSOURI,MO,29,43,34.0,michael-badnarik,"BADNARIK, MICHAEL",Michael Badnarik,LIBERTARIAN,9831,2731364,0.0035993005692393984,False,1
2004,MISSOURI,MO,29,43,34.0,michael-peroutka,"PEROUTKA, MICHAEL",Michael Peroutka,OTHER,5355,2731364,0.001960558900241784,False,1
2004,MISSOURI,MO,29,43,34.0,ralph-nader,"NADER, RALPH",Ralph Nader,OTHER,1294,2731364,0.0004737559695448867,True,1
2004,MISSISSIPPI,MS,28,64,46.0,george-w-bush,"BUSH, GEORGE W.",George W. Bush,REPUBLICAN,672660,1139824,0.5901437414899142,False,1
2004,MISSISSIPPI,MS,28,64,46.0,john-kerry,"KERRY, JOHN",John Kerry,DEMOCRAT,457766,1139824,0.40161112592821346,False,1
2004,MISSISSIPPI,MS,28,64,46.0,ralph-nader,"NADER, RALPH",Ralph Nader,OTHER,3175,1139824,0.0027855177641460437,False,1
2004,MISSISSIPPI,MS,28,64,46.0,michael-badnarik,"BADNARIK, MICHAEL",Michael Badnarik,LIBERTARIAN,1793,1139824,0.001573049874366569,False,1
2004,MISSISSIPPI,MS,28,64,46.0,michael-peroutka,"PEROUTKA, MICHAEL",Michael Peroutka,OTHER,1758,1139824,0.0015423433793287384,False,1
2004,MISSISSIPPI,MS,28,64,46.0,roger-calero,"CALERO, ROGER",Roger Calero,OTHER,1599,1139824,0.0014028481590140232,False,1
2004,MISSISSIPPI,MS,28,64,46.0,david-cobb,"COBB, DAVID",David Cobb,OTHER,1073,1139824,0.0009413734050169149,False,1
2004,MONTANA,MT,30,81,64.0,george-w-bush,"BUSH, GEORGE W.",George W. Bush,REPUBLICAN,266063,450434,0.5906814316858852,False,1
2004,MONTANA,MT,30,81,64.0,john-kerry,"KERRY, JOHN",John Kerry,DEMOCRAT,173710,450434,0.3856502839483698,False,1
2004,MONTANA,MT,30,81,64.0,ralph-nader,"NADER, RALPH",Ralph Nader,OTHER,6168,450434,0.01369346008516231,False,1
2004,MONTANA,MT,30,81,64.0,michael-peroutka,"PEROUTKA, MICHAEL",Michael Peroutka,OTHER,1764,450434,0.003916223020464707,False,1
2004,MONTANA,MT,30,81,64.0,michael-badnarik,"BADNARIK, MICHAEL",Michael Badnarik,LIBERTARIAN,1733,450434,0.003847400507066518,False,1
2004,MONTANA,MT,30,81,64.0,david-cobb,"COBB, DAVID",David Cobb,OTHER,996,450434,0.0022112007530515013,False,1
2004,NORTH CAROLINA,NC,37,56,47.0,george-w-bush,"BUSH, GEORGE W.",George W. Bush,REPUBLICAN,1961166,3501007,0.5601719733779452,False,1
2004,NORTH CAROLINA,NC,37,56,47.0,john-kerry,"KERRY, JOHN",John Kerry,DEMOCRAT,1525849,3501007,0.435831462205017,False,1
2004,NORTH CAROLINA,NC,37,56,47.0,michael-badnarik,"BADNARIK, MICHAEL",Michael Badnarik,LIBERTARIAN,11731,3501007,0.0033507502270061157,False,1
2004,NORTH CAROLINA,NC,37,56,47.0,other,OTHER,Other,OTHER,2261,3501007,0.0006458141900316109,True,1
2004,NORTH DAKOTA,ND,38,44,36.0,george-w-bush,"BUSH, GEORGE W.",George W. Bush,REPUBLICAN,196651,312833,0.6286133496146507,False,1
2004,NORTH DAKOTA,ND,38,44,36.0,john-kerry,"KERRY, JOHN",John Kerry,DEMOCRAT,111052,312833,0.3549881246543683,False,1
2004,NORTH DAKOTA,ND,38,44,36.0,ralph-nader,"NADER, RALPH",Ralph Nader,OTHER,3756,312833,0.012006405973794324,False,1
2004,NORTH DAKOTA,ND,38,44,36.0,michael-badnarik,"BADNARIK, MICHAEL",Michael Badnarik,LIBERTARIAN,851,312833,0.002720301246991206,False,1
2004,NORTH DAKOTA,ND,38,44,36.0,michael-peroutka,"PEROUTKA, MICHAEL",Michael Peroutka,OTHER,514,312833,0.0016430491668078496,False,1
2004,NORTH DAKOTA,ND,38,44,36.0,other,OTHER,Other,OTHER,9,312833,2.8769343387686082e-05,True,1
2004,NEBRASKA,NE,31,46,35.0,george-w-bush,"BUSH, GEORGE W.",George W. Bush,REPUBLICAN,512814,778186,0.6589864119889075,False,1
2004,NEBRASKA,NE,31,46,35.0,john-kerry,"KERRY, JOHN",John Kerry,DEMOCRAT,254328,778186,0.3268216082016382,False,1
2004,NEBRASKA,NE,31,46,35.0,ralph-nader,"NADER, RALPH",Ralph Nader,OTHER,5780,778186,0.0074275301791602525,False,1
2004,NEBRASKA,NE,31,46,35.0,other,OTHER,Other,OTHER,2245,778186,0.0028849144034973646,True,2
2004,NEBRASKA,NE,31,46,35.0,michael-badnarik,"BADNARIK, MICHAEL",Michael Badnarik,LIBERTARIAN,2041,778186,0.0026227662795270026,False,1
2004,NEBRASKA,NE,31,46,35.0,david-cobb,"COBB, DAVID",David Cobb,OTHER,978,778186,0.0012567689472696758,False,1
2004,NEW HAMPSHIRE,NH,33,12,4.0,john-kerry,"KERRY, JOHN",John Kerry,DEMOCRAT,340511,678287,0.5020161082255741,False,1
2004,NEW HAMPSHIRE,NH,33,12,4.0,george-w-bush,"BUSH, GEORGE W.",George W. Bush,REPUBLICAN,331237,678287,0.4883434298460681,False,1
2004,NEW HAMPSHIRE,NH,33,12,4.0,ralph-nader,"NADER, RALPH",Ralph Nader,OTHER,4479,678287,0.006603399445957242,False,1
2004,NEW HAMPSHIRE,NH,33,12,4.0,other,OTHER,Other,OTHER,2060,678287,0.0030370624824005176,True,2
2004,NEW JERSEY,NJ,34,22,12.0,john-kerry,"KERRY, JOHN",John Kerry,DEMOCRAT,1911430,3611691,0.5292340900702746,False,1
2004,NEW JERSEY,NJ,34,22,12.0,george-w-bush,"BUSH, GEORGE W.",George W. Bush,REPUBLICAN,1670003,3611691,0.4623881168128724,False,1
2004,NEW JERSEY,NJ,34,22,12.0,other,OTHER,Other,OTHER,30258,3611691,0.00837779311685302,False,1
2004,NEW MEXICO,NM,35,85,66.0,george-w-bush,"BUSH, GEORGE W.",George W. Bush,REPUBLICAN,376930,756304,0.498384247604138,False,1
2004,NEW MEXICO,NM,35,85,66.0,john-kerry,"KERRY, JOHN",John Kerry,DEMOCRAT,370942,756304,0.490466796420487,False,1
2004,NEW MEXICO,NM,35,85,66.0,ralph-nader,"NADER, RALPH",Ralph Nader,OTHER,4053,756304,0.005358956186930123,False,1
2004,NEW MEXICO,NM,35,85,66.0,michael-badnarik,"BADNARIK, MICHAEL",Michael Badnarik,LIBERTARIAN,2382,756304,0.0031495271742579705,False,1
2004,NEW MEXICO,NM,35,85,66.0,david-cobb,"COBB, DAVID",David Cobb,OTHER,1226,756304,0.0016210412744081745,False,1
2004,NEW MEXICO,NM,35,85,66.0,michael-peroutka,"PEROUTKA, MICHAEL",Michael Peroutka,OTHER,771,756304,0.0010194313397787133,False,1
2004,NEVADA,NV,32,88,65.0,george-w-bush,"BUSH, GEORGE W.",George W. Bush,REPUBLICAN,418690,829587,0.504696915453111,False,1
2004,NEVADA,NV,32,88,65.0,john-kerry,"KERRY, JOHN",John Kerry,DEMOCRAT,397190,829587,0.4787804051895702,False,1
2004,NEVADA,NV,32,88,65.0,ralph-nader,"NADER, RALPH",Ralph Nader,OTHER,4838,829587,0.005831817518837687,False,1
2004,NEVADA,NV,32,88,65.0,other,OTHER,Other,OTHER,3688,829587,0.004445585574508762,False,1
2004,NEVADA,NV,32,88,65.0,michael-badnarik,"BADNARIK, MICHAEL",Michael Badnarik,LIBERTARIAN,3176,829587,0.003828411004511884,False,1
2004,NEVADA,NV,32,88,65.0,michael-peroutka,"PEROUTKA, MICHAEL",Michael Peroutka,OTHER,1152,829587,0.0013886427824929754,False,1
2004,NEVADA,NV,32,88,65.0,david-cobb,"COBB, DAVID",David Cobb,OTHER,853,829587,0.001028222476967455,False,1
2004,NEW YORK,NY,36,21,13.0,john-kerry,"KERRY, JOHN",John Kerry,DEMOCRAT,4180755,7448266,0.5613058126549186,False,1
2004,NEW YORK,NY,36,21,13.0,george-w-bush,"BUSH, GEORGE W.",George W. Bush,REPUBLICAN,2806993,7448266,0.376865299923499,False,1
2004,NEW YORK,NY,36,21,13.0,george-w-bush,"BUSH, GEORGE W.",George W. Bush,OTHER,155574,7448266,0.020887277656302824,False,1
2004,NEW YORK,NY,36,21,13.0,john-kerry,"KERRY, JOHN",John Kerry,OTHER,133525,7448266,0.017926991329257038,False,1
2004,NEW YORK,NY,36,21,13.0,ralph-nader,"NADER, RALPH",Ralph Nader,OTHER,99873,7448266,0.013408892754367258,False,2
2004,NEW YORK,NY,36,21,13.0,blank-vote-scattering,BLANK VOTE/SCATTERING,Blank Vote/Scattering,OTHER,57230,7448266,0.0076836675811524455,False,1
2004,NEW YORK,NY,36,21,13.0,michael-badnarik,"BADNARIK, MICHAEL",Michael Badnarik,LIBERTARIAN,11607,7448266,0.0015583492855921095,False,1
2004,NEW YORK,NY,36,21,13.0,roger-calero,"CALERO, ROGER",Roger Calero,OTHER,2405,7448266,0.0003228939460540212,False,1
2004,NEW YORK,NY,36,21,13.0,other,OTHER,Other,OTHER,304,7448266,4.08148688567245e-05,True,1
2004,OHIO,OH,39,31,24.0,george-w-bush,"BUSH, GEORGE W.",George W. Bush,REPUBLICAN,2859764,5627903,0.508140243355296,False,1
2004,OHIO,OH,39,31,24.0,john-kerry,"KERRY, JOHN",John Kerry,DEMOCRAT,2741165,5627903,0.48706685243153625,False,1
2004,OHIO,OH,39,31,24.0,other,OTHER,Other,OTHER,26974,5627903,0.004792904213167853,True,2
2004,OKLAHOMA,OK,40,73,53.0,george-w-bush,"BUSH, GEORGE W.",George W. Bush,REPUBLICAN,959792,1463758,0.6557040166475606,False,1
2004,OKLAHOMA,OK,40,73,53.0,john-kerry,"KERRY, JOHN",John Kerry,DEMOCRAT,503966,1463758,0.3442959833524394,False,1
2004,OREGON,OR,41,92,72.0,john-kerry,"KERRY, JOHN",John Kerry,DEMOCRAT,943163,1836782,0.5134866304221187,False,1
2004,OREGON,OR,41,92,72.0,george-w-bush,"BUSH, GEORGE W.",George W. Bush,REPUBLICAN,866831,1836782,0.47192916742433233,False,1
2004,OREGON,OR,41,92,72.0,other,OTHER,Other,OTHER,8956,1836782,0.004875918862445298,False,1
2004,OREGON,OR,41,92,72.0,michael-badnarik,"BADNARIK, MICHAEL",Michael Badnarik,LIBERTARIAN,7260,1836782,0.003952564866162669,False,1
2004,OREGON,OR,41,92,72.0,david-cobb,"COBB, DAVID",David Cobb,OTHER,5315,1836782,0.0028936476947182626,False,1
2004,OREGON,OR,41,92,72.0,michael-peroutka,"PEROUTKA, MICHAEL",Michael Peroutka,OTHER,5257,1836782,0.002862070730222748,False,1
2004,PENNSYLVANIA,PA,42,23,14.0,john-kerry,"KERRY, JOHN",John Kerry,DEMOCRAT,2938095,5769590,0.5092380914415062,False,1
2004,PENNSYLVANIA,PA,42,23,14.0,george-w-bush,"BUSH, GEORGE W.",George W. Bush,REPUBLICAN,2793847,5769590,0.484236661530542,False,1
2004,PENNSYLVANIA,PA,42,23,14.0,michael-badnarik,"BADNARIK, MICHAEL",Michael Badnarik,LIBERTARIAN,21185,5769590,0.0036718380335517774,False,1
2004,PENNSYLVANIA,PA,42,23,14.0,david-cobb,"COBB, DAVID",David Cobb,OTHER,6319,5769590,0.0010952251373147833,False,1
2004,PENNSYLVANIA,PA,42,23,14.0,michael-peroutka,"PEROUTKA, MICHAEL",Michael Peroutka,OTHER,6318,5769590,0.0010950518147736668,False,1
2004,PENNSYLVANIA,PA,42,23,14.0,independent-party-candidate,"INDEPENDENT PARTY CANDIDATE,",Independent Party Candidate,OTHER,2656,5769590,0.00046034466920526413,True,1
2004,PENNSYLVANIA,PA,42,23,14.0,blank-vote-scattering,BLANK VOTE/SCATTERING,Blank Vote/Scattering,OTHER,1170,5769590,0.00020278737310623458,False,1
2004,RHODE ISLAND,RI,44,15,5.0,john-kerry,"KERRY, JOHN",John Kerry,DEMOCRAT,259760,437134,0.5942342622628302,False,1
2004,RHODE ISLAND,RI,44,15,5.0,george-w-bush,"BUSH, GEORGE W.",George W. Bush,REPUBLICAN,169046,437134,0.3867143713369356,False,1
2004,RHODE ISLAND,RI,44,15,5.0,ralph-nader,"NADER, RALPH",Ralph Nader,OTHER,4651,437134,0.010639758060457433,False,1
2004,RHODE ISLAND,RI,44,15,5.0,david-cobb,"COBB, DAVID",David Cobb,OTHER,1333,437134,0.00304940819062347,False,1
2004,RHODE ISLAND,RI,44,15,5.0,michael-badnarik,"BADNARIK, MICHAEL",Michael Badnarik,LIBERTARIAN,907,437134,0.0020748786413319485,False,1
2004,RHODE ISLAND,RI,44,15,5.0,nonpartisan,NONPARTISAN,Nonpartisan,OTHER,845,437134,0.0019330457022331824,False,1
2004,RHODE ISLAND,RI,44,15,5.0,michael-peroutka,"PEROUTKA, MICHAEL",Michael Peroutka,OTHER,339,437134,0.0007755059089432531,False,1
2004,RHODE ISLAND,RI,44,15,5.0,workers-world,WORKERS WORLD,Workers World,OTHER,253,437134,0.0005787698966449647,False,1
2004,SOUTH CAROLINA,SC,45,57,48.0,george-w-bush,"BUSH, GEORGE W.",George W. Bush,REPUBLICAN,937974,1617700,0.5798194968164678,False,1
2004,SOUTH CAROLINA,SC,45,57,48.0,john-kerry,"KERRY, JOHN",John Kerry,DEMOCRAT,661669,1617700,0.40901835939914694,False,1
2004,SOUTH CAROLINA,SC,45,57,48.0,ralph-nader,"NADER, RALPH",Ralph Nader,OTHER,5520,1617700,0.0034122519626630403,False,1
2004,SOUTH CAROLINA,SC,45,57,48.0,michael-peroutka,"PEROUTKA, MICHAEL",Michael Peroutka,OTHER,5317,1617700,0.003286765160412932,False,1
2004,SOUTH CAROLINA,SC,45,57,48.0,michael-badnarik,"BADNARIK, MICHAEL",Michael Badnarik,LIBERTARIAN,3608,1617700,0.0022303270074797554,False,1
2004,SOUTH CAROLINA,SC,45,57,48.0,walt-brown,"BROWN, WALT",Walt Brown,OTHER,2124,1617700,0.0013129752117203436,False,1
2004,SOUTH CAROLINA,SC,45,57,48.0,david-cobb,"COBB, DAVID",David Cobb,OTHER,1488,1617700,0.0009198244421091674,False,1
2004,SOUTH DAKOTA,SD,46,45,37.0,george-w-bush,"BUSH, GEORGE W.",George W. Bush,REPUBLICAN,232584,388215,0.5991113171824891,False,1
2004,SOUTH DAKOTA,SD,46,45,37.0,john-kerry,"KERRY, JOHN",John Kerry,DEMOCRAT,149244,388215,0.38443645917854796,False,1
2004,SOUTH DAKOTA,SD,46,45,37.0,ralph-nader,"NADER, RALPH",Ralph Nader,OTHER,4320,388215,0.011127854410571462,False,1
2004,SOUTH DAKOTA,SD,46,45,37.0,michael-peroutka,"PEROUTKA, MICHAEL",Michael Peroutka,OTHER,1103,388215,0.0028412091238102597,False,1
2004,SOUTH DAKOTA,SD,46,45,37.0,michael-badnarik,"BADNARIK, MICHAEL",Michael Badnarik,LIBERTARIAN,964,388215,0.002483160104581224,False,1
2004,TENNESSEE,TN,47,62,54.0,george-w-bush,"BUSH, GEORGE W.",George W. Bush,REPUBLICAN,1384375,2437319,0.5679908949136325,False,1
2004,TENNESSEE,TN,47,62,54.0,john-kerry,"KERRY, JOHN",John Kerry,DEMOCRAT,1036477,2437319,0.4252529110879618,False,1
2004,TENNESSEE,TN,47,62,54.0,other,OTHER,Other,OTHER,16467,2437319,0.006756193998405625,True,2
2004,TEXAS,TX,48,74,49.0,george-w-bush,"BUSH, GEORGE W.",George W. Bush,REPUBLICAN,4526917,7410749,0.6108582276906154,False,1
2004,TEXAS,TX,48,74,49.0,john-kerry,"KERRY, JOHN",John Kerry,DEMOCRAT,2832704,7410749,0.3822426046274135,False,1
2004,TEXAS,TX,48,74,49.0,michael-badnarik,"BADNARIK, MICHAEL",Michael Badnarik,LIBERTARIAN,38787,7410749,0.005233883916457027,False,1
2004,TEXAS,TX,48,74,49.0,other,OTHER,Other,OTHER,12341,7410749,0.00166528376551412,True,1
2004,UTAH,UT,49,87,67.0,george-w-bush,"BUSH, GEORGE W.",George W. Bush,REPUBLICAN,663742,927844,0.7153594785330293,False,1
2004,UTAH,UT,49,87,67.0,john-kerry,"KERRY, JOHN",John Kerry,DEMOCRAT,241199,927844,0.25995641508701894,False,1
2004,UTAH,UT,49,87,67.0,ralph-nader,"NADER, RALPH",Ralph Nader,OTHER,11305,927844,0.012184160268320967,False,1
2004,UTAH,UT,49,87,67.0,michael-peroutka,"PEROUTKA, MICHAEL",Michael Peroutka,OTHER,6841,927844,0.007373006669224568,False,1
2004,UTAH,UT,49,87,67.0,michael-badnarik,"BADNARIK, MICHAEL",Michael Badnarik,LIBERTARIAN,3375,927844,0.0036374649186716734,False,1
2004,UTAH,UT,49,87,67.0,charles-jay,"JAY, CHARLES",Charles Jay,OTHER,946,927844,0.0010195679446113786,False,1
2004,UTAH,UT,49,87,67.0,roger-calero,"CALERO, ROGER",Roger Calero,OTHER,393,927844,0.0004235625816408793,False,1
2004,UTAH,UT,49,87,67.0,other,OTHER,Other,OTHER,43,927844,4.634399748233539e-05,True,1
2004,VIRGINIA,VA,51,54,40.0,george-w-bush,"BUSH, GEORGE W.",George W. Bush,REPUBLICAN,1716959,3195415,0.5373195656902156,False,1
2004,VIRGINIA,VA,51,54,40.0,john-kerry,"KERRY, JOHN",John Kerry,DEMOCRAT,1454742,3195415,0.4552591760381672,False,1
2004,VIRGINIA,VA,51,54,40.0,michael-badnarik,"BADNARIK, MICHAEL",Michael Badnarik,LIBERTARIAN,11032,3195415,0.0034524467087999524,False,1
2004,VIRGINIA,VA,51,54,40.0,michael-peroutka,"PEROUTKA, MICHAEL",Michael Peroutka,OTHER,10161,3195415,0.0031798686555580416,False,1
2004,VIRGINIA,VA,51,54,40.0,other,OTHER,Other,OTHER,2521,3195415,0.0007889429072593074,True,1
2004,VERMONT,VT,50,13,6.0,john-kerry,"KERRY, JOHN",John Kerry,DEMOCRAT,184067,312309,0.5893746257712714,False,1
2004,VERMONT,VT,50,13,6.0,george-w-bush,"BUSH, GEORGE W.",George W. Bush,REPUBLICAN,121180,312309,0.38801315363950445,False,1
2004,VERMONT,VT,50,13,6.0,ralph-nader,"NADER, RALPH",Ralph Nader,OTHER,4494,312309,0.014389594920415357,False,1
2004,VERMONT,VT,50,13,6.0,michael-badnarik,"BADNARIK, MICHAEL",Michael Badnarik,LIBERTARIAN,1102,312309,0.003528556653826819,False,1
2004,VERMONT,VT,50,13,6.0,other,OTHER,Other,OTHER,957,312309,0.003064272883586448,True,1
2004,VERMONT,VT,50,13,6.0,john-parker,"PARKER, JOHN",John Parker,OTHER,265,312309,0.0008485186145772296,False,1
2004,VERMONT,VT,50,13,6.0,roger-calero,"CALERO, ROGER",Roger Calero,OTHER,244,312309,0.0007812775168182793,False,1
2004,WASHINGTON,WA,53,91,73.0,john-kerry,"KERRY, JOHN",John Kerry,DEMOCRAT,1510201,2859084,0.5282114831183694,False,1
2004,WASHINGTON,WA,53,91,73.0,george-w-bush,"BUSH, GEORGE W.",George W. Bush,REPUBLICAN,1304894,2859084,0.45640281992414355,False,1
2004,WASHINGTON,WA,53,91,73.0,ralph-nader,"NADER, RALPH",Ralph Nader,OTHER,23283,2859084,0.008143517294350219,False,1
2004,WASHINGTON,WA,53,91,73.0,michael-badnarik,"BADNARIK, MICHAEL",Michael Badnarik,LIBERTARIAN,11955,2859084,0.004181409150623067,False,1
2004,WASHINGTON,WA,53,91,73.0,michael-peroutka,"PEROUTKA, MICHAEL",Michael Peroutka,OTHER,3922,2859084,0.0013717680208066639,False,1
2004,WASHINGTON,WA,53,91,73.0,david-cobb,"COBB, DAVID",David Cobb,OTHER,2974,2859084,0.0010401932926769552,False,1
2004,WASHINGTON,WA,53,91,73.0,john-parker,"PARKER, JOHN",John Parker,OTHER,1077,2859084,0.0003766940740460931,False,1
2004,WASHINGTON,WA,53,91,73.0,roger-calero,"CALERO, ROGER",Roger Calero,OTHER,547,2859084,0.0001913200171803277,False,1
2004,WASHINGTON,WA,53,91,73.0,bill-van-auken,"VAN AUKEN, BILL",Bill Van Auken,OTHER,231,2859084,8.079510780375812e-05,False,1
2004,WISCONSIN,WI,55,35,25.0,john-kerry,"KERRY, JOHN",John Kerry,DEMOCRAT,1489504,2997007,0.49699717084411216,False,1
2004,WISCONSIN,WI,55,35,25.0,george-w-bush,"BUSH, GEORGE W.",George W. Bush,REPUBLICAN,1478120,2997007,0.49319871458425024,False,1
2004,WISCONSIN,WI,55,35,25.0,ralph-nader,"NADER, RALPH",Ralph Nader,OTHER,17272,2997007,0.005763082969108848,False,1
2004,WISCONSIN,WI,55,35,25.0,michael-badnarik,"BADNARIK, MICHAEL",Michael Badnarik,LIBERTARIAN,6464,2997007,0.00215681845254282,False,1
2004,WISCONSIN,WI,55,35,25.0,blank-vote-scattering,BLANK VOTE/SCATTERING,Blank Vote/Scattering,OTHER,2986,2997007,0.000996327335905455,False,1
2004,WISCONSIN,WI,55,35,25.0,david-cobb,"COBB, DAVID",David Cobb,OTHER,2661,2997007,0.0008878858140805143,False,1
2004,WEST VIRGINIA,WV,54,55,56.0,george-w-bush,"BUSH, GEORGE W.",George W. Bush,REPUBLICAN,423778,755792,0.5607071786946674,False,1
2004,WEST VIRGINIA,WV,54,55,56.0,john-kerry,"KERRY, JOHN",John Kerry,DEMOCRAT,326541,755792,0.43205141097021404,False,1
2004,WEST VIRGINIA,WV,54,55,56.0,ralph-nader,"NADER, RALPH",Ralph Nader,OTHER,4063,755792,0.005375817685289074,False,1
2004,WEST VIRGINIA,WV,54,55,56.0,michael-badnarik,"BADNARIK, MICHAEL",Michael Badnarik,LIBERTARIAN,1405,755792,0.0018589770730571373,False,1
2004,WEST VIRGINIA,WV,54,55,56.0,david-cobb,"COBB, DAVID",David Cobb,OTHER,5,755792,6.615576772445329e-06,True,1
2004,WYOMING,WY,56,83,68.0,george-w-bush,"BUSH, GEORGE W.",George W. Bush,REPUBLICAN,167629,243861,0.6873956885274808,False,1
2004,WYOMING,WY,56,83,68.0,john-kerry,"KERRY, JOHN",John Kerry,DEMOCRAT,70776,243861,0.2902309102316484,False,1
2004,WYOMING,WY,56,83,68.0,ralph-nader,"NADER, RALPH",Ralph Nader,OTHER,3372,243861,0.013827549300626176,False,1
2004,WYOMING,WY,56,83,68.0,michael-badnarik,"BADNARIK, MICHAEL",Michael Badnarik,LIBERTARIAN,1171,243861,0.00480191584550215,False,1
2004,WYOMING,WY,56,83,68.0,other,OTHER,Other,OTHER,913,243861,0.0037439360947424966,True,2
2008,ALASKA,AK,2,94,81.0,john-mccain,"MCCAIN, JOHN",John McCain,REPUBLICAN,193841,326197,0.5942451953880631,False,1
2008,ALASKA,AK,2,94,81.0,barack-obama,"OBAMA, BARACK H.",Barack Obama,DEMOCRAT,123594,326197,0.37889373599389325,False,1
2008,ALASKA,AK,2,94,81.0,ralph-nader,"NADER, RALPH",Ralph Nader,OTHER,3783,326197,0.011597286302449133,False,1
2008,ALASKA,AK,2,94,81.0,write-in-blank,,Write-in/blank,OTHER,1730,326197,0.005303543564165213,True,1
2008,ALASKA,AK,2,94,81.0,charles-chuck-baldwin,"BALDWIN, CHARLES ""CHUCK""","Charles ""Chuck"" Baldwin",OTHER,1660,326197,0.005088949315904193,False,1
2008,ALASKA,AK,2,94,81.0,bob-barr,"BARR, BOB",Bob Barr,LIBERTARIAN,1589,326197,0.0048712894355251585,False,1
2008,ALABAMA,AL,1,63,41.0,john-mccain,"MCCAIN, JOHN",John McCain,REPUBLICAN,1266546,2099819,0.603169130291706,False,1
2008,ALABAMA,AL,1,63,41.0,barack-obama,"OBAMA, BARACK H.",Barack Obama,DEMOCRAT,813479,2099819,0.38740434294574916,False,1
2008,ALABAMA,AL,1,63,41.0,write-in-blank,,Write-in/blank,OTHER,19794,2099819,0.009426526762544771,True,2
2008,ARKANSAS,AR,5,71,42.0,john-mccain,"MCCAIN, JOHN",John McCain,REPUBLICAN,638017,1086617,0.5871590449992959,False,1
2008,ARKANSAS,AR,5,71,42.0,barack-obama,"OBAMA, BARACK H.",Barack Obama,DEMOCRAT,422310,1086617,0.3886465976512423,False,1
2008,ARKANSAS,AR,5,71,42.0,ralph-nader,"NADER, RALPH",Ralph Nader,OTHER,12882,1086617,0.011855143072490124,False,1
2008,ARKANSAS,AR,5,71,42.0,bob-barr,"BARR, BOB",Bob Barr,LIBERTARIAN,4776,1086617,0.004395292913694521,False,1
2008,ARKANSAS,AR,5,71,42.0,charles-chuck-baldwin,"BALDWIN, CHARLES ""CHUCK""","Charles ""Chuck"" Baldwin",OTHER,4023,1086617,0.0037023164555680613,False,1
2008,ARKANSAS,AR,5,71,42.0,cynthia-mckinney,"MCKINNEY, CYNTHIA",Cynthia Mckinney,OTHER,3470,1086617,0.003193397489639864,False,1
2008,ARKANSAS,AR,5,71,42.0,gloria-estella-la-riva,"LA RIVA, GLORIA ESTELLA",Gloria Estella La Riva,OTHER,1139,1086617,0.001048207418069108,False,1
2008,ARIZONA,AZ,4,86,61.0,john-mccain,"MCCAIN, JOHN",John McCain,REPUBLICAN,1230111,2293475,0.5363524782262724,False,1
2008,ARIZONA,AZ,4,86,61.0,barack-obama,"OBAMA, BARACK H.",Barack Obama,DEMOCRAT,1034707,2293475,0.4511525087476428,False,1
2008,ARIZONA,AZ,4,86,61.0,bob-barr,"BARR, BOB",Bob Barr,LIBERTARIAN,12555,2293475,0.005474225792738094,False,1
2008,ARIZONA,AZ,4,86,61.0,ralph-nader,"NADER, RALPH",Ralph Nader,OTHER,11301,2293475,0.004927457242830203,False,1
2008,ARIZONA,AZ,4,86,61.0,cynthia-mckinney,"MCKINNEY, CYNTHIA",Cynthia Mckinney,OTHER,3406,2293475,0.0014850826802123415,False,1
2008,ARIZONA,AZ,4,86,61.0,write-in-blank,,Write-in/blank,OTHER,1395,2293475,0.0006082473103042326,True,1
2008,CALIFORNIA,CA,6,93,71.0,barack-obama,"OBAMA, BARACK H.",Barack Obama,DEMOCRAT,8274473,13561900,0.6101263834713425,False,1
2008,CALIFORNIA,CA,6,93,71.0,john-mccain,"MCCAIN, JOHN",John McCain,REPUBLICAN,5011781,13561900,0.36954858832464477,False,1
2008,CALIFORNIA,CA,6,93,71.0,ralph-nader,"NADER, RALPH",Ralph Nader,OTHER,108381,13561900,0.007991579350975896,False,1
2008,CALIFORNIA,CA,6,93,71.0,bob-barr,"BARR, BOB",Bob Barr,LIBERTARIAN,67582,13561900,0.0049832250643346435,False,1
2008,CALIFORNIA,CA,6,93,71.0,alan-keyes,"KEYES, ALAN",Alan Keyes,OTHER,40673,13561900,0.002999063553041978,False,1
2008,CALIFORNIA,CA,6,93,71.0,cynthia-mckinney,"MCKINNEY, CYNTHIA",Cynthia Mckinney,OTHER,38774,13561900,0.0028590389252243415,False,1
2008,CALIFORNIA,CA,6,93,71.0,write-in-blank,,Write-in/blank,OTHER,20236,13561900,0.0014921213104358534,True,1
2008,COLORADO,CO,8,84,62.0,barack-obama,"OBAMA, BARACK H.",Barack Obama,DEMOCRAT,1288576,2401361,0.5366023684069159,False,1
2008,COLORADO,CO,8,84,62.0,john-mccain,"MCCAIN, JOHN",John McCain,REPUBLICAN,1073589,2401361,0.4470752210933716,False,1
2008,COLORADO,CO,8,84,62.0,ralph-nader,"NADER, RALPH",Ralph Nader,OTHER,13350,2401361,0.005559347386752763,False,1
2008,COLORADO,CO,8,84,62.0,bob-barr,"BARR, BOB",Bob Barr,LIBERTARIAN,10897,2401361,0.004537843331344184,False,1
2008,COLORADO,CO,8,84,62.0,charles-chuck-baldwin,"BALDWIN, CHARLES ""CHUCK""","Charles ""Chuck"" Baldwin",OTHER,6233,2401361,0.0025956114053655405,False,1
2008,COLORADO,CO,8,84,62.0,alan-keyes,"KEYES, ALAN",Alan Keyes,OTHER,3051,2401361,0.0012705295038938336,False,1
2008,COLORADO,CO,8,84,62.0,cynthia-mckinney,"MCKINNEY, CYNTHIA",Cynthia Mckinney,OTHER,2822,2401361,0.0011751669157615203,False,1
2008,COLORADO,CO,8,84,62.0,frank-mcenulty,"MCENULTY, FRANK",Frank Mcenulty,OTHER,828,2401361,0.00034480446713342974,False,1
2008,COLORADO,CO,8,84,62.0,charles-jay,"JAY, CHARLES",Charles Jay,OTHER,598,2401361,0.00024902544848525484,False,1
2008,COLORADO,CO,8,84,62.0,jonathan-allen,"ALLEN, JONATHAN",Jonathan Allen,OTHER,348,2401361,0.0001449178195198473,False,1
2008,COLORADO,CO,8,84,62.0,thomas-r-stevens,"STEVENS, THOMAS R.",Thomas R. Stevens,OTHER,336,2401361,0.00013992065332950774,False,1
2008,COLORADO,CO,8,84,62.0,brian-moore,"MOORE, BRIAN",Brian Moore,OTHER,226,2401361,9.411329658472841e-05,False,1
2008,COLORADO,CO,8,84,62.0,gloria-estella-la-riva,"LA RIVA, GLORIA ESTELLA",Gloria Estella La Riva,OTHER,158,2401361,6.579602150613756e-05,False,1
2008,COLORADO,CO,8,84,62.0,james-harris,"HARRIS, JAMES",James Harris,OTHER,154,2401361,6.413029944269105e-05,False,1
2008,COLORADO,CO,8,84,62.0,bradford-lyttle,"LYTTLE, BRADFORD",Bradford Lyttle,OTHER,110,2401361,4.580735674477932e-05,False,1
2008,COLORADO,CO,8,84,62.0,gene-amondson,"AMONDSON, GENE",Gene Amondson,OTHER,85,2401361,3.539659384823856e-05,False,1
2008,CONNECTICUT,CT,9,16,1.0,barack-obama,"OBAMA, BARACK H.",Barack Obama,DEMOCRAT,997772,1646792,0.6058882967612181,False,1
2008,CONNECTICUT,CT,9,16,1.0,john-mccain,"MCCAIN, JOHN",John McCain,REPUBLICAN,629428,1646792,0.3822146330562694,False,1
2008,CONNECTICUT,CT,9,16,1.0,ralph-nader,"NADER, RALPH",Ralph Nader,OTHER,19162,1646792,0.011635956453516899,False,1
2008,CONNECTICUT,CT,9,16,1.0,write-in-blank,,Write-in/blank,OTHER,430,1646792,0.00026111372899552583,True,1
2008,DISTRICT OF COLUMBIA,DC,11,53,55.0,barack-obama,"OBAMA, BARACK H.",Barack Obama,DEMOCRAT,245800,265853,0.9245710975614343,False,1
2008,DISTRICT OF COLUMBIA,DC,11,53,55.0,john-mccain,"MCCAIN, JOHN",John McCain,REPUBLICAN,17367,265853,0.06532557465968035,False,1
2008,DISTRICT OF COLUMBIA,DC,11,53,55.0,write-in-blank,,Write-in/blank,OTHER,1138,265853,0.004280561061940245,True,1
2008,DISTRICT OF COLUMBIA,DC,11,53,55.0,ralph-nader,"NADER, RALPH",Ralph Nader,OTHER,958,265853,0.00360349516462105,False,1
2008,DISTRICT OF COLUMBIA,DC,11,53,55.0,cynthia-mckinney,"MCKINNEY, CYNTHIA",Cynthia Mckinney,OTHER,590,265853,0.0022192715523240286,False,1
2008,DELAWARE,DE,10,51,11.0,barack-obama,"OBAMA, BARACK H.",Barack Obama,DEMOCRAT,255459,412412,0.6194266898150393,False,1
2008,DELAWARE,DE,10,51,11.0,john-mccain,"MCCAIN, JOHN",John McCain,REPUBLICAN,152374,412412,0.36947033548975294,False,1
2008,DELAWARE,DE,10,51,11.0,ralph-nader,"NADER, RALPH",Ralph Nader,OTHER,2401,412412,0.005821848054857763,False,1
2008,DELAWARE,DE,10,51,11.0,bob-barr,"BARR, BOB",Bob Barr,LIBERTARIAN,1109,412412,0.002689058514301233,False,1
2008,DELAWARE,DE,10,51,11.0,charles-chuck-baldwin,"BALDWIN, CHARLES ""CHUCK""","Charles ""Chuck"" Baldwin",OTHER,626,412412,0.0015178995761520033,False,1
2008,DELAWARE,DE,10,51,11.0,cynthia-mckinney,"MCKINNEY, CYNTHIA",Cynthia Mckinney,OTHER,385,412412,0.0009335324869305452,False,1
2008,DELAWARE,DE,10,51,11.0,roger-calero,"CALERO, ROGER",Roger Calero,OTHER,58,412412,0.00014063606296616006,False,1
2008,FLORIDA,FL,12,59,43.0,barack-obama,"OBAMA, BARACK H.",Barack Obama,DEMOCRAT,4282074,8390744,0.5103330527066491,False,1
2008,FLORIDA,FL,12,59,43.0,john-mccain,"MCCAIN, JOHN",John McCain,REPUBLICAN,4045624,8390744,0.4821531916597622,False,1
2008,FLORIDA,FL,12,59,43.0,ralph-nader,"NADER, RALPH",Ralph Nader,OTHER,28124,8390744,0.0033517885899033506,False,1
2008,FLORIDA,FL,12,59,43.0,bob-barr,"BARR, BOB",Bob Barr,LIBERTARIAN,17218,8390744,0.0020520230387198082,False,1
2008,FLORIDA,FL,12,59,43.0,charles-chuck-baldwin,"BALDWIN, CHARLES ""CHUCK""","Charles ""Chuck"" Baldwin",OTHER,7915,8390744,0.0009433013329926404,False,1
2008,FLORIDA,FL,12,59,43.0,cynthia-mckinney,"MCKINNEY, CYNTHIA",Cynthia Mckinney,OTHER,2887,8390744,0.00034406960813010147,False,1
2008,FLORIDA,FL,12,59,43.0,alan-keyes,"KEYES, ALAN",Alan Keyes,OTHER,2550,8390744,0.0003039063043753927,False,1
2008,FLORIDA,FL,12,59,43.0,gloria-estella-la-riva,"LA RIVA, GLORIA ESTELLA",Gloria Estella La Riva,OTHER,1516,8390744,0.00018067527742474327,False,1
2008,FLORIDA,FL,12,59,43.0,charles-jay,"JAY, CHARLES",Charles Jay,OTHER,795,8390744,9.474725959938713e-05,False,1
2008,FLORIDA,FL,12,59,43.0,roger-calero,"CALERO, ROGER",Roger Calero,OTHER,533,8390744,6.352237656160169e-05,False,1
2008,FLORIDA,FL,12,59,43.0,thomas-r-stevens,"STEVENS, THOMAS R.",Thomas R. Stevens,OTHER,419,8390744,4.993597707187825e-05,False,1
2008,FLORIDA,FL,12,59,43.0,brian-moore,"MOORE, BRIAN",Brian Moore,OTHER,405,8390744,4.8267471871385896e-05,False,1
2008,FLORIDA,FL,12,59,43.0,write-in-blank,,Write-in/blank,OTHER,391,8390744,4.659896667089355e-05,True,1
2008,FLORIDA,FL,12,59,43.0,gene-amondson,"AMONDSON, GENE",Gene Amondson,OTHER,293,8390744,3.491943026744708e-05,False,1
2008,GEORGIA,GA,13,58,44.0,john-mccain,"MCCAIN, JOHN",John McCain,REPUBLICAN,2048759,3924486,0.5220451799292952,False,1
2008,GEORGIA,GA,13,58,44.0,barack-obama,"OBAMA, BARACK H.",Barack Obama,DEMOCRAT,1844123,3924486,0.46990179096065066,False,1
2008,GEORGIA,GA,13,58,44.0,bob-barr,"BARR, BOB",Bob Barr,LIBERTARIAN,28731,3924486,0.00732095871918004,False,1
2008,GEORGIA,GA,13,58,44.0,write-in-blank,,Write-in/blank,OTHER,2873,3924486,0.0007320703908741171,True,2
2008,HAWAII,HI,15,95,82.0,barack-obama,"OBAMA, BARACK H.",Barack Obama,DEMOCRAT,325871,456064,0.7145291011787819,False,1
2008,HAWAII,HI,15,95,82.0,john-mccain,"MCCAIN, JOHN",John McCain,REPUBLICAN,120566,456064,0.2643620193657031,False,1
2008,HAWAII,HI,15,95,82.0,ralph-nader,"NADER, RALPH",Ralph Nader,OTHER,3825,456064,0.008386980774628123,False,1
2008,HAWAII,HI,15,95,82.0,blank-vote,BLANK VOTE,Blank Vote,OTHER,2193,456064,0.004808535644120124,False,1
2008,HAWAII,HI,15,95,82.0,bob-barr,"BARR, BOB",Bob Barr,LIBERTARIAN,1314,456064,0.0028811745719898962,False,1
2008,HAWAII,HI,15,95,82.0,charles-chuck-baldwin,"BALDWIN, CHARLES ""CHUCK""","Charles ""Chuck"" Baldwin",OTHER,1013,456064,0.0022211794835812516,False,1
2008,HAWAII,HI,15,95,82.0,cynthia-mckinney,"MCKINNEY, CYNTHIA",Cynthia Mckinney,OTHER,979,456064,0.002146628543362335,False,1
2008,HAWAII,HI,15,95,82.0,over-vote,OVER VOTE,Over Vote,OTHER,303,456064,0.0006643804378332866,False,1
2008,IOWA,IA,19,42,31.0,barack-obama,"OBAMA, BARACK H.",Barack Obama,DEMOCRAT,828940,1537123,0.5392802007386527,False,1
2008,IOWA,IA,19,42,31.0,john-mccain,"MCCAIN, JOHN",John McCain,REPUBLICAN,682379,1537123,0.4439325935530208,False,1
2008,IOWA,IA,19,42,31.0,ralph-nader,"NADER, RALPH",Ralph Nader,OTHER,8014,1537123,0.005213636124109782,False,1
2008,IOWA,IA,19,42,31.0,write-in-blank,,Write-in/blank,OTHER,6737,1537123,0.00438286331022306,True,1
2008,IOWA,IA,19,42,31.0,bob-barr,"BARR, BOB",Bob Barr,LIBERTARIAN,4590,1537123,0.0029860980546124157,False,1
2008,IOWA,IA,19,42,31.0,charles-chuck-baldwin,"BALDWIN, CHARLES ""CHUCK""","Charles ""Chuck"" Baldwin",OTHER,4445,1537123,0.002891765980991762,False,1
2008,IOWA,IA,19,42,31.0,cynthia-mckinney,"MCKINNEY, CYNTHIA",Cynthia Mckinney,OTHER,1423,1537123,0.0009257554535323458,False,1
2008,IOWA,IA,19,42,31.0,james-harris,"HARRIS, JAMES",James Harris,OTHER,292,1537123,0.00018996527929124736,False,1
2008,IOWA,IA,19,42,31.0,brian-moore,"MOORE, BRIAN",Brian Moore,OTHER,182,1537123,0.00011840301654454458,False,1
2008,IOWA,IA,19,42,31.0,gloria-estella-la-riva,"LA RIVA, GLORIA ESTELLA",Gloria Estella La Riva,OTHER,121,1537123,7.871848902137305e-05,False,1
2008,IDAHO,ID,16,82,63.0,john-mccain,"MCCAIN, JOHN",John McCain,REPUBLICAN,403012,655122,0.6151709147303861,False,1
2008,IDAHO,ID,16,82,63.0,barack-obama,"OBAMA, BARACK H.",Barack Obama,DEMOCRAT,236440,655122,0.3609098763283785,False,1
2008,IDAHO,ID,16,82,63.0,ralph-nader,"NADER, RALPH",Ralph Nader,OTHER,7175,655122,0.01095215852925104,False,1
2008,IDAHO,ID,16,82,63.0,charles-chuck-baldwin,"BALDWIN, CHARLES ""CHUCK""","Charles ""Chuck"" Baldwin",OTHER,4747,655122,0.007245978611617378,False,1
2008,IDAHO,ID,16,82,63.0,bob-barr,"BARR, BOB",Bob Barr,LIBERTARIAN,3658,655122,0.005583692808362412,False,1
2008,IDAHO,ID,16,82,63.0,write-in-blank,,Write-in/blank,OTHER,90,655122,0.00013737899200454268,True,1
2008,ILLINOIS,IL,17,33,21.0,barack-obama,"OBAMA, BARACK H.",Barack Obama,DEMOCRAT,3419348,5522371,0.6191811452001323,False,1
2008,ILLINOIS,IL,17,33,21.0,john-mccain,"MCCAIN, JOHN",John McCain,REPUBLICAN,2031179,5522371,0.36780922542147204,False,1
2008,ILLINOIS,IL,17,33,21.0,ralph-nader,"NADER, RALPH",Ralph Nader,OTHER,30948,5522371,0.0056041146094675635,False,1
2008,ILLINOIS,IL,17,33,21.0,bob-barr,"BARR, BOB",Bob Barr,LIBERTARIAN,19642,5522371,0.0035568055822399474,False,1
2008,ILLINOIS,IL,17,33,21.0,cynthia-mckinney,"MCKINNEY, CYNTHIA",Cynthia Mckinney,OTHER,11838,5522371,0.002143644459961129,False,1
2008,ILLINOIS,IL,17,33,21.0,charles-chuck-baldwin,"BALDWIN, CHARLES ""CHUCK""","Charles ""Chuck"" Baldwin",OTHER,8256,5522371,0.0014950100237742085,False,1
2008,ILLINOIS,IL,17,33,21.0,write-in-blank,,Write-in/blank,OTHER,1160,5522371,0.00021005470295277156,True,2
2008,INDIANA,IN,18,32,22.0,barack-obama,"OBAMA, BARACK H.",Barack Obama,DEMOCRAT,1374039,2751054,0.4994591163968428,False,1
2008,INDIANA,IN,18,32,22.0,john-mccain,"MCCAIN, JOHN",John McCain,REPUBLICAN,1345648,2751054,0.4891390717884854,False,1
2008,INDIANA,IN,18,32,22.0,bob-barr,"BARR, BOB",Bob Barr,LIBERTARIAN,29257,2751054,0.010634833049442141,False,1
2008,INDIANA,IN,18,32,22.0,write-in-blank,,Write-in/blank,OTHER,1201,2751054,0.00043655995120415667,True,1
2008,INDIANA,IN,18,32,22.0,ralph-nader,"NADER, RALPH",Ralph Nader,OTHER,909,2751054,0.0003304188140254608,True,1
2008,KANSAS,KS,20,47,32.0,john-mccain,"MCCAIN, JOHN",John McCain,REPUBLICAN,699655,1235872,0.5661225434349189,False,1
2008,KANSAS,KS,20,47,32.0,barack-obama,"OBAMA, BARACK H.",Barack Obama,DEMOCRAT,514765,1235872,0.41651967194013617,False,1
2008,KANSAS,KS,20,47,32.0,ralph-nader,"NADER, RALPH",Ralph Nader,OTHER,10598,1235872,0.00857532171616478,False,1
2008,KANSAS,KS,20,47,32.0,bob-barr,"BARR, BOB",Bob Barr,LIBERTARIAN,6706,1235872,0.005426128272183527,False,1
2008,KANSAS,KS,20,47,32.0,charles-chuck-baldwin,"BALDWIN, CHARLES ""CHUCK""","Charles ""Chuck"" Baldwin",OTHER,4148,1235872,0.0033563346365966702,False,1
2008,KENTUCKY,KY,21,61,51.0,john-mccain,"MCCAIN, JOHN",John McCain,REPUBLICAN,1048462,1826620,0.5739902114287592,False,1
2008,KENTUCKY,KY,21,61,51.0,barack-obama,"OBAMA, BARACK H.",Barack Obama,DEMOCRAT,751985,1826620,0.4116811378392879,False,1
2008,KENTUCKY,KY,21,61,51.0,ralph-nader,"NADER, RALPH",Ralph Nader,OTHER,15378,1826620,0.008418828218239152,False,1
2008,KENTUCKY,KY,21,61,51.0,bob-barr,"BARR, BOB",Bob Barr,LIBERTARIAN,5989,1826620,0.003278733398298497,False,1
2008,KENTUCKY,KY,21,61,51.0,charles-chuck-baldwin,"BALDWIN, CHARLES ""CHUCK""","Charles ""Chuck"" Baldwin",OTHER,4694,1826620,0.002569773680349498,False,1
2008,KENTUCKY,KY,21,61,51.0,write-in-blank,,Write-in/blank,OTHER,112,1826620,6.131543506585935e-05,True,1
2008,LOUISIANA,LA,22,72,45.0,john-mccain,"MCCAIN, JOHN",John McCain,REPUBLICAN,1148275,1960761,0.5856272131075638,False,1
2008,LOUISIANA,LA,22,72,45.0,barack-obama,"OBAMA, BARACK H.",Barack Obama,DEMOCRAT,782989,1960761,0.3993291380234511,False,1
2008,LOUISIANA,LA,22,72,45.0,ronald-ron-paul,"PAUL, RONALD ""RON""","Ronald ""Ron"" Paul",OTHER,9368,1960761,0.004777736807290638,False,1
2008,LOUISIANA,LA,22,72,45.0,cynthia-mckinney,"MCKINNEY, CYNTHIA",Cynthia Mckinney,OTHER,9187,1960761,0.004685425709711689,False,1
2008,LOUISIANA,LA,22,72,45.0,ralph-nader,"NADER, RALPH",Ralph Nader,OTHER,6997,1960761,0.0035685124296127883,False,1
2008,LOUISIANA,LA,22,72,45.0,charles-chuck-baldwin,"BALDWIN, CHARLES ""CHUCK""","Charles ""Chuck"" Baldwin",OTHER,2581,1960761,0.0013163256511119917,False,1
2008,LOUISIANA,LA,22,72,45.0,james-harris,"HARRIS, JAMES",James Harris,OTHER,735,1960761,0.00037485445701949396,False,1
2008,LOUISIANA,LA,22,72,45.0,gloria-estella-la-riva,"LA RIVA, GLORIA ESTELLA",Gloria Estella La Riva,OTHER,354,1960761,0.0001805421466461236,False,1
2008,LOUISIANA,LA,22,72,45.0,gene-amondson,"AMONDSON, GENE",Gene Amondson,OTHER,275,1960761,0.00014025166759232767,False,1
2008,MASSACHUSETTS,MA,25,14,3.0,barack-obama,"OBAMA, BARACK H.",Barack Obama,DEMOCRAT,1904097,3102995,0.6136319910280229,False,1
2008,MASSACHUSETTS,MA,25,14,3.0,john-mccain,"MCCAIN, JOHN",John McCain,REPUBLICAN,1108854,3102995,0.3573495928933176,False,1
2008,MASSACHUSETTS,MA,25,14,3.0,ralph-nader,"NADER, RALPH",Ralph Nader,OTHER,28841,3102995,0.009294568634496672,False,1
2008,MASSACHUSETTS,MA,25,14,3.0,blank-vote-scattering,BLANK VOTE/SCATTERING,Blank Vote/Scattering,OTHER,22010,3102995,0.007093147104652119,False,1
2008,MASSACHUSETTS,MA,25,14,3.0,other,OTHER,Other,OTHER,14483,3102995,0.0046674261479635,False,1
2008,MASSACHUSETTS,MA,25,14,3.0,bob-barr,"BARR, BOB",Bob Barr,LIBERTARIAN,13189,3102995,0.0042504096848367465,False,1
2008,MASSACHUSETTS,MA,25,14,3.0,cynthia-mckinney,"MCKINNEY, CYNTHIA",Cynthia Mckinney,OTHER,6550,3102995,0.0021108638589491767,False,1
2008,MASSACHUSETTS,MA,25,14,3.0,charles-chuck-baldwin,"BALDWIN, CHARLES ""CHUCK""","Charles ""Chuck"" Baldwin",OTHER,4971,3102995,0.0016020006477612757,False,1
2008,MARYLAND,MD,24,52,52.0,barack-obama,"OBAMA, BARACK H.",Barack Obama,DEMOCRAT,1629467,2631596,0.6191934476264593,False,1
2008,MARYLAND,MD,24,52,52.0,john-mccain,"MCCAIN, JOHN",John McCain,REPUBLICAN,959862,2631596,0.364745196451127,False,1
2008,MARYLAND,MD,24,52,52.0,ralph-nader,"NADER, RALPH",Ralph Nader,OTHER,14713,2631596,0.0055909037709435646,False,1
2008,MARYLAND,MD,24,52,52.0,bob-barr,"BARR, BOB",Bob Barr,LIBERTARIAN,9842,2631596,0.0037399357652162413,False,1
2008,MARYLAND,MD,24,52,52.0,write-in-blank,,Write-in/blank,OTHER,9205,2631596,0.0034978773337548774,True,1
2008,MARYLAND,MD,24,52,52.0,cynthia-mckinney,"MCKINNEY, CYNTHIA",Cynthia Mckinney,OTHER,4747,2631596,0.0018038483110629443,False,1
2008,MARYLAND,MD,24,52,52.0,charles-chuck-baldwin,"BALDWIN, CHARLES ""CHUCK""","Charles ""Chuck"" Baldwin",OTHER,3760,2631596,0.0014287907414359956,False,1
2008,MAINE,ME,23,11,2.0,barack-obama,"OBAMA, BARACK H.",Barack Obama,DEMOCRAT,421923,731163,0.5770573729797597,False,1
2008,MAINE,ME,23,11,2.0,john-mccain,"MCCAIN, JOHN",John McCain,REPUBLICAN,295273,731163,0.40384018337908234,False,1
2008,MAINE,ME,23,11,2.0,ralph-nader,"NADER, RALPH",Ralph Nader,OTHER,10636,731163,0.014546687947831058,False,1
2008,MAINE,ME,23,11,2.0,cynthia-mckinney,"MCKINNEY, CYNTHIA",Cynthia Mckinney,OTHER,2900,731163,0.003966283851890755,False,1
2008,MAINE,ME,23,11,2.0,other,OTHER,Other,OTHER,431,731163,0.0005894718414361777,False,1
2008,MICHIGAN,MI,26,34,23.0,barack-obama,"OBAMA, BARACK H.",Barack Obama,DEMOCRAT,2872579,5001596,0.5743324730745946,False,1
2008,MICHIGAN,MI,26,34,23.0,john-mccain,"MCCAIN, JOHN",John McCain,REPUBLICAN,2048639,5001596,0.40959705661952706,False,1
2008,MICHIGAN,MI,26,34,23.0,ralph-nader,"NADER, RALPH",Ralph Nader,OTHER,33085,5001596,0.006614888527581996,False,1
2008,MICHIGAN,MI,26,34,23.0,bob-barr,"BARR, BOB",Bob Barr,LIBERTARIAN,23716,5001596,0.004741686453683984,False,1
2008,MICHIGAN,MI,26,34,23.0,charles-chuck-baldwin,"BALDWIN, CHARLES ""CHUCK""","Charles ""Chuck"" Baldwin",OTHER,14685,5001596,0.0029360628087514466,False,1
2008,MICHIGAN,MI,26,34,23.0,cynthia-mckinney,"MCKINNEY, CYNTHIA",Cynthia Mckinney,OTHER,8892,5001596,0.001777832515860937,False,1
2008,MINNESOTA,MN,27,41,33.0,barack-obama,"OBAMA, BARACK H.",Barack Obama,DEMOCRAT,1573354,2910369,0.5406029269827984,False,1
2008,MINNESOTA,MN,27,41,33.0,john-mccain,"MCCAIN, JOHN",John McCain,REPUBLICAN,1275409,2910369,0.43822931044139074,False,1
2008,MINNESOTA,MN,27,41,33.0,ralph-nader,"NADER, RALPH",Ralph Nader,OTHER,30152,2910369,0.010360198311623027,False,1
2008,MINNESOTA,MN,27,41,33.0,write-in-blank,,Write-in/blank,OTHER,9529,2910369,0.0032741552703454443,True,1
2008,MINNESOTA,MN,27,41,33.0,bob-barr,"BARR, BOB",Bob Barr,LIBERTARIAN,9174,2910369,0.003152177610467951,False,1
2008,MINNESOTA,MN,27,41,33.0,charles-chuck-baldwin,"BALDWIN, CHARLES ""CHUCK""","Charles ""Chuck"" Baldwin",OTHER,6787,2910369,0.0023320066974325247,False,1
2008,MINNESOTA,MN,27,41,33.0,cynthia-mckinney,"MCKINNEY, CYNTHIA",Cynthia Mckinney,OTHER,5174,2910369,0.0017777814428342248,False,1
2008,MINNESOTA,MN,27,41,33.0,roger-calero,"CALERO, ROGER",Roger Calero,OTHER,790,2910369,0.0002714432431076609,False,1
2008,MISSOURI,MO,29,43,34.0,john-mccain,"MCCAIN, JOHN",John McCain,REPUBLICAN,1445814,2925205,0.49426074411878823,False,1
2008,MISSOURI,MO,29,43,34.0,barack-obama,"OBAMA, BARACK H.",Barack Obama,DEMOCRAT,1441911,2925205,0.49292647865705136,False,1
2008,MISSOURI,MO,29,43,34.0,ralph-nader,"NADER, RALPH",Ralph Nader,OTHER,17813,2925205,0.006089487745303321,False,1
2008,MISSOURI,MO,29,43,34.0,bob-barr,"BARR, BOB",Bob Barr,LIBERTARIAN,11386,2925205,0.0038923767735936456,False,1
2008,MISSOURI,MO,29,43,34.0,charles-chuck-baldwin,"BALDWIN, CHARLES ""CHUCK""","Charles ""Chuck"" Baldwin",OTHER,8201,2925205,0.0028035641946461873,False,1
2008,MISSOURI,MO,29,43,34.0,cynthia-mckinney,"MCKINNEY, CYNTHIA",Cynthia Mckinney,OTHER,80,2925205,2.7348510617204606e-05,True,1
2008,MISSISSIPPI,MS,28,64,46.0,john-mccain,"MCCAIN, JOHN",John McCain,REPUBLICAN,724597,1289865,0.5617618898101739,False,1
2008,MISSISSIPPI,MS,28,64,46.0,barack-obama,"OBAMA, BARACK H.",Barack Obama,DEMOCRAT,554662,1289865,0.43001554426238403,False,1
2008,MISSISSIPPI,MS,28,64,46.0,ralph-nader,"NADER, RALPH",Ralph Nader,OTHER,4011,1289865,0.0031096277517414614,False,1
2008,MISSISSIPPI,MS,28,64,46.0,charles-chuck-baldwin,"BALDWIN, CHARLES ""CHUCK""","Charles ""Chuck"" Baldwin",OTHER,2551,1289865,0.0019777263512072967,False,1
2008,MISSISSIPPI,MS,28,64,46.0,bob-barr,"BARR, BOB",Bob Barr,LIBERTARIAN,2529,1289865,0.001960670302706097,False,1
2008,MISSISSIPPI,MS,28,64,46.0,cynthia-mckinney,"MCKINNEY, CYNTHIA",Cynthia Mckinney,OTHER,1034,1289865,0.0008016342795563877,False,1
2008,MISSISSIPPI,MS,28,64,46.0,ted-weill,"WEILL, TED",Ted Weill,OTHER,481,1289865,0.0003729072422307761,False,1
2008,MONTANA,MT,30,81,64.0,john-mccain,"MCCAIN, JOHN",John McCain,REPUBLICAN,242763,490109,0.495324509445858,False,1
2008,MONTANA,MT,30,81,64.0,barack-obama,"OBAMA, BARACK H.",Barack Obama,DEMOCRAT,231667,490109,0.4726846477008176,False,1
2008,MONTANA,MT,30,81,64.0,ronald-ron-paul,"PAUL, RONALD ""RON""","Ronald ""Ron"" Paul",OTHER,10638,490109,0.021705375742946977,False,1
2008,MONTANA,MT,30,81,64.0,ralph-nader,"NADER, RALPH",Ralph Nader,OTHER,3686,490109,0.007520775990646979,False,1
2008,MONTANA,MT,30,81,64.0,bob-barr,"BARR, BOB",Bob Barr,LIBERTARIAN,1355,490109,0.002764691119730509,False,1
2008,NORTH CAROLINA,NC,37,56,47.0,barack-obama,"OBAMA, BARACK H.",Barack Obama,DEMOCRAT,2142651,4310851,0.49703666399047425,False,1
2008,NORTH CAROLINA,NC,37,56,47.0,john-mccain,"MCCAIN, JOHN",John McCain,REPUBLICAN,2128474,4310851,0.49374798618648613,False,1
2008,NORTH CAROLINA,NC,37,56,47.0,bob-barr,"BARR, BOB",Bob Barr,LIBERTARIAN,25722,4310851,0.005966803306354128,False,1
2008,NORTH CAROLINA,NC,37,56,47.0,write-in-blank,,Write-in/blank,OTHER,12494,4310851,0.0028982676506332508,True,1
2008,NORTH CAROLINA,NC,37,56,47.0,ralph-nader,"NADER, RALPH",Ralph Nader,OTHER,1510,4310851,0.0003502788660522018,True,1
2008,NORTH DAKOTA,ND,38,44,36.0,john-mccain,"MCCAIN, JOHN",John McCain,REPUBLICAN,168601,316621,0.5325010027761898,False,1
2008,NORTH DAKOTA,ND,38,44,36.0,barack-obama,"OBAMA, BARACK H.",Barack Obama,DEMOCRAT,141278,316621,0.44620540014717913,False,1
2008,NORTH DAKOTA,ND,38,44,36.0,ralph-nader,"NADER, RALPH",Ralph Nader,OTHER,4189,316621,0.01323032900534077,False,1
2008,NORTH DAKOTA,ND,38,44,36.0,bob-barr,"BARR, BOB",Bob Barr,LIBERTARIAN,1354,316621,0.004276406176469659,False,1
2008,NORTH DAKOTA,ND,38,44,36.0,charles-chuck-baldwin,"BALDWIN, CHARLES ""CHUCK""","Charles ""Chuck"" Baldwin",OTHER,1199,316621,0.0037868618948206216,False,1
2008,NEBRASKA,NE,31,46,35.0,john-mccain,"MCCAIN, JOHN",John McCain,REPUBLICAN,452979,801281,0.5653185336979162,False,1
2008,NEBRASKA,NE,31,46,35.0,barack-obama,"OBAMA, BARACK H.",Barack Obama,DEMOCRAT,333319,801281,0.415982657769247,False,1
2008,NEBRASKA,NE,31,46,35.0,ralph-nader,"NADER, RALPH",Ralph Nader,OTHER,5406,801281,0.00674669685166627,False,1
2008,NEBRASKA,NE,31,46,35.0,charles-chuck-baldwin,"BALDWIN, CHARLES ""CHUCK""","Charles ""Chuck"" Baldwin",OTHER,2972,801281,0.0037090608662878567,False,1
2008,NEBRASKA,NE,31,46,35.0,write-in-blank,,Write-in/blank,OTHER,2837,801281,0.0035405806452418064,True,1
2008,NEBRASKA,NE,31,46,35.0,bob-barr,"BARR, BOB",Bob Barr,LIBERTARIAN,2740,801281,0.0034195244864161263,False,1
2008,NEBRASKA,NE,31,46,35.0,cynthia-mckinney,"MCKINNEY, CYNTHIA",Cynthia Mckinney,OTHER,1028,801281,0.0012829456832247363,False,1
2008,NEW HAMPSHIRE,NH,33,12,4.0,barack-obama,"OBAMA, BARACK H.",Barack Obama,DEMOCRAT,384826,710970,0.5412689705613458,False,1
2008,NEW HAMPSHIRE,NH,33,12,4.0,john-mccain,"MCCAIN, JOHN",John McCain,REPUBLICAN,316534,710970,0.44521428470962204,False,1
2008,NEW HAMPSHIRE,NH,33,12,4.0,ralph-nader,"NADER, RALPH",Ralph Nader,OTHER,3503,710970,0.004927071465743983,False,1
2008,NEW HAMPSHIRE,NH,33,12,4.0,write-in-blank,,Write-in/blank,OTHER,3359,710970,0.004724531274174719,True,1
2008,NEW HAMPSHIRE,NH,33,12,4.0,bob-barr,"BARR, BOB",Bob Barr,LIBERTARIAN,2748,710970,0.0038651419891134646,False,1
2008,NEW JERSEY,NJ,34,22,12.0,barack-obama,"OBAMA, BARACK H.",Barack Obama,DEMOCRAT,2215422,3868237,0.5727213715188599,False,1
2008,NEW JERSEY,NJ,34,22,12.0,john-mccain,"MCCAIN, JOHN",John McCain,REPUBLICAN,1613207,3868237,0.4170393385927491,False,1
2008,NEW JERSEY,NJ,34,22,12.0,ralph-nader,"NADER, RALPH",Ralph Nader,OTHER,21298,3868237,0.0055058674016095705,False,1
2008,NEW JERSEY,NJ,34,22,12.0,bob-barr,"BARR, BOB",Bob Barr,LIBERTARIAN,8441,3868237,0.002182131032819344,False,1
2008,NEW JERSEY,NJ,34,22,12.0,charles-chuck-baldwin,"BALDWIN, CHARLES ""CHUCK""","Charles ""Chuck"" Baldwin",OTHER,3956,3868237,0.001022688113473916,False,1
2008,NEW JERSEY,NJ,34,22,12.0,cynthia-mckinney,"MCKINNEY, CYNTHIA",Cynthia Mckinney,OTHER,3636,3868237,0.0009399630891281998,False,1
2008,NEW JERSEY,NJ,34,22,12.0,brian-moore,"MOORE, BRIAN",Brian Moore,OTHER,699,3868237,0.00018070247505517373,False,1
2008,NEW JERSEY,NJ,34,22,12.0,jeffery-boss,"BOSS, JEFFERY",Jeffery Boss,OTHER,639,3868237,0.00016519153299035194,False,1
2008,NEW JERSEY,NJ,34,22,12.0,roger-calero,"CALERO, ROGER",Roger Calero,OTHER,523,3868237,0.00013520371166502983,False,1
2008,NEW JERSEY,NJ,34,22,12.0,gloria-estella-la-riva,"LA RIVA, GLORIA ESTELLA",Gloria Estella La Riva,OTHER,416,3868237,0.00010754253164943099,False,1
2008,NEW MEXICO,NM,35,85,66.0,barack-obama,"OBAMA, BARACK H.",Barack Obama,DEMOCRAT,472422,830158,0.5690748026279335,False,1
2008,NEW MEXICO,NM,35,85,66.0,john-mccain,"MCCAIN, JOHN",John McCain,REPUBLICAN,346832,830158,0.4177903483433274,False,1
2008,NEW MEXICO,NM,35,85,66.0,ralph-nader,"NADER, RALPH",Ralph Nader,OTHER,5327,830158,0.006416850768167024,False,1
2008,NEW MEXICO,NM,35,85,66.0,bob-barr,"BARR, BOB",Bob Barr,LIBERTARIAN,2428,830158,0.002924744446237945,False,1
2008,NEW MEXICO,NM,35,85,66.0,charles-chuck-baldwin,"BALDWIN, CHARLES ""CHUCK""","Charles ""Chuck"" Baldwin",OTHER,1597,830158,0.0019237301814835248,False,1
2008,NEW MEXICO,NM,35,85,66.0,cynthia-mckinney,"MCKINNEY, CYNTHIA",Cynthia Mckinney,OTHER,1552,830158,0.001869523632850614,False,1
2008,NEVADA,NV,32,88,65.0,barack-obama,"OBAMA, BARACK H.",Barack Obama,DEMOCRAT,533736,967848,0.551466759243187,False,1
2008,NEVADA,NV,32,88,65.0,john-mccain,"MCCAIN, JOHN",John McCain,REPUBLICAN,412827,967848,0.42654115108984053,False,1
2008,NEVADA,NV,32,88,65.0,none-of-these-candidates,NONE OF THESE CANDIDATES,None Of These Candidates,OTHER,6267,967848,0.006475190319141022,False,1
2008,NEVADA,NV,32,88,65.0,ralph-nader,"NADER, RALPH",Ralph Nader,OTHER,6150,967848,0.006354303568328911,False,1
2008,NEVADA,NV,32,88,65.0,bob-barr,"BARR, BOB",Bob Barr,LIBERTARIAN,4263,967848,0.004404617253948967,False,1
2008,NEVADA,NV,32,88,65.0,charles-chuck-baldwin,"BALDWIN, CHARLES ""CHUCK""","Charles ""Chuck"" Baldwin",OTHER,3194,967848,0.003300104975161389,False,1
2008,NEVADA,NV,32,88,65.0,cynthia-mckinney,"MCKINNEY, CYNTHIA",Cynthia Mckinney,OTHER,1411,967848,0.0014578735503922103,False,1
2008,NEW YORK,NY,36,21,13.0,barack-obama,"OBAMA, BARACK H.",Barack Obama,DEMOCRAT,4645332,7722019,0.6015696154075767,False,1
2008,NEW YORK,NY,36,21,13.0,john-mccain,"MCCAIN, JOHN",John McCain,REPUBLICAN,2418323,7722019,0.313172371111752,False,1
2008,NEW YORK,NY,36,21,13.0,john-mccain,"MCCAIN, JOHN",John McCain,OTHER,334448,7722019,0.043310952744353516,False,2
2008,NEW YORK,NY,36,21,13.0,barack-obama,"OBAMA, BARACK H.",Barack Obama,OTHER,159613,7722019,0.02066985331167924,False,1
2008,NEW YORK,NY,36,21,13.0,blank-vote-scattering,BLANK VOTE/SCATTERING,Blank Vote/Scattering,OTHER,84701,7722019,0.010968763480120937,False,1
2008,NEW YORK,NY,36,21,13.0,ralph-nader,"NADER, RALPH",Ralph Nader,OTHER,41249,7722019,0.005341737698392092,False,1
2008,NEW YORK,NY,36,21,13.0,bob-barr,"BARR, BOB",Bob Barr,LIBERTARIAN,19596,7722019,0.002537678293720852,False,1
2008,NEW YORK,NY,36,21,13.0,cynthia-mckinney,"MCKINNEY, CYNTHIA",Cynthia Mckinney,OTHER,12801,7722019,0.0016577270788896013,False,1
2008,NEW YORK,NY,36,21,13.0,james-harris,"HARRIS, JAMES",James Harris,OTHER,3615,7722019,0.0004681418162788773,False,1
2008,NEW YORK,NY,36,21,13.0,gloria-estella-la-riva,"LA RIVA, GLORIA ESTELLA",Gloria Estella La Riva,OTHER,1639,7722019,0.0002122501900085975,False,1
2008,NEW YORK,NY,36,21,13.0,write-in-blank,,Write-in/blank,OTHER,702,7722019,9.090886722759942e-05,True,1
2008,OHIO,OH,39,31,24.0,barack-obama,"OBAMA, BARACK H.",Barack Obama,DEMOCRAT,2940044,5708350,0.5150427006052537,False,1
2008,OHIO,OH,39,31,24.0,john-mccain,"MCCAIN, JOHN",John McCain,REPUBLICAN,2677820,5708350,0.4691057836327485,False,1
2008,OHIO,OH,39,31,24.0,ralph-nader,"NADER, RALPH",Ralph Nader,OTHER,46242,5708350,0.008100764669300235,False,1
2008,OHIO,OH,39,31,24.0,bob-barr,"BARR, BOB",Bob Barr,LIBERTARIAN,19917,5708350,0.0034890993018998483,False,1
2008,OHIO,OH,39,31,24.0,charles-chuck-baldwin,"BALDWIN, CHARLES ""CHUCK""","Charles ""Chuck"" Baldwin",OTHER,12565,5708350,0.002201161456462901,False,1
2008,OHIO,OH,39,31,24.0,cynthia-mckinney,"MCKINNEY, CYNTHIA",Cynthia Mckinney,OTHER,8518,5708350,0.0014922000227736562,False,1
2008,OHIO,OH,39,31,24.0,brian-moore,"MOORE, BRIAN",Brian Moore,OTHER,2735,5708350,0.00047912268869287975,False,1
2008,OHIO,OH,39,31,24.0,write-in-blank,,Write-in/blank,OTHER,509,5708350,8.91676228682544e-05,True,1
2008,OKLAHOMA,OK,40,73,53.0,john-mccain,"MCCAIN, JOHN",John McCain,REPUBLICAN,960165,1462661,0.656450811226935,False,1
2008,OKLAHOMA,OK,40,73,53.0,barack-obama,"OBAMA, BARACK H.",Barack Obama,DEMOCRAT,502496,1462661,0.343549188773065,False,1
2008,OREGON,OR,41,92,72.0,barack-obama,"OBAMA, BARACK H.",Barack Obama,DEMOCRAT,1037291,1827864,0.5674880625692065,False,1
2008,OREGON,OR,41,92,72.0,john-mccain,"MCCAIN, JOHN",John McCain,REPUBLICAN,738475,1827864,0.40400981692292204,False,1
2008,OREGON,OR,41,92,72.0,ralph-nader,"NADER, RALPH",Ralph Nader,OTHER,18614,1827864,0.010183470980335518,False,1
2008,OREGON,OR,41,92,72.0,other,OTHER,Other,OTHER,13613,1827864,0.007447490622934748,False,1
2008,OREGON,OR,41,92,72.0,charles-chuck-baldwin,"BALDWIN, CHARLES ""CHUCK""","Charles ""Chuck"" Baldwin",OTHER,7693,1827864,0.00420873763037075,False,1
2008,OREGON,OR,41,92,72.0,write-in-blank,,Write-in/blank,LIBERTARIAN,7635,1827864,0.004177006604430089,False,1
2008,OREGON,OR,41,92,72.0,cynthia-mckinney,"MCKINNEY, CYNTHIA",Cynthia Mckinney,OTHER,4543,1827864,0.002485414669800379,False,1
2008,PENNSYLVANIA,PA,42,23,14.0,barack-obama,"OBAMA, BARACK H.",Barack Obama,DEMOCRAT,3276363,6013272,0.5448552801203738,False,1
2008,PENNSYLVANIA,PA,42,23,14.0,john-mccain,"MCCAIN, JOHN",John McCain,REPUBLICAN,2655885,6013272,0.4416705247991443,False,1
2008,PENNSYLVANIA,PA,42,23,14.0,ralph-nader,"NADER, RALPH",Ralph Nader,OTHER,42977,6013272,0.007147024115988766,False,1
2008,PENNSYLVANIA,PA,42,23,14.0,bob-barr,"BARR, BOB",Bob Barr,LIBERTARIAN,19912,6013272,0.003311341978210864,False,1
2008,PENNSYLVANIA,PA,42,23,14.0,write-in-blank,,Write-in/blank,OTHER,9955,6013272,0.0016555046902917414,True,1
2008,PENNSYLVANIA,PA,42,23,14.0,scattering,SCATTERING,Scattering,OTHER,8180,6013272,0.001360324295990602,False,1
2008,RHODE ISLAND,RI,44,15,5.0,barack-obama,"OBAMA, BARACK H.",Barack Obama,DEMOCRAT,296571,471766,0.6286400461245617,False,1
2008,RHODE ISLAND,RI,44,15,5.0,john-mccain,"MCCAIN, JOHN",John McCain,REPUBLICAN,165391,471766,0.35057846474735355,False,1
2008,RHODE ISLAND,RI,44,15,5.0,ralph-nader,"NADER, RALPH",Ralph Nader,OTHER,4829,471766,0.010236006833896466,False,1
2008,RHODE ISLAND,RI,44,15,5.0,write-in-blank,,Write-in/blank,OTHER,1999,471766,0.004237270172076835,True,1
2008,RHODE ISLAND,RI,44,15,5.0,bob-barr,"BARR, BOB",Bob Barr,LIBERTARIAN,1382,471766,0.0029294183981041447,False,1
2008,RHODE ISLAND,RI,44,15,5.0,cynthia-mckinney,"MCKINNEY, CYNTHIA",Cynthia Mckinney,OTHER,797,471766,0.0016893968620036205,False,1
2008,RHODE ISLAND,RI,44,15,5.0,charles-chuck-baldwin,"BALDWIN, CHARLES ""CHUCK""","Charles ""Chuck"" Baldwin",OTHER,675,471766,0.0014307940801159898,False,1
2008,RHODE ISLAND,RI,44,15,5.0,gloria-estella-la-riva,"LA RIVA, GLORIA ESTELLA",Gloria Estella La Riva,OTHER,122,471766,0.00025860278188763073,False,1
2008,SOUTH CAROLINA,SC,45,57,48.0,john-mccain,"MCCAIN, JOHN",John McCain,REPUBLICAN,1034896,1920969,0.5387364397863786,False,1
2008,SOUTH CAROLINA,SC,45,57,48.0,barack-obama,"OBAMA, BARACK H.",Barack Obama,DEMOCRAT,862449,1920969,0.4489656001736624,False,1
2008,SOUTH CAROLINA,SC,45,57,48.0,bob-barr,"BARR, BOB",Bob Barr,LIBERTARIAN,7283,1920969,0.0037913157370056466,False,1
2008,SOUTH CAROLINA,SC,45,57,48.0,charles-chuck-baldwin,"BALDWIN, CHARLES ""CHUCK""","Charles ""Chuck"" Baldwin",OTHER,6827,1920969,0.003553935539823912,False,1
2008,SOUTH CAROLINA,SC,45,57,48.0,ralph-nader,"NADER, RALPH",Ralph Nader,OTHER,5053,1920969,0.0026304432814897066,False,1
2008,SOUTH CAROLINA,SC,45,57,48.0,cynthia-mckinney,"MCKINNEY, CYNTHIA",Cynthia Mckinney,OTHER,4461,1920969,0.002322265481639735,False,1
2008,SOUTH DAKOTA,SD,46,45,37.0,john-mccain,"MCCAIN, JOHN",John McCain,REPUBLICAN,203054,381975,0.5315897637279927,False,1
2008,SOUTH DAKOTA,SD,46,45,37.0,barack-obama,"OBAMA, BARACK H.",Barack Obama,DEMOCRAT,170924,381975,0.44747431114601743,False,1
2008,SOUTH DAKOTA,SD,46,45,37.0,ralph-nader,"NADER, RALPH",Ralph Nader,OTHER,4267,381975,0.011170888147130048,False,1
2008,SOUTH DAKOTA,SD,46,45,37.0,charles-chuck-baldwin,"BALDWIN, CHARLES ""CHUCK""","Charles ""Chuck"" Baldwin",OTHER,1895,381975,0.004961057660841678,False,1
2008,SOUTH DAKOTA,SD,46,45,37.0,bob-barr,"BARR, BOB",Bob Barr,LIBERTARIAN,1835,381975,0.004803979318018195,False,1
2008,TENNESSEE,TN,47,62,54.0,john-mccain,"MCCAIN, JOHN",John McCain,REPUBLICAN,1479178,2599749,0.5689695428289423,False,1
2008,TENNESSEE,TN,47,62,54.0,barack-obama,"OBAMA, BARACK H.",Barack Obama,DEMOCRAT,1087437,2599749,0.4182853806271298,False,1
2008,TENNESSEE,TN,47,62,54.0,write-in-blank,,Write-in/blank,OTHER,33134,2599749,0.012745076543927895,False,1
2008,TEXAS,TX,48,74,49.0,john-mccain,"MCCAIN, JOHN",John McCain,REPUBLICAN,4479328,8077795,0.5545236045232641,False,1
2008,TEXAS,TX,48,74,49.0,barack-obama,"OBAMA, BARACK H.",Barack Obama,DEMOCRAT,3528633,8077795,0.4368312144588963,False,1
2008,TEXAS,TX,48,74,49.0,bob-barr,"BARR, BOB",Bob Barr,LIBERTARIAN,56116,8077795,0.006946945298809885,False,1
2008,TEXAS,TX,48,74,49.0,write-in-blank,,Write-in/blank,OTHER,7967,8077795,0.000986284004483897,True,1
2008,TEXAS,TX,48,74,49.0,ralph-nader,"NADER, RALPH",Ralph Nader,OTHER,5751,8077795,0.0007119517145458631,True,1
2008,UTAH,UT,49,87,67.0,john-mccain,"MCCAIN, JOHN",John McCain,REPUBLICAN,596030,952370,0.6258386971450172,False,1
2008,UTAH,UT,49,87,67.0,barack-obama,"OBAMA, BARACK H.",Barack Obama,DEMOCRAT,327670,952370,0.3440574566607516,False,1
2008,UTAH,UT,49,87,67.0,charles-chuck-baldwin,"BALDWIN, CHARLES ""CHUCK""","Charles ""Chuck"" Baldwin",OTHER,12012,952370,0.012612745046568036,False,1
2008,UTAH,UT,49,87,67.0,ralph-nader,"NADER, RALPH",Ralph Nader,OTHER,8416,952370,0.00883690162436868,False,1
2008,UTAH,UT,49,87,67.0,bob-barr,"BARR, BOB",Bob Barr,LIBERTARIAN,6966,952370,0.007314384115417327,False,1
2008,UTAH,UT,49,87,67.0,cynthia-mckinney,"MCKINNEY, CYNTHIA",Cynthia Mckinney,OTHER,982,952370,0.0010311118577863646,False,1
2008,UTAH,UT,49,87,67.0,gloria-estella-la-riva,"LA RIVA, GLORIA ESTELLA",Gloria Estella La Riva,OTHER,262,952370,0.0002751031636863824,False,1
2008,UTAH,UT,49,87,67.0,write-in-blank,,Write-in/blank,OTHER,32,952370,3.360038640444365e-05,True,1
2008,VIRGINIA,VA,51,54,40.0,barack-obama,"OBAMA, BARACK H.",Barack Obama,DEMOCRAT,1959532,3723260,0.5262946987317566,False,1
2008,VIRGINIA,VA,51,54,40.0,john-mccain,"MCCAIN, JOHN",John McCain,REPUBLICAN,1725005,3723260,0.46330500690255316,False,1
2008,VIRGINIA,VA,51,54,40.0,ralph-nader,"NADER, RALPH",Ralph Nader,OTHER,11483,3723260,0.00308412520210783,False,1
2008,VIRGINIA,VA,51,54,40.0,bob-barr,"BARR, BOB",Bob Barr,LIBERTARIAN,11067,3723260,0.0029723951590810206,False,1
2008,VIRGINIA,VA,51,54,40.0,charles-chuck-baldwin,"BALDWIN, CHARLES ""CHUCK""","Charles ""Chuck"" Baldwin",OTHER,7474,3723260,0.0020073806288037903,False,1
2008,VIRGINIA,VA,51,54,40.0,write-in-blank,,Write-in/blank,OTHER,6355,3723260,0.0017068375563350398,True,1
2008,VIRGINIA,VA,51,54,40.0,cynthia-mckinney,"MCKINNEY, CYNTHIA",Cynthia Mckinney,OTHER,2344,3723260,0.0006295558193626016,False,1
2008,VERMONT,VT,50,13,6.0,barack-obama,"OBAMA, BARACK H.",Barack Obama,DEMOCRAT,219262,325046,0.6745568319560924,False,1
2008,VERMONT,VT,50,13,6.0,john-mccain,"MCCAIN, JOHN",John McCain,REPUBLICAN,98974,325046,0.30449228724549754,False,1
2008,VERMONT,VT,50,13,6.0,ralph-nader,"NADER, RALPH",Ralph Nader,OTHER,3339,325046,0.010272392215255687,False,1
2008,VERMONT,VT,50,13,6.0,write-in-blank,,Write-in/blank,OTHER,1464,325046,0.004503977898512826,True,1
2008,VERMONT,VT,50,13,6.0,bob-barr,"BARR, BOB",Bob Barr,LIBERTARIAN,1067,325046,0.0032826123071811376,False,1
2008,VERMONT,VT,50,13,6.0,charles-chuck-baldwin,"BALDWIN, CHARLES ""CHUCK""","Charles ""Chuck"" Baldwin",OTHER,500,325046,0.0015382438177980963,False,1
2008,VERMONT,VT,50,13,6.0,roger-calero,"CALERO, ROGER",Roger Calero,OTHER,150,325046,0.00046147314533942886,False,1
2008,VERMONT,VT,50,13,6.0,gloria-estella-la-riva,"LA RIVA, GLORIA ESTELLA",Gloria Estella La Riva,OTHER,149,325046,0.0004583966577038327,False,1
2008,VERMONT,VT,50,13,6.0,brian-moore,"MOORE, BRIAN",Brian Moore,OTHER,141,325046,0.00043378475661906313,False,1
2008,WASHINGTON,WA,53,91,73.0,barack-obama,"OBAMA, BARACK H.",Barack Obama,DEMOCRAT,1750848,3036878,0.5765289221364835,False,1
2008,WASHINGTON,WA,53,91,73.0,john-mccain,"MCCAIN, JOHN",John McCain,REPUBLICAN,1229216,3036878,0.40476304942114893,False,1
2008,WASHINGTON,WA,53,91,73.0,ralph-nader,"NADER, RALPH",Ralph Nader,OTHER,29489,3036878,0.009710301171136937,False,1
2008,WASHINGTON,WA,53,91,73.0,bob-barr,"BARR, BOB",Bob Barr,LIBERTARIAN,12728,3036878,0.004191146302222217,False,1
2008,WASHINGTON,WA,53,91,73.0,charles-chuck-baldwin,"BALDWIN, CHARLES ""CHUCK""","Charles ""Chuck"" Baldwin",OTHER,9432,3036878,0.003105821175562535,False,1
2008,WASHINGTON,WA,53,91,73.0,cynthia-mckinney,"MCKINNEY, CYNTHIA",Cynthia Mckinney,OTHER,3819,3036878,0.0012575414619882656,False,1
2008,WASHINGTON,WA,53,91,73.0,gloria-estella-la-riva,"LA RIVA, GLORIA ESTELLA",Gloria Estella La Riva,OTHER,705,3036878,0.00023214630288078745,False,1
2008,WASHINGTON,WA,53,91,73.0,james-harris,"HARRIS, JAMES",James Harris,OTHER,641,3036878,0.00021107202857671595,False,1
2008,WISCONSIN,WI,55,35,25.0,barack-obama,"OBAMA, BARACK H.",Barack Obama,DEMOCRAT,1677211,2983417,0.5621778651794235,False,1
2008,WISCONSIN,WI,55,35,25.0,john-mccain,"MCCAIN, JOHN",John McCain,REPUBLICAN,1262393,2983417,0.4231366248834809,False,1
2008,WISCONSIN,WI,55,35,25.0,ralph-nader,"NADER, RALPH",Ralph Nader,OTHER,17605,2983417,0.005900951828054878,False,1
2008,WISCONSIN,WI,55,35,25.0,bob-barr,"BARR, BOB",Bob Barr,LIBERTARIAN,8858,2983417,0.002969078744272088,False,1
2008,WISCONSIN,WI,55,35,25.0,scattering,SCATTERING,Scattering,OTHER,6521,2983417,0.0021857487572136246,False,1
2008,WISCONSIN,WI,55,35,25.0,charles-chuck-baldwin,"BALDWIN, CHARLES ""CHUCK""","Charles ""Chuck"" Baldwin",OTHER,5072,2983417,0.0017000640540695451,False,1
2008,WISCONSIN,WI,55,35,25.0,cynthia-mckinney,"MCKINNEY, CYNTHIA",Cynthia Mckinney,OTHER,4216,2983417,0.001413144726332256,False,1
2008,WISCONSIN,WI,55,35,25.0,jeffrey-wamboldt,"WAMBOLDT, JEFFREY",Jeffrey Wamboldt,OTHER,764,2983417,0.00025608220372814127,False,1
2008,WISCONSIN,WI,55,35,25.0,brian-moore,"MOORE, BRIAN",Brian Moore,OTHER,540,2983417,0.0001810005104884768,False,1
2008,WISCONSIN,WI,55,35,25.0,gloria-estella-la-riva,"LA RIVA, GLORIA ESTELLA",Gloria Estella La Riva,OTHER,237,2983417,7.943911293660927e-05,False,1
2008,WEST VIRGINIA,WV,54,55,56.0,john-mccain,"MCCAIN, JOHN",John McCain,REPUBLICAN,397466,713451,0.5571034310695478,False,1
2008,WEST VIRGINIA,WV,54,55,56.0,barack-obama,"OBAMA, BARACK H.",Barack Obama,DEMOCRAT,303857,713451,0.42589750382296754,False,1
2008,WEST VIRGINIA,WV,54,55,56.0,ralph-nader,"NADER, RALPH",Ralph Nader,OTHER,7219,713451,0.010118424390743022,False,1
2008,WEST VIRGINIA,WV,54,55,56.0,charles-chuck-baldwin,"BALDWIN, CHARLES ""CHUCK""","Charles ""Chuck"" Baldwin",OTHER,2465,713451,0.0034550375568889805,False,1
2008,WEST VIRGINIA,WV,54,55,56.0,cynthia-mckinney,"MCKINNEY, CYNTHIA",Cynthia Mckinney,OTHER,2355,713451,0.003300857381936531,False,1
2008,WEST VIRGINIA,WV,54,55,56.0,write-in-blank,,Write-in/blank,OTHER,89,713451,0.00012474577791607273,True,1
2008,WYOMING,WY,56,83,68.0,john-mccain,"MCCAIN, JOHN",John McCain,REPUBLICAN,164958,254904,0.6471377459749553,False,1
2008,WYOMING,WY,56,83,68.0,barack-obama,"OBAMA, BARACK H.",Barack Obama,DEMOCRAT,82868,254904,0.32509493770203685,False,1
2008,WYOMING,WY,56,83,68.0,write-in-blank,,Write-in/blank,OTHER,5238,254904,0.02054891253177667,True,2
2008,WYOMING,WY,56,83,68.0,bob-barr,"BARR, BOB",Bob Barr,LIBERTARIAN,1594,254904,0.0062533345887079055,False,1
2008,WYOMING,WY,56,83,68.0,over-vote,OVER VOTE,Over Vote,OTHER,246,254904,0.0009650692025233029,False,1
2012,ALASKA,AK,2,94,81.0,mitt-romney,"ROMNEY, MITT",Mitt Romney,REPUBLICAN,164676,300495,0.5480157739729447,False,1
2012,ALASKA,AK,2,94,81.0,barack-obama,"OBAMA, BARACK H.",Barack Obama,DEMOCRAT,122640,300495,0.40812659112464433,False,1
2012,ALASKA,AK,2,94,81.0,gary-johnson,"JOHNSON, GARY",Gary Johnson,LIBERTARIAN,7392,300495,0.02459941097189637,False,1
2012,ALASKA,AK,2,94,81.0,jill-stein,"STEIN, JILL",Jill Stein,OTHER,2917,300495,0.009707316261501855,False,1
2012,ALASKA,AK,2,94,81.0,write-in-blank,,Write-in/blank,OTHER,2870,300495,0.009550907669012796,True,1
2012,ALABAMA,AL,1,63,41.0,mitt-romney,"ROMNEY, MITT",Mitt Romney,REPUBLICAN,1255925,2074338,0.6054582232982282,False,1
2012,ALABAMA,AL,1,63,41.0,barack-obama,"OBAMA, BARACK H.",Barack Obama,DEMOCRAT,795696,2074338,0.3835903309875247,False,1
2012,ALABAMA,AL,1,63,41.0,write-in-blank,,Write-in/blank,OTHER,22717,2074338,0.010951445714247148,True,2
2012,ARKANSAS,AR,5,71,42.0,mitt-romney,"ROMNEY, MITT",Mitt Romney,REPUBLICAN,647744,1069468,0.6056693608410911,False,1
2012,ARKANSAS,AR,5,71,42.0,barack-obama,"OBAMA, BARACK H.",Barack Obama,DEMOCRAT,394409,1069468,0.36878990301720105,False,1
2012,ARKANSAS,AR,5,71,42.0,gary-johnson,"JOHNSON, GARY",Gary Johnson,LIBERTARIAN,16276,1069468,0.015218781674627011,False,1
2012,ARKANSAS,AR,5,71,42.0,jill-stein,"STEIN, JILL",Jill Stein,OTHER,9305,1069468,0.008700587581863132,False,1
2012,ARKANSAS,AR,5,71,42.0,gloria-estella-la-riva,"LA RIVA, GLORIA ESTELLA",Gloria Estella La Riva,OTHER,1734,1069468,0.001621366885217697,False,1
2012,ARIZONA,AZ,4,86,61.0,mitt-romney,"ROMNEY, MITT",Mitt Romney,REPUBLICAN,1233654,2299254,0.536545331659747,False,1
2012,ARIZONA,AZ,4,86,61.0,barack-obama,"OBAMA, BARACK H.",Barack Obama,DEMOCRAT,1025232,2299254,0.44589766941799386,False,1
2012,ARIZONA,AZ,4,86,61.0,gary-johnson,"JOHNSON, GARY",Gary Johnson,LIBERTARIAN,32100,2299254,0.013961049975339828,False,1
2012,ARIZONA,AZ,4,86,61.0,jill-stein,"STEIN, JILL",Jill Stein,OTHER,7816,2299254,0.0033993634457089123,False,1
2012,ARIZONA,AZ,4,86,61.0,write-in-blank,,Write-in/blank,OTHER,452,2299254,0.0001965855012103926,True,1
2012,CALIFORNIA,CA,6,93,71.0,barack-obama,"OBAMA, BARACK H.",Barack Obama,DEMOCRAT,7854285,13038547,0.6023895914168964,False,1
2012,CALIFORNIA,CA,6,93,71.0,mitt-romney,"ROMNEY, MITT",Mitt Romney,REPUBLICAN,4839958,13038547,0.371203785207048,False,1
2012,CALIFORNIA,CA,6,93,71.0,gary-johnson,"JOHNSON, GARY",Gary Johnson,LIBERTARIAN,143221,13038547,0.010984429476689388,False,1
2012,CALIFORNIA,CA,6,93,71.0,jill-stein,"STEIN, JILL",Jill Stein,OTHER,85638,13038547,0.006568063143845706,False,1
2012,CALIFORNIA,CA,6,93,71.0,roseanne-barr,"BARR, ROSEANNE",Roseanne Barr,OTHER,53824,13038547,0.004128067337564531,False,1
2012,CALIFORNIA,CA,6,93,71.0,thomas-conrad-tom-hoefling,"HOEFLING, THOMAS CONRAD ""TOM""","Thomas Conrad ""Tom"" Hoefling",OTHER,38372,13038547,0.0029429659608543805,False,1
2012,CALIFORNIA,CA,6,93,71.0,write-in-blank,,Write-in/blank,OTHER,23249,13038547,0.0017830974571016235,True,1
2012,COLORADO,CO,8,84,62.0,barack-obama,"OBAMA, BARACK H.",Barack Obama,DEMOCRAT,1323101,2569516,0.5149222655161517,False,1
2012,COLORADO,CO,8,84,62.0,mitt-romney,"ROMNEY, MITT",Mitt Romney,REPUBLICAN,1185243,2569516,0.4612709163904798,False,1
2012,COLORADO,CO,8,84,62.0,gary-johnson,"JOHNSON, GARY",Gary Johnson,LIBERTARIAN,35545,2569516,0.013833344489779398,False,1
2012,COLORADO,CO,8,84,62.0,jill-stein,"STEIN, JILL",Jill Stein,OTHER,7508,2569516,0.0029219510600439927,False,1
2012,COLORADO,CO,8,84,62.0,virgil-hamlin-goode-jr,"GOODE, VIRGIL HAMLIN, JR.",Virgil Hamlin Goode Jr.,OTHER,6234,2569516,0.002426137840745105,False,1
2012,COLORADO,CO,8,84,62.0,roseanne-barr,"BARR, ROSEANNE",Roseanne Barr,OTHER,5057,2569516,0.0019680749215027268,False,1
2012,COLORADO,CO,8,84,62.0,jill-ann-reed,"REED, JILL ANN",Jill Ann Reed,OTHER,2588,2569516,0.001007193572641696,False,1
2012,COLORADO,CO,8,84,62.0,ross-carl-rocky-anderson,"ANDERSON, ROSS CARL ""ROCKY""","Ross Carl ""Rocky"" Anderson",OTHER,1262,2569516,0.000491143079085711,False,1
2012,COLORADO,CO,8,84,62.0,sheila-samm-tittle,"TITTLE, SHEILA ""SAMM""","Sheila ""Samm"" Tittle",OTHER,791,2569516,0.00030784007571854,False,1
2012,COLORADO,CO,8,84,62.0,thomas-conrad-tom-hoefling,"HOEFLING, THOMAS CONRAD ""TOM""","Thomas Conrad ""Tom"" Hoefling",OTHER,679,2569516,0.0002642521003955609,False,1
2012,COLORADO,CO,8,84,62.0,gloria-estella-la-riva,"LA RIVA, GLORIA ESTELLA",Gloria Estella La Riva,OTHER,317,2569516,0.0001233695372980748,False,1
2012,COLORADO,CO,8,84,62.0,stewart-alexander,"ALEXANDER, STEWART",Stewart Alexander,OTHER,308,2569516,0.00011986693213819257,False,1
2012,COLORADO,CO,8,84,62.0,merlin-miller,"MILLER, MERLIN",Merlin Miller,OTHER,267,2569516,0.00010391061974317342,False,1
2012,COLORADO,CO,8,84,62.0,thomas-robert-tom-stevens,"STEVENS, THOMAS ROBERT ""TOM""","Thomas Robert ""Tom"" Stevens",OTHER,235,2569516,9.145691250803654e-05,False,1
2012,COLORADO,CO,8,84,62.0,james-harris,"HARRIS, JAMES",James Harris,OTHER,192,2569516,7.472224341082133e-05,False,1
2012,COLORADO,CO,8,84,62.0,jerry-white,"WHITE, JERRY",Jerry White,OTHER,189,2569516,7.355470835752725e-05,False,1
2012,CONNECTICUT,CT,9,16,1.0,barack-obama,"OBAMA, BARACK H.",Barack Obama,DEMOCRAT,905083,1558204,0.5808501325885442,False,1
2012,CONNECTICUT,CT,9,16,1.0,mitt-romney,"ROMNEY, MITT",Mitt Romney,REPUBLICAN,634892,1558204,0.4074511424691504,False,1
2012,CONNECTICUT,CT,9,16,1.0,gary-johnson,"JOHNSON, GARY",Gary Johnson,LIBERTARIAN,12340,1558204,0.007919373843219502,False,1
2012,CONNECTICUT,CT,9,16,1.0,write-in-blank,,Write-in/blank,OTHER,5889,1558204,0.003779351099085871,True,2
2012,DISTRICT OF COLUMBIA,DC,11,53,55.0,barack-obama,"OBAMA, BARACK H.",Barack Obama,DEMOCRAT,267070,293764,0.9091311392818725,False,1
2012,DISTRICT OF COLUMBIA,DC,11,53,55.0,mitt-romney,"ROMNEY, MITT",Mitt Romney,REPUBLICAN,21381,293764,0.07278291417600523,False,1
2012,DISTRICT OF COLUMBIA,DC,11,53,55.0,jill-stein,"STEIN, JILL",Jill Stein,OTHER,2458,293764,0.008367260794379161,False,1
2012,DISTRICT OF COLUMBIA,DC,11,53,55.0,gary-johnson,"JOHNSON, GARY",Gary Johnson,LIBERTARIAN,2083,293764,0.007090725888808704,False,1
2012,DISTRICT OF COLUMBIA,DC,11,53,55.0,write-in-blank,,Write-in/blank,OTHER,772,293764,0.002627959858934383,True,1
2012,DELAWARE,DE,10,51,11.0,barack-obama,"OBAMA, BARACK H.",Barack Obama,DEMOCRAT,242584,413890,0.5861074198458528,False,1
2012,DELAWARE,DE,10,51,11.0,mitt-romney,"ROMNEY, MITT",Mitt Romney,REPUBLICAN,165484,413890,0.39982604073546113,False,1
2012,DELAWARE,DE,10,51,11.0,gary-johnson,"JOHNSON, GARY",Gary Johnson,LIBERTARIAN,3882,413890,0.009379303679721665,False,1
2012,DELAWARE,DE,10,51,11.0,jill-stein,"STEIN, JILL",Jill Stein,OTHER,1940,413890,0.004687235738964459,False,1
2012,FLORIDA,FL,12,59,43.0,barack-obama,"OBAMA, BARACK H.",Barack Obama,DEMOCRAT,4237756,8474179,0.5000786506869869,False,1
2012,FLORIDA,FL,12,59,43.0,mitt-romney,"ROMNEY, MITT",Mitt Romney,REPUBLICAN,4163447,8474179,0.49130977761975525,False,1
2012,FLORIDA,FL,12,59,43.0,gary-johnson,"JOHNSON, GARY",Gary Johnson,LIBERTARIAN,44726,8474179,0.00527791541811897,False,1
2012,FLORIDA,FL,12,59,43.0,jill-stein,"STEIN, JILL",Jill Stein,OTHER,8947,8474179,0.0010557954935811482,False,1
2012,FLORIDA,FL,12,59,43.0,roseanne-barr,"BARR, ROSEANNE",Roseanne Barr,OTHER,8154,8474179,0.0009622171068135332,False,1
2012,FLORIDA,FL,12,59,43.0,thomas-robert-tom-stevens,"STEVENS, THOMAS ROBERT ""TOM""","Thomas Robert ""Tom"" Stevens",OTHER,3856,8474179,0.00045502933086497227,False,1
2012,FLORIDA,FL,12,59,43.0,virgil-hamlin-goode-jr,"GOODE, VIRGIL HAMLIN, JR.",Virgil Hamlin Goode Jr.,OTHER,2607,8474179,0.00030764042156768227,False,1
2012,FLORIDA,FL,12,59,43.0,ross-carl-rocky-anderson,"ANDERSON, ROSS CARL ""ROCKY""","Ross Carl ""Rocky"" Anderson",OTHER,1754,8474179,0.000206981702888268,False,1
2012,FLORIDA,FL,12,59,43.0,thomas-conrad-tom-hoefling,"HOEFLING, THOMAS CONRAD ""TOM""","Thomas Conrad ""Tom"" Hoefling",OTHER,946,8474179,0.00011163323314270327,False,1
2012,FLORIDA,FL,12,59,43.0,andre-barnett,"BARNETT, ANDRE",Andre Barnett,OTHER,820,8474179,9.67645361279246e-05,False,1
2012,FLORIDA,FL,12,59,43.0,stewart-alexander,"ALEXANDER, STEWART",Stewart Alexander,OTHER,799,8474179,9.428641995879483e-05,False,1
2012,FLORIDA,FL,12,59,43.0,peta-lindsay,"LINDSAY, PETA",Peta Lindsay,OTHER,322,8474179,3.7997781259989904e-05,False,1
2012,FLORIDA,FL,12,59,43.0,write-in-blank,,Write-in/blank,OTHER,45,8474179,5.310248933849521e-06,True,1
2012,GEORGIA,GA,13,58,44.0,mitt-romney,"ROMNEY, MITT",Mitt Romney,REPUBLICAN,2078688,3897839,0.5332924217752452,False,1
2012,GEORGIA,GA,13,58,44.0,barack-obama,"OBAMA, BARACK H.",Barack Obama,DEMOCRAT,1773827,3897839,0.45507959666882086,False,1
2012,GEORGIA,GA,13,58,44.0,gary-johnson,"JOHNSON, GARY",Gary Johnson,LIBERTARIAN,45324,3897839,0.011627981555933942,False,1
2012,HAWAII,HI,15,95,82.0,barack-obama,"OBAMA, BARACK H.",Barack Obama,DEMOCRAT,306658,437159,0.7014793244563191,False,1
2012,HAWAII,HI,15,95,82.0,mitt-romney,"ROMNEY, MITT",Mitt Romney,REPUBLICAN,121015,437159,0.2768214768539593,False,1
2012,HAWAII,HI,15,95,82.0,gary-johnson,"JOHNSON, GARY",Gary Johnson,LIBERTARIAN,3840,437159,0.008783989349412914,False,1
2012,HAWAII,HI,15,95,82.0,jill-stein,"STEIN, JILL",Jill Stein,OTHER,3184,437159,0.007283391168888207,False,1
2012,HAWAII,HI,15,95,82.0,blank-vote,BLANK VOTE,Blank Vote,OTHER,2227,437159,0.005094256323214208,False,1
2012,HAWAII,HI,15,95,82.0,over-vote,OVER VOTE,Over Vote,OTHER,235,437159,0.000537561848206259,False,1
2012,IOWA,IA,19,42,31.0,barack-obama,"OBAMA, BARACK H.",Barack Obama,DEMOCRAT,822544,1582180,0.5198801653414908,False,1
2012,IOWA,IA,19,42,31.0,mitt-romney,"ROMNEY, MITT",Mitt Romney,REPUBLICAN,730617,1582180,0.46177868510536096,False,1
2012,IOWA,IA,19,42,31.0,gary-johnson,"JOHNSON, GARY",Gary Johnson,LIBERTARIAN,12926,1582180,0.008169740484647765,False,1
2012,IOWA,IA,19,42,31.0,write-in-blank,,Write-in/blank,OTHER,8469,1582180,0.005352741154609463,True,2
2012,IOWA,IA,19,42,31.0,jill-stein,"STEIN, JILL",Jill Stein,OTHER,3769,1582180,0.002382156265405959,False,1
2012,IOWA,IA,19,42,31.0,virgil-hamlin-goode-jr,"GOODE, VIRGIL HAMLIN, JR.",Virgil Hamlin Goode Jr.,OTHER,3038,1582180,0.0019201355092340947,False,1
2012,IOWA,IA,19,42,31.0,james-harris,"HARRIS, JAMES",James Harris,OTHER,445,1582180,0.0002812575054671403,False,1
2012,IOWA,IA,19,42,31.0,gloria-estella-la-riva,"LA RIVA, GLORIA ESTELLA",Gloria Estella La Riva,OTHER,372,1582180,0.00023511863378376671,False,1
2012,IDAHO,ID,16,82,63.0,mitt-romney,"ROMNEY, MITT",Mitt Romney,REPUBLICAN,420911,652274,0.6452978349589283,False,1
2012,IDAHO,ID,16,82,63.0,barack-obama,"OBAMA, BARACK H.",Barack Obama,DEMOCRAT,212787,652274,0.3262233355920978,False,1
2012,IDAHO,ID,16,82,63.0,gary-johnson,"JOHNSON, GARY",Gary Johnson,LIBERTARIAN,9453,652274,0.014492375903378029,False,1
2012,IDAHO,ID,16,82,63.0,write-in-blank,,Write-in/blank,OTHER,6901,652274,0.010579909669862666,False,1
2012,IDAHO,ID,16,82,63.0,virgil-hamlin-goode-jr,"GOODE, VIRGIL HAMLIN, JR.",Virgil Hamlin Goode Jr.,OTHER,2222,652274,0.003406543875733204,False,1
2012,ILLINOIS,IL,17,33,21.0,barack-obama,"OBAMA, BARACK H.",Barack Obama,DEMOCRAT,3019512,5242014,0.5760213536247709,False,1
2012,ILLINOIS,IL,17,33,21.0,mitt-romney,"ROMNEY, MITT",Mitt Romney,REPUBLICAN,2135216,5242014,0.407327412708169,False,1
2012,ILLINOIS,IL,17,33,21.0,gary-johnson,"JOHNSON, GARY",Gary Johnson,LIBERTARIAN,56229,5242014,0.010726602408921456,False,1
2012,ILLINOIS,IL,17,33,21.0,jill-stein,"STEIN, JILL",Jill Stein,OTHER,30222,5242014,0.005765341336364229,False,1
2012,ILLINOIS,IL,17,33,21.0,write-in-blank,,Write-in/blank,OTHER,835,5242014,0.00015928992177434092,True,1
2012,INDIANA,IN,18,32,22.0,mitt-romney,"ROMNEY, MITT",Mitt Romney,REPUBLICAN,1420543,2624534,0.5412553238022445,False,1
2012,INDIANA,IN,18,32,22.0,barack-obama,"OBAMA, BARACK H.",Barack Obama,DEMOCRAT,1152887,2624534,0.43927302904058396,False,1
2012,INDIANA,IN,18,32,22.0,gary-johnson,"JOHNSON, GARY",Gary Johnson,LIBERTARIAN,50111,2624534,0.01909329427624104,False,1
2012,INDIANA,IN,18,32,22.0,write-in-blank,,Write-in/blank,OTHER,993,2624534,0.0003783528809304814,True,1
2012,KANSAS,KS,20,47,32.0,mitt-romney,"ROMNEY, MITT",Mitt Romney,REPUBLICAN,692634,1159971,0.5971132036921613,False,1
2012,KANSAS,KS,20,47,32.0,barack-obama,"OBAMA, BARACK H.",Barack Obama,DEMOCRAT,440726,1159971,0.3799457055391902,False,1
2012,KANSAS,KS,20,47,32.0,gary-johnson,"JOHNSON, GARY",Gary Johnson,LIBERTARIAN,20456,1159971,0.017634923631711482,False,1
2012,KANSAS,KS,20,47,32.0,charles-chuck-baldwin,"BALDWIN, CHARLES ""CHUCK""","Charles ""Chuck"" Baldwin",OTHER,5017,1159971,0.004325108127703193,False,1
2012,KANSAS,KS,20,47,32.0,write-in-blank,,Write-in/blank,OTHER,1138,1159971,0.0009810590092338516,True,1
2012,KENTUCKY,KY,21,61,51.0,mitt-romney,"ROMNEY, MITT",Mitt Romney,REPUBLICAN,1087190,1797212,0.6049314159932162,False,1
2012,KENTUCKY,KY,21,61,51.0,barack-obama,"OBAMA, BARACK H.",Barack Obama,DEMOCRAT,679370,1797212,0.37801327834445797,False,1
2012,KENTUCKY,KY,21,61,51.0,gary-johnson,"JOHNSON, GARY",Gary Johnson,LIBERTARIAN,17063,1797212,0.009494149827621895,False,1
2012,KENTUCKY,KY,21,61,51.0,randall-terry,"TERRY, RANDALL",Randall Terry,OTHER,6872,1797212,0.003823700264632108,False,1
2012,KENTUCKY,KY,21,61,51.0,jill-stein,"STEIN, JILL",Jill Stein,OTHER,6337,1797212,0.0035260169640532113,False,1
2012,KENTUCKY,KY,21,61,51.0,write-in-blank,,Write-in/blank,OTHER,380,1797212,0.00021143860601865555,True,1
2012,LOUISIANA,LA,22,72,45.0,mitt-romney,"ROMNEY, MITT",Mitt Romney,REPUBLICAN,1152262,1994065,0.5778457572847425,False,1
2012,LOUISIANA,LA,22,72,45.0,barack-obama,"OBAMA, BARACK H.",Barack Obama,DEMOCRAT,809141,1994065,0.4057746362330215,False,1
2012,LOUISIANA,LA,22,72,45.0,gary-johnson,"JOHNSON, GARY",Gary Johnson,LIBERTARIAN,18157,1994065,0.009105520632476875,False,1
2012,LOUISIANA,LA,22,72,45.0,jill-stein,"STEIN, JILL",Jill Stein,OTHER,6978,1994065,0.0034993844232760717,False,1
2012,LOUISIANA,LA,22,72,45.0,virgil-hamlin-goode-jr,"GOODE, VIRGIL HAMLIN, JR.",Virgil Hamlin Goode Jr.,OTHER,2508,1994065,0.0012577323206615632,False,1
2012,LOUISIANA,LA,22,72,45.0,sheila-samm-tittle,"TITTLE, SHEILA ""SAMM""","Sheila ""Samm"" Tittle",OTHER,1767,1994065,0.0008861295895570105,False,1
2012,LOUISIANA,LA,22,72,45.0,ross-carl-rocky-anderson,"ANDERSON, ROSS CARL ""ROCKY""","Ross Carl ""Rocky"" Anderson",OTHER,1368,1994065,0.0006860358112699436,False,1
2012,LOUISIANA,LA,22,72,45.0,peta-lindsay,"LINDSAY, PETA",Peta Lindsay,OTHER,622,1994065,0.0003119256393347258,False,1
2012,LOUISIANA,LA,22,72,45.0,lowell-jackson-jack-fellure,"FELLURE, LOWELL JACKSON ""JACK""","Lowell Jackson ""Jack"" Fellure",OTHER,518,1994065,0.0002597708700568938,False,1
2012,LOUISIANA,LA,22,72,45.0,james-harris,"HARRIS, JAMES",James Harris,OTHER,389,1994065,0.00019507889662573688,False,1
2012,LOUISIANA,LA,22,72,45.0,jerome-jerry-white,"WHITE, JEROME ""JERRY""","Jerome ""Jerry"" White",OTHER,355,1994065,0.0001780282989772149,False,1
2012,MASSACHUSETTS,MA,25,14,3.0,barack-obama,"OBAMA, BARACK H.",Barack Obama,DEMOCRAT,1921290,3184196,0.6033830832021647,False,1
2012,MASSACHUSETTS,MA,25,14,3.0,mitt-romney,"ROMNEY, MITT",Mitt Romney,REPUBLICAN,1188314,3184196,0.37319122315334863,False,1
2012,MASSACHUSETTS,MA,25,14,3.0,gary-johnson,"JOHNSON, GARY",Gary Johnson,LIBERTARIAN,30920,3184196,0.009710457522087209,False,1
2012,MASSACHUSETTS,MA,25,14,3.0,jill-stein,"STEIN, JILL",Jill Stein,OTHER,20691,3184196,0.00649802964390383,False,1
2012,MASSACHUSETTS,MA,25,14,3.0,blank-vote-scattering,BLANK VOTE/SCATTERING,Blank Vote/Scattering,OTHER,16429,3184196,0.005159544198912378,False,1
2012,MASSACHUSETTS,MA,25,14,3.0,other,OTHER,Other,OTHER,6552,3184196,0.002057662279583292,False,1
2012,MARYLAND,MD,24,52,52.0,barack-obama,"OBAMA, BARACK H.",Barack Obama,DEMOCRAT,1677844,2707327,0.6197419077931849,False,1
2012,MARYLAND,MD,24,52,52.0,mitt-romney,"ROMNEY, MITT",Mitt Romney,REPUBLICAN,971869,2707327,0.3589773233894539,False,1
2012,MARYLAND,MD,24,52,52.0,gary-johnson,"JOHNSON, GARY",Gary Johnson,LIBERTARIAN,30195,2707327,0.011153067213528324,False,1
2012,MARYLAND,MD,24,52,52.0,jill-stein,"STEIN, JILL",Jill Stein,OTHER,17110,2707327,0.006319886736991874,False,1
2012,MARYLAND,MD,24,52,52.0,write-in-blank,,Write-in/blank,OTHER,10309,2707327,0.0038078148668409836,True,1
2012,MAINE,ME,23,11,2.0,barack-obama,"OBAMA, BARACK H.",Barack Obama,DEMOCRAT,401306,724758,0.5537103419348252,False,1
2012,MAINE,ME,23,11,2.0,mitt-romney,"ROMNEY, MITT",Mitt Romney,REPUBLICAN,292276,724758,0.40327392039825705,False,1
2012,MAINE,ME,23,11,2.0,blank-vote,BLANK VOTE,Blank Vote,OTHER,11578,724758,0.01597498751307333,False,1
2012,MAINE,ME,23,11,2.0,gary-johnson,"JOHNSON, GARY",Gary Johnson,LIBERTARIAN,9352,724758,0.012903617483353063,False,1
2012,MAINE,ME,23,11,2.0,jill-stein,"STEIN, JILL",Jill Stein,OTHER,8119,724758,0.011202359960152217,False,1
2012,MAINE,ME,23,11,2.0,write-in-blank,,Write-in/blank,OTHER,2127,724758,0.0029347727103391755,True,1
2012,MICHIGAN,MI,26,34,23.0,barack-obama,"OBAMA, BARACK H.",Barack Obama,DEMOCRAT,2564569,4730961,0.5420820421051875,False,1
2012,MICHIGAN,MI,26,34,23.0,mitt-romney,"ROMNEY, MITT",Mitt Romney,REPUBLICAN,2115256,4730961,0.4471091602742022,False,1
2012,MICHIGAN,MI,26,34,23.0,jill-stein,"STEIN, JILL",Jill Stein,OTHER,21897,4730961,0.004628446524923794,False,1
2012,MICHIGAN,MI,26,34,23.0,virgil-hamlin-goode-jr,"GOODE, VIRGIL HAMLIN, JR.",Virgil Hamlin Goode Jr.,OTHER,16119,4730961,0.003407130179259563,False,1
2012,MICHIGAN,MI,26,34,23.0,write-in-blank,,Write-in/blank,OTHER,7973,4730961,0.001685281277947546,True,1
2012,MICHIGAN,MI,26,34,23.0,ross-carl-rocky-anderson,"ANDERSON, ROSS CARL ""ROCKY""","Ross Carl ""Rocky"" Anderson",OTHER,5147,4730961,0.0010879396384793703,False,1
2012,MINNESOTA,MN,27,41,33.0,barack-obama,"OBAMA, BARACK H.",Barack Obama,DEMOCRAT,1546167,2936561,0.5265230315324626,False,1
2012,MINNESOTA,MN,27,41,33.0,mitt-romney,"ROMNEY, MITT",Mitt Romney,REPUBLICAN,1320225,2936561,0.4495820110666865,False,1
2012,MINNESOTA,MN,27,41,33.0,gary-johnson,"JOHNSON, GARY",Gary Johnson,LIBERTARIAN,35098,2936561,0.011952075914649824,False,1
2012,MINNESOTA,MN,27,41,33.0,jill-stein,"STEIN, JILL",Jill Stein,OTHER,13023,2936561,0.004434779321798525,False,1
2012,MINNESOTA,MN,27,41,33.0,write-in-blank,,Write-in/blank,OTHER,10641,2936561,0.0036236264119832687,True,1
2012,MINNESOTA,MN,27,41,33.0,virgil-hamlin-goode-jr,"GOODE, VIRGIL HAMLIN, JR.",Virgil Hamlin Goode Jr.,OTHER,3722,2936561,0.0012674689883847125,False,1
2012,MINNESOTA,MN,27,41,33.0,jim-carlson,"CARLSON, JIM",Jim Carlson,OTHER,3149,2936561,0.0010723427846382214,False,1
2012,MINNESOTA,MN,27,41,33.0,ross-carl-rocky-anderson,"ANDERSON, ROSS CARL ""ROCKY""","Ross Carl ""Rocky"" Anderson",OTHER,1996,2936561,0.000679706636436294,False,1
2012,MINNESOTA,MN,27,41,33.0,dean-morstad,"MORSTAD, DEAN",Dean Morstad,OTHER,1092,2936561,0.0003718635505954074,False,1
2012,MINNESOTA,MN,27,41,33.0,james-harris,"HARRIS, JAMES",James Harris,OTHER,1051,2936561,0.00035790164072873,False,1
2012,MINNESOTA,MN,27,41,33.0,peta-lindsay,"LINDSAY, PETA",Peta Lindsay,OTHER,397,2936561,0.00013519215163587613,False,1
2012,MISSOURI,MO,29,43,34.0,mitt-romney,"ROMNEY, MITT",Mitt Romney,REPUBLICAN,1482440,2757323,0.5376374113587709,False,1
2012,MISSOURI,MO,29,43,34.0,barack-obama,"OBAMA, BARACK H.",Barack Obama,DEMOCRAT,1223796,2757323,0.4438348354545333,False,1
2012,MISSOURI,MO,29,43,34.0,gary-johnson,"JOHNSON, GARY",Gary Johnson,LIBERTARIAN,43151,2757323,0.015649599267115243,False,1
2012,MISSOURI,MO,29,43,34.0,virgil-hamlin-goode-jr,"GOODE, VIRGIL HAMLIN, JR.",Virgil Hamlin Goode Jr.,OTHER,7936,2757323,0.0028781539195806946,False,1
2012,MISSISSIPPI,MS,28,64,46.0,mitt-romney,"ROMNEY, MITT",Mitt Romney,REPUBLICAN,710746,1285584,0.5528584674358112,False,1
2012,MISSISSIPPI,MS,28,64,46.0,barack-obama,"OBAMA, BARACK H.",Barack Obama,DEMOCRAT,562949,1285584,0.4378935954398935,False,1
2012,MISSISSIPPI,MS,28,64,46.0,gary-johnson,"JOHNSON, GARY",Gary Johnson,LIBERTARIAN,6676,1285584,0.005192970665471879,False,1
2012,MISSISSIPPI,MS,28,64,46.0,virgil-hamlin-goode-jr,"GOODE, VIRGIL HAMLIN, JR.",Virgil Hamlin Goode Jr.,OTHER,2609,1285584,0.0020294278709131414,False,1
2012,MISSISSIPPI,MS,28,64,46.0,jill-stein,"STEIN, JILL",Jill Stein,OTHER,1588,1285584,0.0012352362817209923,False,1
2012,MISSISSIPPI,MS,28,64,46.0,barbara-dale-washer,"WASHER, BARBARA DALE",Barbara Dale Washer,OTHER,1016,1285584,0.0007903023061892494,False,1
2012,MONTANA,MT,30,81,64.0,mitt-romney,"ROMNEY, MITT",Mitt Romney,REPUBLICAN,267928,484048,0.553515353849205,False,1
2012,MONTANA,MT,30,81,64.0,barack-obama,"OBAMA, BARACK H.",Barack Obama,DEMOCRAT,201839,484048,0.41698137374805805,False,1
2012,MONTANA,MT,30,81,64.0,gary-johnson,"JOHNSON, GARY",Gary Johnson,LIBERTARIAN,14165,484048,0.029263626747760552,False,1
2012,MONTANA,MT,30,81,64.0,write-in-blank,,Write-in/blank,OTHER,116,484048,0.00023964565497636598,True,1
2012,NORTH CAROLINA,NC,37,56,47.0,mitt-romney,"ROMNEY, MITT",Mitt Romney,REPUBLICAN,2270395,4505372,0.5039306410214295,False,1
2012,NORTH CAROLINA,NC,37,56,47.0,barack-obama,"OBAMA, BARACK H.",Barack Obama,DEMOCRAT,2178391,4505372,0.48350968577067555,False,1
2012,NORTH CAROLINA,NC,37,56,47.0,gary-johnson,"JOHNSON, GARY",Gary Johnson,LIBERTARIAN,44515,4505372,0.009880427187810462,False,1
2012,NORTH CAROLINA,NC,37,56,47.0,write-in-blank,,Write-in/blank,OTHER,12071,4505372,0.002679246020084468,True,1
2012,NORTH DAKOTA,ND,38,44,36.0,mitt-romney,"ROMNEY, MITT",Mitt Romney,REPUBLICAN,188320,322932,0.5831568255855722,False,1
2012,NORTH DAKOTA,ND,38,44,36.0,barack-obama,"OBAMA, BARACK H.",Barack Obama,DEMOCRAT,124966,322932,0.38697310888979725,False,1
2012,NORTH DAKOTA,ND,38,44,36.0,gary-johnson,"JOHNSON, GARY",Gary Johnson,LIBERTARIAN,5238,322932,0.016220133031102524,False,1
2012,NORTH DAKOTA,ND,38,44,36.0,write-in-blank,,Write-in/blank,OTHER,1860,322932,0.005759726505889785,True,1
2012,NORTH DAKOTA,ND,38,44,36.0,jill-stein,"STEIN, JILL",Jill Stein,OTHER,1362,322932,0.004217606183345101,False,1
2012,NORTH DAKOTA,ND,38,44,36.0,virgil-hamlin-goode-jr,"GOODE, VIRGIL HAMLIN, JR.",Virgil Hamlin Goode Jr.,OTHER,1186,322932,0.0036725998042931637,False,1
2012,NEBRASKA,NE,31,46,35.0,mitt-romney,"ROMNEY, MITT",Mitt Romney,REPUBLICAN,475064,794379,0.5980319217904804,False,1
2012,NEBRASKA,NE,31,46,35.0,barack-obama,"OBAMA, BARACK H.",Barack Obama,DEMOCRAT,302081,794379,0.38027314417928976,False,1
2012,NEBRASKA,NE,31,46,35.0,gary-johnson,"JOHNSON, GARY",Gary Johnson,LIBERTARIAN,11109,794379,0.013984508653929674,False,1
2012,NEBRASKA,NE,31,46,35.0,write-in-blank,,Write-in/blank,OTHER,6125,794379,0.00771042537630023,True,2
2012,NEW HAMPSHIRE,NH,33,12,4.0,barack-obama,"OBAMA, BARACK H.",Barack Obama,DEMOCRAT,369561,710972,0.5197968415071198,False,1
2012,NEW HAMPSHIRE,NH,33,12,4.0,mitt-romney,"ROMNEY, MITT",Mitt Romney,REPUBLICAN,329918,710972,0.4640379649268888,False,1
2012,NEW HAMPSHIRE,NH,33,12,4.0,gary-johnson,"JOHNSON, GARY",Gary Johnson,LIBERTARIAN,8212,710972,0.011550384543976415,False,1
2012,NEW HAMPSHIRE,NH,33,12,4.0,write-in-blank,,Write-in/blank,OTHER,1698,710972,0.0023882797072177246,True,1
2012,NEW HAMPSHIRE,NH,33,12,4.0,scattering,SCATTERING,Scattering,OTHER,875,710972,0.001230709507547414,False,1
2012,NEW HAMPSHIRE,NH,33,12,4.0,virgil-hamlin-goode-jr,"GOODE, VIRGIL HAMLIN, JR.",Virgil Hamlin Goode Jr.,OTHER,708,710972,0.0009958198072497933,False,1
2012,NEW JERSEY,NJ,34,22,12.0,barack-obama,"OBAMA, BARACK H.",Barack Obama,DEMOCRAT,2122786,3638499,0.5834235491063761,False,1
2012,NEW JERSEY,NJ,34,22,12.0,mitt-romney,"ROMNEY, MITT",Mitt Romney,REPUBLICAN,1478088,3638499,0.4062356482714438,False,1
2012,NEW JERSEY,NJ,34,22,12.0,gary-johnson,"JOHNSON, GARY",Gary Johnson,LIBERTARIAN,21035,3638499,0.00578123011714446,False,1
2012,NEW JERSEY,NJ,34,22,12.0,jill-stein,"STEIN, JILL",Jill Stein,OTHER,9886,3638499,0.0027170544776843417,False,1
2012,NEW JERSEY,NJ,34,22,12.0,virgil-hamlin-goode-jr,"GOODE, VIRGIL HAMLIN, JR.",Virgil Hamlin Goode Jr.,OTHER,2063,3638499,0.0005669920480945576,False,1
2012,NEW JERSEY,NJ,34,22,12.0,ross-carl-rocky-anderson,"ANDERSON, ROSS CARL ""ROCKY""","Ross Carl ""Rocky"" Anderson",OTHER,1723,3638499,0.00047354692140907554,False,1
2012,NEW JERSEY,NJ,34,22,12.0,jeffery-boss,"BOSS, JEFFERY",Jeffery Boss,OTHER,1024,3638499,0.00028143473448804027,False,1
2012,NEW JERSEY,NJ,34,22,12.0,james-harris,"HARRIS, JAMES",James Harris,OTHER,709,3638499,0.00019486057300002006,False,1
2012,NEW JERSEY,NJ,34,22,12.0,merlin-miller,"MILLER, MERLIN",Merlin Miller,OTHER,664,3638499,0.0001824928356445886,False,1
2012,NEW JERSEY,NJ,34,22,12.0,peta-lindsay,"LINDSAY, PETA",Peta Lindsay,OTHER,521,3638499,0.0001431909147151064,False,1
2012,NEW MEXICO,NM,35,85,66.0,barack-obama,"OBAMA, BARACK H.",Barack Obama,DEMOCRAT,415335,783758,0.5299276052046678,False,1
2012,NEW MEXICO,NM,35,85,66.0,mitt-romney,"ROMNEY, MITT",Mitt Romney,REPUBLICAN,335788,783758,0.4284332663909013,False,1
2012,NEW MEXICO,NM,35,85,66.0,gary-johnson,"JOHNSON, GARY",Gary Johnson,LIBERTARIAN,27788,783758,0.03545482151378359,False,1
2012,NEW MEXICO,NM,35,85,66.0,jill-stein,"STEIN, JILL",Jill Stein,OTHER,2691,783758,0.0034334577765075445,False,1
2012,NEW MEXICO,NM,35,85,66.0,write-in-blank,,Write-in/blank,OTHER,1174,783758,0.001497911345083559,False,1
2012,NEW MEXICO,NM,35,85,66.0,virgil-hamlin-goode-jr,"GOODE, VIRGIL HAMLIN, JR.",Virgil Hamlin Goode Jr.,OTHER,982,783758,0.0012529377690562648,False,1
2012,NEVADA,NV,32,88,65.0,barack-obama,"OBAMA, BARACK H.",Barack Obama,DEMOCRAT,531373,1014918,0.5235624947040056,False,1
2012,NEVADA,NV,32,88,65.0,mitt-romney,"ROMNEY, MITT",Mitt Romney,REPUBLICAN,463567,1014918,0.4567531564126363,False,1
2012,NEVADA,NV,32,88,65.0,gary-johnson,"JOHNSON, GARY",Gary Johnson,LIBERTARIAN,10968,1014918,0.010806784390463071,False,1
2012,NEVADA,NV,32,88,65.0,none-of-these-candidates,NONE OF THESE CANDIDATES,None Of These Candidates,OTHER,5770,1014918,0.005685188360044851,False,1
2012,NEVADA,NV,32,88,65.0,virgil-hamlin-goode-jr,"GOODE, VIRGIL HAMLIN, JR.",Virgil Hamlin Goode Jr.,OTHER,3240,1014918,0.0031923761328501417,False,1
2012,NEW YORK,NY,36,21,13.0,barack-obama,"OBAMA, BARACK H.",Barack Obama,DEMOCRAT,4324228,7116784,0.6076098417487449,False,1
2012,NEW YORK,NY,36,21,13.0,mitt-romney,"ROMNEY, MITT",Mitt Romney,REPUBLICAN,2223397,7116784,0.312415973282314,False,1
2012,NEW YORK,NY,36,21,13.0,mitt-romney,"ROMNEY, MITT",Mitt Romney,OTHER,262035,7116784,0.03681929927900018,False,1
2012,NEW YORK,NY,36,21,13.0,barack-obama,"OBAMA, BARACK H.",Barack Obama,OTHER,147643,7116784,0.020745746955366358,False,1
2012,NEW YORK,NY,36,21,13.0,blank-vote-void-vote-scattering,BLANK VOTE/VOID VOTE/SCATTERING,Blank Vote/Void Vote/Scattering,OTHER,63881,7116784,0.00897610493728628,False,1
2012,NEW YORK,NY,36,21,13.0,gary-johnson,"JOHNSON, GARY",Gary Johnson,LIBERTARIAN,47092,7116784,0.006617033761316909,False,1
2012,NEW YORK,NY,36,21,13.0,jill-stein,"STEIN, JILL",Jill Stein,OTHER,39856,7116784,0.005600282374735555,False,1
2012,NEW YORK,NY,36,21,13.0,virgil-hamlin-goode-jr,"GOODE, VIRGIL HAMLIN, JR.",Virgil Hamlin Goode Jr.,OTHER,6270,7116784,0.0008810159195501788,False,1
2012,NEW YORK,NY,36,21,13.0,peta-lindsay,"LINDSAY, PETA",Peta Lindsay,OTHER,2039,7116784,0.00028650581498609483,False,1
2012,NEW YORK,NY,36,21,13.0,write-in-blank,,Write-in/blank,OTHER,343,7116784,4.819592669947549e-05,True,1
2012,OHIO,OH,39,31,24.0,barack-obama,"OBAMA, BARACK H.",Barack Obama,DEMOCRAT,2827621,5580822,0.5066674765831987,False,1
2012,OHIO,OH,39,31,24.0,mitt-romney,"ROMNEY, MITT",Mitt Romney,REPUBLICAN,2661407,5580822,0.47688440878422567,False,1
2012,OHIO,OH,39,31,24.0,gary-johnson,"JOHNSON, GARY",Gary Johnson,LIBERTARIAN,49493,5580822,0.008868406840426016,False,1
2012,OHIO,OH,39,31,24.0,jill-stein,"STEIN, JILL",Jill Stein,OTHER,18574,5580822,0.0033281835543222844,False,1
2012,OHIO,OH,39,31,24.0,richard-duncan,"DUNCAN, RICHARD",Richard Duncan,OTHER,12502,5580822,0.002240171788313621,False,1
2012,OHIO,OH,39,31,24.0,virgil-hamlin-goode-jr,"GOODE, VIRGIL HAMLIN, JR.",Virgil Hamlin Goode Jr.,OTHER,8151,5580822,0.0014605375337181513,False,1
2012,OHIO,OH,39,31,24.0,stewart-alexander,"ALEXANDER, STEWART",Stewart Alexander,OTHER,2967,5580822,0.0005316421129360514,False,1
2012,OHIO,OH,39,31,24.0,write-in-blank,,Write-in/blank,OTHER,107,5580822,1.9172802859507075e-05,True,1
2012,OKLAHOMA,OK,40,73,53.0,mitt-romney,"ROMNEY, MITT",Mitt Romney,REPUBLICAN,891325,1334872,0.6677231974301656,False,1
2012,OKLAHOMA,OK,40,73,53.0,barack-obama,"OBAMA, BARACK H.",Barack Obama,DEMOCRAT,443547,1334872,0.3322768025698344,False,1
2012,OREGON,OR,41,92,72.0,barack-obama,"OBAMA, BARACK H.",Barack Obama,DEMOCRAT,970488,1789270,0.54239326652769,False,1
2012,OREGON,OR,41,92,72.0,mitt-romney,"ROMNEY, MITT",Mitt Romney,REPUBLICAN,754175,1789270,0.42149871176513326,False,1
2012,OREGON,OR,41,92,72.0,gary-johnson,"JOHNSON, GARY",Gary Johnson,LIBERTARIAN,24089,1789270,0.013463032409865476,False,1
2012,OREGON,OR,41,92,72.0,jill-stein,"STEIN, JILL",Jill Stein,OTHER,19427,1789270,0.010857500544914965,False,1
2012,OREGON,OR,41,92,72.0,other,OTHER,Other,OTHER,13275,1789270,0.007419226835525102,False,1
2012,OREGON,OR,41,92,72.0,will-christensen,"CHRISTENSEN, WILL",Will Christensen,OTHER,4432,1789270,0.002476987821849134,False,1
2012,OREGON,OR,41,92,72.0,ross-carl-rocky-anderson,"ANDERSON, ROSS CARL ""ROCKY""","Ross Carl ""Rocky"" Anderson",OTHER,3384,1789270,0.0018912740950219923,False,1
2012,PENNSYLVANIA,PA,42,23,14.0,barack-obama,"OBAMA, BARACK H.",Barack Obama,DEMOCRAT,2990274,5742040,0.520768577021407,False,1
2012,PENNSYLVANIA,PA,42,23,14.0,mitt-romney,"ROMNEY, MITT",Mitt Romney,REPUBLICAN,2680434,5742040,0.46680866033674445,False,1
2012,PENNSYLVANIA,PA,42,23,14.0,gary-johnson,"JOHNSON, GARY",Gary Johnson,LIBERTARIAN,49991,5742040,0.008706139281509708,False,1
2012,PENNSYLVANIA,PA,42,23,14.0,jill-stein,"STEIN, JILL",Jill Stein,OTHER,21341,5742040,0.0037166233603388344,False,1
2012,RHODE ISLAND,RI,44,15,5.0,barack-obama,"OBAMA, BARACK H.",Barack Obama,DEMOCRAT,279677,446049,0.627009588632639,False,1
2012,RHODE ISLAND,RI,44,15,5.0,mitt-romney,"ROMNEY, MITT",Mitt Romney,REPUBLICAN,157204,446049,0.35243661570813967,False,1
2012,RHODE ISLAND,RI,44,15,5.0,gary-johnson,"JOHNSON, GARY",Gary Johnson,LIBERTARIAN,4388,446049,0.00983748422258541,False,1
2012,RHODE ISLAND,RI,44,15,5.0,jill-stein,"STEIN, JILL",Jill Stein,OTHER,2421,446049,0.005427654809224996,False,1
2012,RHODE ISLAND,RI,44,15,5.0,write-in-blank,,Write-in/blank,OTHER,1381,446049,0.0030960724046012883,True,1
2012,RHODE ISLAND,RI,44,15,5.0,virgil-hamlin-goode-jr,"GOODE, VIRGIL HAMLIN, JR.",Virgil Hamlin Goode Jr.,OTHER,430,446049,0.0009640196480655712,False,1
2012,RHODE ISLAND,RI,44,15,5.0,ross-carl-rocky-anderson,"ANDERSON, ROSS CARL ""ROCKY""","Ross Carl ""Rocky"" Anderson",OTHER,416,446049,0.000932632961849483,False,1
2012,RHODE ISLAND,RI,44,15,5.0,peta-lindsay,"LINDSAY, PETA",Peta Lindsay,OTHER,132,446049,0.00029593161289454743,False,1
2012,SOUTH CAROLINA,SC,45,57,48.0,mitt-romney,"ROMNEY, MITT",Mitt Romney,REPUBLICAN,1071645,1964118,0.5456113125586141,False,1
2012,SOUTH CAROLINA,SC,45,57,48.0,barack-obama,"OBAMA, BARACK H.",Barack Obama,DEMOCRAT,865941,1964118,0.4408803340736147,False,1
2012,SOUTH CAROLINA,SC,45,57,48.0,gary-johnson,"JOHNSON, GARY",Gary Johnson,LIBERTARIAN,16321,1964118,0.008309582214510534,False,1
2012,SOUTH CAROLINA,SC,45,57,48.0,jill-stein,"STEIN, JILL",Jill Stein,OTHER,5446,1964118,0.0027727458329896678,False,1
2012,SOUTH CAROLINA,SC,45,57,48.0,virgil-hamlin-goode-jr,"GOODE, VIRGIL HAMLIN, JR.",Virgil Hamlin Goode Jr.,OTHER,4765,1964118,0.0024260253202709817,False,1
2012,SOUTH DAKOTA,SD,46,45,37.0,mitt-romney,"ROMNEY, MITT",Mitt Romney,REPUBLICAN,210610,363815,0.5788931187554114,False,1
2012,SOUTH DAKOTA,SD,46,45,37.0,barack-obama,"OBAMA, BARACK H.",Barack Obama,DEMOCRAT,145039,363815,0.3986614075835246,False,1
2012,SOUTH DAKOTA,SD,46,45,37.0,gary-johnson,"JOHNSON, GARY",Gary Johnson,LIBERTARIAN,5795,363815,0.01592842516113959,False,1
2012,SOUTH DAKOTA,SD,46,45,37.0,virgil-hamlin-goode-jr,"GOODE, VIRGIL HAMLIN, JR.",Virgil Hamlin Goode Jr.,OTHER,2371,363815,0.006517048499924412,False,1
2012,TENNESSEE,TN,47,62,54.0,mitt-romney,"ROMNEY, MITT",Mitt Romney,REPUBLICAN,1462330,2458577,0.5947871471993759,False,1
2012,TENNESSEE,TN,47,62,54.0,barack-obama,"OBAMA, BARACK H.",Barack Obama,DEMOCRAT,960709,2458577,0.39075814993795194,False,1
2012,TENNESSEE,TN,47,62,54.0,write-in-blank,,Write-in/blank,OTHER,23001,2458577,0.009355411687329703,False,1
2012,TENNESSEE,TN,47,62,54.0,jill-stein,"STEIN, JILL",Jill Stein,OTHER,6515,2458577,0.0026499068363528984,False,1
2012,TENNESSEE,TN,47,62,54.0,virgil-hamlin-goode-jr,"GOODE, VIRGIL HAMLIN, JR.",Virgil Hamlin Goode Jr.,OTHER,6022,2458577,0.002449384338989586,False,1
2012,TEXAS,TX,48,74,49.0,mitt-romney,"ROMNEY, MITT",Mitt Romney,REPUBLICAN,4569843,7993851,0.5716697746805639,False,1
2012,TEXAS,TX,48,74,49.0,barack-obama,"OBAMA, BARACK H.",Barack Obama,DEMOCRAT,3308124,7993851,0.41383358283760857,False,1
2012,TEXAS,TX,48,74,49.0,gary-johnson,"JOHNSON, GARY",Gary Johnson,LIBERTARIAN,88580,7993851,0.011081017146804463,False,1
2012,TEXAS,TX,48,74,49.0,jill-stein,"STEIN, JILL",Jill Stein,OTHER,24657,7993851,0.0030844958206001087,False,1
2012,TEXAS,TX,48,74,49.0,write-in-blank,,Write-in/blank,OTHER,2647,7993851,0.0003311295144230234,True,1
2012,UTAH,UT,49,87,67.0,mitt-romney,"ROMNEY, MITT",Mitt Romney,REPUBLICAN,740600,1017440,0.727905331026891,False,1
2012,UTAH,UT,49,87,67.0,barack-obama,"OBAMA, BARACK H.",Barack Obama,DEMOCRAT,251813,1017440,0.2474966582796037,False,1
2012,UTAH,UT,49,87,67.0,gary-johnson,"JOHNSON, GARY",Gary Johnson,LIBERTARIAN,12572,1017440,0.012356502594747602,False,1
2012,UTAH,UT,49,87,67.0,ross-carl-rocky-anderson,"ANDERSON, ROSS CARL ""ROCKY""","Ross Carl ""Rocky"" Anderson",OTHER,5335,1017440,0.005243552445353043,False,1
2012,UTAH,UT,49,87,67.0,jill-stein,"STEIN, JILL",Jill Stein,OTHER,3817,1017440,0.003751572574304136,False,1
2012,UTAH,UT,49,87,67.0,virgil-hamlin-goode-jr,"GOODE, VIRGIL HAMLIN, JR.",Virgil Hamlin Goode Jr.,OTHER,2871,1017440,0.0028217880169838024,False,1
2012,UTAH,UT,49,87,67.0,write-in-blank,,Write-in/blank,OTHER,432,1017440,0.000424595062116685,True,2
2012,VIRGINIA,VA,51,54,40.0,barack-obama,"OBAMA, BARACK H.",Barack Obama,DEMOCRAT,1971820,3854489,0.5115645679621864,False,1
2012,VIRGINIA,VA,51,54,40.0,mitt-romney,"ROMNEY, MITT",Mitt Romney,REPUBLICAN,1822522,3854489,0.4728310289638912,False,1
2012,VIRGINIA,VA,51,54,40.0,gary-johnson,"JOHNSON, GARY",Gary Johnson,LIBERTARIAN,31216,3854489,0.008098609180101435,False,1
2012,VIRGINIA,VA,51,54,40.0,virgil-hamlin-goode-jr,"GOODE, VIRGIL HAMLIN, JR.",Virgil Hamlin Goode Jr.,OTHER,13058,3854489,0.0033877382968274133,False,1
2012,VIRGINIA,VA,51,54,40.0,jill-stein,"STEIN, JILL",Jill Stein,OTHER,8627,3854489,0.0022381695731911546,False,1
2012,VIRGINIA,VA,51,54,40.0,write-in-blank,,Write-in/blank,OTHER,7246,3854489,0.0018798860238023768,True,1
2012,VERMONT,VT,50,13,6.0,barack-obama,"OBAMA, BARACK H.",Barack Obama,DEMOCRAT,199239,299290,0.665705503023823,False,1
2012,VERMONT,VT,50,13,6.0,mitt-romney,"ROMNEY, MITT",Mitt Romney,REPUBLICAN,92698,299290,0.3097263523672692,False,1
2012,VERMONT,VT,50,13,6.0,gary-johnson,"JOHNSON, GARY",Gary Johnson,LIBERTARIAN,3487,299290,0.011650907146914365,False,1
2012,VERMONT,VT,50,13,6.0,write-in-blank,,Write-in/blank,OTHER,2043,299290,0.006826155234053928,True,1
2012,VERMONT,VT,50,13,6.0,ross-carl-rocky-anderson,"ANDERSON, ROSS CARL ""ROCKY""","Ross Carl ""Rocky"" Anderson",OTHER,1128,299290,0.0037689197768051054,False,1
2012,VERMONT,VT,50,13,6.0,peta-lindsay,"LINDSAY, PETA",Peta Lindsay,OTHER,695,299290,0.0023221624511343512,False,1
2012,WASHINGTON,WA,53,91,73.0,barack-obama,"OBAMA, BARACK H.",Barack Obama,DEMOCRAT,1755396,3125516,0.5616339829967276,False,1
2012,WASHINGTON,WA,53,91,73.0,mitt-romney,"ROMNEY, MITT",Mitt Romney,REPUBLICAN,1290670,3125516,0.4129462143210913,False,1
2012,WASHINGTON,WA,53,91,73.0,gary-johnson,"JOHNSON, GARY",Gary Johnson,LIBERTARIAN,42202,3125516,0.013502410481981215,False,1
2012,WASHINGTON,WA,53,91,73.0,jill-stein,"STEIN, JILL",Jill Stein,OTHER,20928,3125516,0.0066958543805246875,False,1
2012,WASHINGTON,WA,53,91,73.0,virgil-hamlin-goode-jr,"GOODE, VIRGIL HAMLIN, JR.",Virgil Hamlin Goode Jr.,OTHER,8851,3125516,0.002831852404530964,False,1
2012,WASHINGTON,WA,53,91,73.0,ross-carl-rocky-anderson,"ANDERSON, ROSS CARL ""ROCKY""","Ross Carl ""Rocky"" Anderson",OTHER,4946,3125516,0.0015824587044187264,False,1
2012,WASHINGTON,WA,53,91,73.0,peta-lindsay,"LINDSAY, PETA",Peta Lindsay,OTHER,1318,3125516,0.00042169037048602533,False,1
2012,WASHINGTON,WA,53,91,73.0,james-harris,"HARRIS, JAMES",James Harris,OTHER,1205,3125516,0.0003855363402394997,False,1
2012,WISCONSIN,WI,55,35,25.0,barack-obama,"OBAMA, BARACK H.",Barack Obama,DEMOCRAT,1620985,3071434,0.5277616253515459,False,1
2012,WISCONSIN,WI,55,35,25.0,mitt-romney,"ROMNEY, MITT",Mitt Romney,REPUBLICAN,1410966,3071434,0.4593834671361976,False,1
2012,WISCONSIN,WI,55,35,25.0,write-in-blank,,Write-in/blank,OTHER,29383,3071434,0.009566541231229452,False,1
2012,WISCONSIN,WI,55,35,25.0,scattering,SCATTERING,Scattering,OTHER,5170,3071434,0.001683252838901959,False,1
2012,WISCONSIN,WI,55,35,25.0,virgil-hamlin-goode-jr,"GOODE, VIRGIL HAMLIN, JR.",Virgil Hamlin Goode Jr.,OTHER,4930,3071434,0.001605113442125079,False,1
2012,WEST VIRGINIA,WV,54,55,56.0,mitt-romney,"ROMNEY, MITT",Mitt Romney,REPUBLICAN,417655,670438,0.6229584241943327,False,1
2012,WEST VIRGINIA,WV,54,55,56.0,barack-obama,"OBAMA, BARACK H.",Barack Obama,DEMOCRAT,238269,670438,0.3553930415638732,False,1
2012,WEST VIRGINIA,WV,54,55,56.0,gary-johnson,"JOHNSON, GARY",Gary Johnson,LIBERTARIAN,6302,670438,0.009399825188906356,False,1
2012,WEST VIRGINIA,WV,54,55,56.0,jill-stein,"STEIN, JILL",Jill Stein,OTHER,4406,670438,0.0065718231961792144,False,1
2012,WEST VIRGINIA,WV,54,55,56.0,write-in-blank,,Write-in/blank,OTHER,3806,670438,0.0056768858567085995,False,1
2012,WYOMING,WY,56,83,68.0,mitt-romney,"ROMNEY, MITT",Mitt Romney,REPUBLICAN,170962,250701,0.6819358518713527,False,1
2012,WYOMING,WY,56,83,68.0,barack-obama,"OBAMA, BARACK H.",Barack Obama,DEMOCRAT,69286,250701,0.2763690611525283,False,1
2012,WYOMING,WY,56,83,68.0,gary-johnson,"JOHNSON, GARY",Gary Johnson,LIBERTARIAN,5326,250701,0.02124443061655119,False,1
2012,WYOMING,WY,56,83,68.0,write-in-blank,,Write-in/blank,OTHER,2035,250701,0.008117239261111842,True,1
2012,WYOMING,WY,56,83,68.0,virgil-hamlin-goode-jr,"GOODE, VIRGIL HAMLIN, JR.",Virgil Hamlin Goode Jr.,OTHER,1452,250701,0.005791759905225747,False,1
2012,WYOMING,WY,56,83,68.0,blank-vote,BLANK VOTE,Blank Vote,OTHER,1367,250701,0.0054527105994790605,False,1
2012,WYOMING,WY,56,83,68.0,over-vote,OVER VOTE,Over Vote,OTHER,273,250701,0.0010889465937511218,False,1
2016,ALASKA,AK,2,94,81.0,donald-trump,"TRUMP, DONALD J.",Donald Trump,REPUBLICAN,163387,318608,0.5128151207753728,False,1
2016,ALASKA,AK,2,94,81.0,hillary-clinton,"CLINTON, HILLARY",Hillary Clinton,DEMOCRAT,116454,318608,0.36550871290111986,False,1
2016,ALASKA,AK,2,94,81.0,gary-johnson,"JOHNSON, GARY",Gary Johnson,LIBERTARIAN,18725,318608,0.05877128006829709,False,1
2016,ALASKA,AK,2,94,81.0,write-in-blank,,Write-in/blank,OTHER,9201,318608,0.02887874755185055,True,1
2016,ALASKA,AK,2,94,81.0,jill-stein,"STEIN, JILL",Jill Stein,OTHER,5735,318608,0.018000175764575906,False,1
2016,ALASKA,AK,2,94,81.0,darrell-l-castle,"CASTLE, DARRELL L.",Darrell L. Castle,OTHER,3866,318608,0.01213403304374027,False,1
2016,ALASKA,AK,2,94,81.0,roque-rocky-de-la-fuente,"DE LA FUENTE, ROQUE ""ROCKY""","Roque ""Rocky"" De La Fuente",OTHER,1240,318608,0.003891929895043439,False,1
2016,ALABAMA,AL,1,63,41.0,donald-trump,"TRUMP, DONALD J.",Donald Trump,REPUBLICAN,1318255,2123372,0.6208309236440906,False,1
2016,ALABAMA,AL,1,63,41.0,hillary-clinton,"CLINTON, HILLARY",Hillary Clinton,DEMOCRAT,729547,2123372,0.3435794575797364,False,1
2016,ALABAMA,AL,1,63,41.0,gary-johnson,"JOHNSON, GARY",Gary Johnson,LIBERTARIAN,44467,2123372,0.020941690857748902,False,1
2016,ALABAMA,AL,1,63,41.0,write-in-blank,,Write-in/blank,OTHER,21712,2123372,0.010225245505733333,True,1
2016,ALABAMA,AL,1,63,41.0,jill-stein,"STEIN, JILL",Jill Stein,OTHER,9391,2123372,0.004422682412690758,False,1
2016,ARKANSAS,AR,5,71,42.0,donald-trump,"TRUMP, DONALD J.",Donald Trump,REPUBLICAN,684872,1130635,0.6057410216382829,False,1
2016,ARKANSAS,AR,5,71,42.0,hillary-clinton,"CLINTON, HILLARY",Hillary Clinton,DEMOCRAT,380494,1130635,0.33653124129360934,False,1
2016,ARKANSAS,AR,5,71,42.0,gary-johnson,"JOHNSON, GARY",Gary Johnson,LIBERTARIAN,29829,1130635,0.026382519557593742,False,1
2016,ARKANSAS,AR,5,71,42.0,evan-mcmullin,"MCMULLIN, EVAN",Evan Mcmullin,OTHER,13255,1130635,0.011723500510774918,False,1
2016,ARKANSAS,AR,5,71,42.0,jill-stein,"STEIN, JILL",Jill Stein,OTHER,9473,1130635,0.008378477581182256,False,1
2016,ARKANSAS,AR,5,71,42.0,jim-hedges,"HEDGES, JIM",Jim Hedges,OTHER,4709,1130635,0.004164916175423545,False,1
2016,ARKANSAS,AR,5,71,42.0,darrell-l-castle,"CASTLE, DARRELL L.",Darrell L. Castle,OTHER,4613,1130635,0.004080008137020347,False,1
2016,ARKANSAS,AR,5,71,42.0,lynn-s-kahn,"KAHN, LYNN S.",Lynn S. Kahn,OTHER,3390,1130635,0.0029983151061129367,False,1
2016,ARIZONA,AZ,4,86,61.0,donald-trump,"TRUMP, DONALD J.",Donald Trump,REPUBLICAN,1252401,2573165,0.4867161647232105,False,1
2016,ARIZONA,AZ,4,86,61.0,hillary-clinton,"CLINTON, HILLARY",Hillary Clinton,DEMOCRAT,1161167,2573165,0.4512602184469321,False,1
2016,ARIZONA,AZ,4,86,61.0,gary-johnson,"JOHNSON, GARY",Gary Johnson,LIBERTARIAN,106327,2573165,0.041321485408048066,False,1
2016,ARIZONA,AZ,4,86,61.0,jill-stein,"STEIN, JILL",Jill Stein,OTHER,34345,2573165,0.013347375702685214,False,1
2016,ARIZONA,AZ,4,86,61.0,write-in-blank,,Write-in/blank,OTHER,17784,2573165,0.006911332930457238,True,2
2016,ARIZONA,AZ,4,86,61.0,darrell-l-castle,"CASTLE, DARRELL L.",Darrell L. Castle,OTHER,1058,2573165,0.0004111667926464102,True,1
2016,ARIZONA,AZ,4,86,61.0,write-in-blank,,Write-in/blank,DEMOCRAT,42,2573165,1.632231123927148e-05,True,1
2016,ARIZONA,AZ,4,86,61.0,roque-rocky-de-la-fuente,"DE LA FUENTE, ROQUE ""ROCKY""","Roque ""Rocky"" De La Fuente",OTHER,29,2573165,1.1270167284258879e-05,True,1
2016,ARIZONA,AZ,4,86,61.0,sheila-samm-tittle,"TITTLE, SHEILA ""SAMM""","Sheila ""Samm"" Tittle",OTHER,12,2573165,4.663517496934709e-06,True,1
2016,CALIFORNIA,CA,6,93,71.0,hillary-clinton,"CLINTON, HILLARY",Hillary Clinton,DEMOCRAT,8753788,14181595,0.6172639960455788,False,1
2016,CALIFORNIA,CA,6,93,71.0,donald-trump,"TRUMP, DONALD J.",Donald Trump,REPUBLICAN,4483810,14181595,0.3161710653843943,False,1
2016,CALIFORNIA,CA,6,93,71.0,gary-johnson,"JOHNSON, GARY",Gary Johnson,LIBERTARIAN,478500,14181595,0.03374091560222951,False,1
2016,CALIFORNIA,CA,6,93,71.0,jill-stein,"STEIN, JILL",Jill Stein,OTHER,278657,14181595,0.019649200248632117,False,1
2016,CALIFORNIA,CA,6,93,71.0,write-in-blank,,Write-in/blank,OTHER,120739,14181595,0.008513781418803738,True,1
2016,CALIFORNIA,CA,6,93,71.0,gloria-estella-la-riva,"LA RIVA, GLORIA ESTELLA",Gloria Estella La Riva,OTHER,66101,14181595,0.0046610413003614895,False,1
2016,COLORADO,CO,8,84,62.0,hillary-clinton,"CLINTON, HILLARY",Hillary Clinton,DEMOCRAT,1338870,2780220,0.48156980382847403,False,1
2016,COLORADO,CO,8,84,62.0,donald-trump,"TRUMP, DONALD J.",Donald Trump,REPUBLICAN,1202484,2780220,0.4325139737143104,False,1
2016,COLORADO,CO,8,84,62.0,gary-johnson,"JOHNSON, GARY",Gary Johnson,LIBERTARIAN,144121,2780220,0.05183798404442814,False,1
2016,COLORADO,CO,8,84,62.0,jill-stein,"STEIN, JILL",Jill Stein,OTHER,38437,2780220,0.013825164915006726,False,1
2016,COLORADO,CO,8,84,62.0,scattering,SCATTERING,Scattering,OTHER,31485,2780220,0.011324643373545978,False,1
2016,COLORADO,CO,8,84,62.0,darrell-l-castle,"CASTLE, DARRELL L.",Darrell L. Castle,OTHER,11699,2780220,0.004207940378818943,False,1
2016,COLORADO,CO,8,84,62.0,chris-keniston,"KENISTON, CHRIS",Chris Keniston,OTHER,5028,2780220,0.0018084899756134407,False,1
2016,COLORADO,CO,8,84,62.0,roque-rocky-de-la-fuente,"DE LA FUENTE, ROQUE ""ROCKY""","Roque ""Rocky"" De La Fuente",OTHER,1255,2780220,0.00045140312637129436,False,1
2016,COLORADO,CO,8,84,62.0,kyle-kenley-kopitke,"KOPITKE, KYLE KENLEY",Kyle Kenley Kopitke,OTHER,1096,2780220,0.00039421340757206266,False,1
2016,COLORADO,CO,8,84,62.0,joseph-allen-maldonado,"MALDONADO, JOSEPH ALLEN",Joseph Allen Maldonado,OTHER,872,2780220,0.00031364424398069217,False,1
2016,COLORADO,CO,8,84,62.0,michael-a-maturen,"MATUREN, MICHAEL A.",Michael A. Maturen,OTHER,862,2780220,0.00031004740632036313,False,1
2016,COLORADO,CO,8,84,62.0,rod-silva,"SILVA, ROD",Rod Silva,OTHER,751,2780220,0.0002701225082907108,False,1
2016,COLORADO,CO,8,84,62.0,tom-hoefling,"HOEFLING, TOM",Tom Hoefling,OTHER,710,2780220,0.00025537547388336176,False,1
2016,COLORADO,CO,8,84,62.0,gloria-estella-la-riva,"LA RIVA, GLORIA ESTELLA",Gloria Estella La Riva,OTHER,531,2780220,0.00019099207976347197,False,1
2016,COLORADO,CO,8,84,62.0,alyson-kennedy,"KENNEDY, ALYSON",Alyson Kennedy,OTHER,452,2780220,0.00016257706224687255,False,1
2016,COLORADO,CO,8,84,62.0,laurence-kotlikoff,"KOTLIKOFF, LAURENCE",Laurence Kotlikoff,OTHER,392,2780220,0.00014099603628489832,False,1
2016,COLORADO,CO,8,84,62.0,bradford-lyttle,"LYTTLE, BRADFORD",Bradford Lyttle,OTHER,382,2780220,0.00013739919862456928,False,1
2016,COLORADO,CO,8,84,62.0,frank-atwood,"ATWOOD, FRANK",Frank Atwood,OTHER,337,2780220,0.0001212134291530886,False,1
2016,COLORADO,CO,8,84,62.0,soltysik-emidio-mimi,"EMIDIO ""MIMI"", SOLTYSIK","Soltysik Emidio ""Mimi""",OTHER,271,2780220,9.747430059491695e-05,False,1
2016,COLORADO,CO,8,84,62.0,james-hedges,"HEDGES, JAMES",James Hedges,OTHER,185,2780220,6.654149671608722e-05,False,1
2016,CONNECTICUT,CT,9,16,1.0,hillary-clinton,"CLINTON, HILLARY",Hillary Clinton,DEMOCRAT,897572,1644920,0.5456630109670987,False,1
2016,CONNECTICUT,CT,9,16,1.0,donald-trump,"TRUMP, DONALD J.",Donald Trump,REPUBLICAN,673215,1644920,0.40926914378814777,False,1
2016,CONNECTICUT,CT,9,16,1.0,gary-johnson,"JOHNSON, GARY",Gary Johnson,LIBERTARIAN,48676,1644920,0.029591712666877417,False,1
2016,CONNECTICUT,CT,9,16,1.0,jill-stein,"STEIN, JILL",Jill Stein,OTHER,22841,1644920,0.013885781679352187,False,1
2016,CONNECTICUT,CT,9,16,1.0,write-in-blank,,Write-in/blank,OTHER,2616,1644920,0.0015903508985239403,True,1
2016,DISTRICT OF COLUMBIA,DC,11,53,55.0,hillary-clinton,"CLINTON, HILLARY",Hillary Clinton,DEMOCRAT,282830,312575,0.9048388386787171,False,1
2016,DISTRICT OF COLUMBIA,DC,11,53,55.0,donald-trump,"TRUMP, DONALD J.",Donald Trump,REPUBLICAN,12723,312575,0.04070383108054067,False,1
2016,DISTRICT OF COLUMBIA,DC,11,53,55.0,write-in-blank,,Write-in/blank,OTHER,6551,312575,0.020958170039190593,True,1
2016,DISTRICT OF COLUMBIA,DC,11,53,55.0,gary-johnson,"JOHNSON, GARY",Gary Johnson,LIBERTARIAN,4906,312575,0.015695433096056945,False,1
2016,DISTRICT OF COLUMBIA,DC,11,53,55.0,jill-stein,"STEIN, JILL",Jill Stein,OTHER,4258,312575,0.013622330640646245,False,1
2016,DISTRICT OF COLUMBIA,DC,11,53,55.0,blank-vote,BLANK VOTE,Blank Vote,OTHER,1064,312575,0.003403983044069423,False,1
2016,DISTRICT OF COLUMBIA,DC,11,53,55.0,over-vote,OVER VOTE,Over Vote,OTHER,243,312575,0.000777413420779013,False,1
2016,DELAWARE,DE,10,51,11.0,hillary-clinton,"CLINTON, HILLARY",Hillary Clinton,DEMOCRAT,235603,441590,0.5335333680563419,False,1
2016,DELAWARE,DE,10,51,11.0,donald-trump,"TRUMP, DONALD J.",Donald Trump,REPUBLICAN,185127,441590,0.41922824339319276,False,1
2016,DELAWARE,DE,10,51,11.0,gary-johnson,"JOHNSON, GARY",Gary Johnson,LIBERTARIAN,14757,441590,0.03341787631060486,False,1
2016,DELAWARE,DE,10,51,11.0,jill-stein,"STEIN, JILL",Jill Stein,OTHER,6103,441590,0.013820512239860505,False,1
2016,FLORIDA,FL,12,59,43.0,donald-trump,"TRUMP, DONALD J.",Donald Trump,REPUBLICAN,4617886,9420039,0.49021941416590736,False,1
2016,FLORIDA,FL,12,59,43.0,hillary-clinton,"CLINTON, HILLARY",Hillary Clinton,DEMOCRAT,4504975,9420039,0.4782331580580505,False,1
2016,FLORIDA,FL,12,59,43.0,gary-johnson,"JOHNSON, GARY",Gary Johnson,LIBERTARIAN,207043,9420039,0.02197899605298874,False,1
2016,FLORIDA,FL,12,59,43.0,jill-stein,"STEIN, JILL",Jill Stein,OTHER,64399,9420039,0.00683638358609768,False,1
2016,FLORIDA,FL,12,59,43.0,darrell-l-castle,"CASTLE, DARRELL L.",Darrell L. Castle,OTHER,16475,9420039,0.0017489311880768221,False,1
2016,FLORIDA,FL,12,59,43.0,roque-rocky-de-la-fuente,"DE LA FUENTE, ROQUE ""ROCKY""","Roque ""Rocky"" De La Fuente",OTHER,9108,9420039,0.0009668749779061424,False,1
2016,FLORIDA,FL,12,59,43.0,write-in-blank,,Write-in/blank,OTHER,153,9420039,1.6241970972731643e-05,True,1
2016,GEORGIA,GA,13,58,44.0,donald-trump,"TRUMP, DONALD J.",Donald Trump,REPUBLICAN,2089104,4114732,0.50771326054771,False,1
2016,GEORGIA,GA,13,58,44.0,hillary-clinton,"CLINTON, HILLARY",Hillary Clinton,DEMOCRAT,1877963,4114732,0.4563998335736082,False,1
2016,GEORGIA,GA,13,58,44.0,gary-johnson,"JOHNSON, GARY",Gary Johnson,LIBERTARIAN,125306,4114732,0.030453016138110574,False,1
2016,GEORGIA,GA,13,58,44.0,write-in-blank,,Write-in/blank,OTHER,22359,4114732,0.005433889740571196,True,1
2016,HAWAII,HI,15,95,82.0,hillary-clinton,"CLINTON, HILLARY",Hillary Clinton,DEMOCRAT,266891,437664,0.6098079805512905,False,1
2016,HAWAII,HI,15,95,82.0,donald-trump,"TRUMP, DONALD J.",Donald Trump,REPUBLICAN,128847,437664,0.29439707172625573,False,1
2016,HAWAII,HI,15,95,82.0,gary-johnson,"JOHNSON, GARY",Gary Johnson,LIBERTARIAN,15954,437664,0.036452621188857205,False,1
2016,HAWAII,HI,15,95,82.0,jill-stein,"STEIN, JILL",Jill Stein,OTHER,12737,437664,0.029102233676975946,False,1
2016,HAWAII,HI,15,95,82.0,blank-vote,BLANK VOTE,Blank Vote,OTHER,8289,437664,0.018939186225049354,False,1
2016,HAWAII,HI,15,95,82.0,darrell-l-castle,"CASTLE, DARRELL L.",Darrell L. Castle,OTHER,4508,437664,0.01030013891935366,False,1
2016,HAWAII,HI,15,95,82.0,over-vote,OVER VOTE,Over Vote,OTHER,438,437664,0.0010007677122175916,False,1
2016,IOWA,IA,19,42,31.0,donald-trump,"TRUMP, DONALD J.",Donald Trump,REPUBLICAN,800983,1565580,0.5116206134467737,False,1
2016,IOWA,IA,19,42,31.0,hillary-clinton,"CLINTON, HILLARY",Hillary Clinton,DEMOCRAT,653669,1565580,0.41752513445496237,False,1
2016,IOWA,IA,19,42,31.0,gary-johnson,"JOHNSON, GARY",Gary Johnson,LIBERTARIAN,59186,1565580,0.03780451973070683,False,1
2016,IOWA,IA,19,42,31.0,write-in-blank,,Write-in/blank,OTHER,17746,1565580,0.011335096258255727,True,1
2016,IOWA,IA,19,42,31.0,evan-mcmullin,"MCMULLIN, EVAN",Evan Mcmullin,OTHER,12366,1565580,0.007898670141417239,False,1
2016,IOWA,IA,19,42,31.0,jill-stein,"STEIN, JILL",Jill Stein,OTHER,11479,1565580,0.007332106950778625,False,1
2016,IOWA,IA,19,42,31.0,darrell-l-castle,"CASTLE, DARRELL L.",Darrell L. Castle,OTHER,5335,1565580,0.0034076827757125155,False,1
2016,IOWA,IA,19,42,31.0,lynn-s-kahn,"KAHN, LYNN S.",Lynn S. Kahn,OTHER,2247,1565580,0.0014352508335568927,False,1
2016,IOWA,IA,19,42,31.0,dan-vacek,"VACEK, DAN",Dan Vacek,OTHER,2246,1565580,0.001434612092642982,False,1
2016,IOWA,IA,19,42,31.0,gloria-estella-la-riva,"LA RIVA, GLORIA ESTELLA",Gloria Estella La Riva,OTHER,323,1565580,0.00020631331519309137,False,1
2016,IDAHO,ID,16,82,63.0,donald-trump,"TRUMP, DONALD J.",Donald Trump,REPUBLICAN,409055,690255,0.5926143236919689,False,1
2016,IDAHO,ID,16,82,63.0,hillary-clinton,"CLINTON, HILLARY",Hillary Clinton,DEMOCRAT,189765,690255,0.27492013820979205,False,1
2016,IDAHO,ID,16,82,63.0,evan-mcmullin,"MCMULLIN, EVAN",Evan Mcmullin,OTHER,60748,690255,0.08800805499416882,False,1
2016,IDAHO,ID,16,82,63.0,gary-johnson,"JOHNSON, GARY",Gary Johnson,LIBERTARIAN,28331,690255,0.04104425176202998,False,1
2016,IDAHO,ID,16,82,63.0,darrell-l-castle,"CASTLE, DARRELL L.",Darrell L. Castle,OTHER,2356,690255,0.0034132313420402603,False,1
2016,ILLINOIS,IL,17,33,21.0,hillary-clinton,"CLINTON, HILLARY",Hillary Clinton,DEMOCRAT,3090729,5536424,0.558253666987933,False,1
2016,ILLINOIS,IL,17,33,21.0,donald-trump,"TRUMP, DONALD J.",Donald Trump,REPUBLICAN,2146015,5536424,0.3876175307382527,False,1
2016,ILLINOIS,IL,17,33,21.0,gary-johnson,"JOHNSON, GARY",Gary Johnson,LIBERTARIAN,209596,5536424,0.03785764963088087,False,1
2016,ILLINOIS,IL,17,33,21.0,jill-stein,"STEIN, JILL",Jill Stein,OTHER,76802,5536424,0.013872131180704367,False,1
2016,ILLINOIS,IL,17,33,21.0,write-in-blank,,Write-in/blank,OTHER,13282,5536424,0.0023990214622290488,True,1
2016,INDIANA,IN,18,32,22.0,donald-trump,"TRUMP, DONALD J.",Donald Trump,REPUBLICAN,1557286,2734958,0.5694003344841128,False,1
2016,INDIANA,IN,18,32,22.0,hillary-clinton,"CLINTON, HILLARY",Hillary Clinton,DEMOCRAT,1033126,2734958,0.37774839686752043,False,1
2016,INDIANA,IN,18,32,22.0,gary-johnson,"JOHNSON, GARY",Gary Johnson,LIBERTARIAN,133993,2734958,0.04899270848034961,False,1
2016,INDIANA,IN,18,32,22.0,write-in-blank,,Write-in/blank,OTHER,8559,2734958,0.0031294813302434627,True,2
2016,INDIANA,IN,18,32,22.0,darrell-l-castle,"CASTLE, DARRELL L.",Darrell L. Castle,OTHER,1937,2734958,0.0007082375670851253,True,1
2016,INDIANA,IN,18,32,22.0,soltysik-emidio-mimi,"EMIDIO ""MIMI"", SOLTYSIK","Soltysik Emidio ""Mimi""",OTHER,57,2734958,2.0841270688617523e-05,True,1
2016,KANSAS,KS,20,47,32.0,donald-trump,"TRUMP, DONALD J.",Donald Trump,REPUBLICAN,671018,1184402,0.5665458180583958,False,1
2016,KANSAS,KS,20,47,32.0,hillary-clinton,"CLINTON, HILLARY",Hillary Clinton,DEMOCRAT,427005,1184402,0.36052370732234496,False,1
2016,KANSAS,KS,20,47,32.0,gary-johnson,"JOHNSON, GARY",Gary Johnson,LIBERTARIAN,55406,1184402,0.04677972512711056,False,1
2016,KANSAS,KS,20,47,32.0,jill-stein,"STEIN, JILL",Jill Stein,OTHER,23506,1184402,0.019846302184562337,False,1
2016,KANSAS,KS,20,47,32.0,write-in-blank,,Write-in/blank,OTHER,7467,1184402,0.0063044473075864445,True,1
2016,KENTUCKY,KY,21,61,51.0,donald-trump,"TRUMP, DONALD J.",Donald Trump,REPUBLICAN,1202971,1924149,0.6251963855190009,False,1
2016,KENTUCKY,KY,21,61,51.0,hillary-clinton,"CLINTON, HILLARY",Hillary Clinton,DEMOCRAT,628854,1924149,0.3268218833364776,False,1
2016,KENTUCKY,KY,21,61,51.0,gary-johnson,"JOHNSON, GARY",Gary Johnson,LIBERTARIAN,53752,1924149,0.027935466536115446,False,1
2016,KENTUCKY,KY,21,61,51.0,evan-mcmullin,"MCMULLIN, EVAN",Evan Mcmullin,OTHER,22780,1924149,0.011838999994283186,False,1
2016,KENTUCKY,KY,21,61,51.0,jill-stein,"STEIN, JILL",Jill Stein,OTHER,13913,1924149,0.007230729013189727,False,1
2016,KENTUCKY,KY,21,61,51.0,roque-rocky-de-la-fuente,"DE LA FUENTE, ROQUE ""ROCKY""","Roque ""Rocky"" De La Fuente",OTHER,1128,1924149,0.0005862331867230656,False,1
2016,KENTUCKY,KY,21,61,51.0,write-in-blank,,Write-in/blank,OTHER,751,1924149,0.00039030241421012614,True,1
2016,LOUISIANA,LA,22,72,45.0,donald-trump,"TRUMP, DONALD J.",Donald Trump,REPUBLICAN,1178638,2029032,0.580886846535688,False,1
2016,LOUISIANA,LA,22,72,45.0,hillary-clinton,"CLINTON, HILLARY",Hillary Clinton,DEMOCRAT,780154,2029032,0.3844956609851397,False,1
2016,LOUISIANA,LA,22,72,45.0,gary-johnson,"JOHNSON, GARY",Gary Johnson,LIBERTARIAN,37978,2029032,0.018717299677875953,False,1
2016,LOUISIANA,LA,22,72,45.0,other,OTHER,Other,OTHER,18231,2029032,0.008985072684905906,False,1
2016,LOUISIANA,LA,22,72,45.0,jill-stein,"STEIN, JILL",Jill Stein,OTHER,14031,2029032,0.006915120116390476,False,1
2016,MASSACHUSETTS,MA,25,14,3.0,hillary-clinton,"CLINTON, HILLARY",Hillary Clinton,DEMOCRAT,1995196,3378821,0.5905006509667129,False,1
2016,MASSACHUSETTS,MA,25,14,3.0,donald-trump,"TRUMP, DONALD J.",Donald Trump,REPUBLICAN,1090893,3378821,0.3228620279085515,False,1
2016,MASSACHUSETTS,MA,25,14,3.0,gary-johnson,"JOHNSON, GARY",Gary Johnson,LIBERTARIAN,138018,3378821,0.040847976261542115,False,1
2016,MASSACHUSETTS,MA,25,14,3.0,blank-vote,BLANK VOTE,Blank Vote,OTHER,53775,3378821,0.015915314839111037,False,1
2016,MASSACHUSETTS,MA,25,14,3.0,other,OTHER,Other,OTHER,50488,3378821,0.01494249029469155,False,1
2016,MASSACHUSETTS,MA,25,14,3.0,jill-stein,"STEIN, JILL",Jill Stein,OTHER,47661,3378821,0.014105807913470408,False,1
2016,MASSACHUSETTS,MA,25,14,3.0,write-in-blank,,Write-in/blank,OTHER,2790,3378821,0.0008257318159204054,True,1
2016,MARYLAND,MD,24,52,52.0,hillary-clinton,"CLINTON, HILLARY",Hillary Clinton,DEMOCRAT,1678006,2781446,0.6032854853195064,True,2
2016,MARYLAND,MD,24,52,52.0,donald-trump,"TRUMP, DONALD J.",Donald Trump,REPUBLICAN,943428,2781446,0.3391861643188471,True,2
2016,MARYLAND,MD,24,52,52.0,gary-johnson,"JOHNSON, GARY",Gary Johnson,LIBERTARIAN,79605,2781446,0.02862000556545049,False,1
2016,MARYLAND,MD,24,52,52.0,jill-stein,"STEIN, JILL",Jill Stein,OTHER,35945,2781446,0.01292313422586669,False,1
2016,MARYLAND,MD,24,52,52.0,write-in-blank,,Write-in/blank,OTHER,33541,2781446,0.012058835584081086,True,2
2016,MARYLAND,MD,24,52,52.0,other,OTHER,Other,OTHER,10921,2781446,0.00392637498624816,True,1
2016,MAINE,ME,23,11,2.0,hillary-clinton,"CLINTON, HILLARY",Hillary Clinton,DEMOCRAT,357735,771892,0.4634521409730895,False,1
2016,MAINE,ME,23,11,2.0,donald-trump,"TRUMP, DONALD J.",Donald Trump,REPUBLICAN,335593,771892,0.43476678084498865,False,1
2016,MAINE,ME,23,11,2.0,gary-johnson,"JOHNSON, GARY",Gary Johnson,LIBERTARIAN,38105,771892,0.049365714374549806,False,1
2016,MAINE,ME,23,11,2.0,blank-vote,BLANK VOTE,Blank Vote,OTHER,23965,771892,0.031047089489203154,False,1
2016,MAINE,ME,23,11,2.0,jill-stein,"STEIN, JILL",Jill Stein,OTHER,14251,771892,0.01846242738621465,False,1
2016,MAINE,ME,23,11,2.0,write-in-blank,,Write-in/blank,OTHER,2243,771892,0.0029058469319542114,False,1
2016,MICHIGAN,MI,26,34,23.0,donald-trump,"TRUMP, DONALD J.",Donald Trump,REPUBLICAN,2279543,4799284,0.47497564219996147,False,1
2016,MICHIGAN,MI,26,34,23.0,hillary-clinton,"CLINTON, HILLARY",Hillary Clinton,DEMOCRAT,2268839,4799284,0.4727453095086684,False,1
2016,MICHIGAN,MI,26,34,23.0,gary-johnson,"JOHNSON, GARY",Gary Johnson,LIBERTARIAN,172136,4799284,0.03586701683001048,False,1
2016,MICHIGAN,MI,26,34,23.0,jill-stein,"STEIN, JILL",Jill Stein,OTHER,51463,4799284,0.010723057856130206,False,1
2016,MICHIGAN,MI,26,34,23.0,darrell-l-castle,"CASTLE, DARRELL L.",Darrell L. Castle,OTHER,16139,4799284,0.00336279328333143,False,1
2016,MICHIGAN,MI,26,34,23.0,write-in-blank,,Write-in/blank,OTHER,8955,4799284,0.0018659033305801448,True,1
2016,MICHIGAN,MI,26,34,23.0,soltysik-emidio-mimi,"EMIDIO ""MIMI"", SOLTYSIK","Soltysik Emidio ""Mimi""",OTHER,2209,4799284,0.00046027699131787156,False,1
2016,MINNESOTA,MN,27,41,33.0,hillary-clinton,"CLINTON, HILLARY",Hillary Clinton,DEMOCRAT,1367705,2944782,0.4644503396176695,False,1
2016,MINNESOTA,MN,27,41,33.0,donald-trump,"TRUMP, DONALD J.",Donald Trump,REPUBLICAN,1322949,2944782,0.4492519310427733,False,1
2016,MINNESOTA,MN,27,41,33.0,gary-johnson,"JOHNSON, GARY",Gary Johnson,LIBERTARIAN,112972,2944782,0.038363451012672585,False,1
2016,MINNESOTA,MN,27,41,33.0,evan-mcmullin,"MCMULLIN, EVAN",Evan Mcmullin,OTHER,53075,2944782,0.01802340546770525,False,1
2016,MINNESOTA,MN,27,41,33.0,jill-stein,"STEIN, JILL",Jill Stein,OTHER,36986,2944782,0.012559843139492158,False,1
2016,MINNESOTA,MN,27,41,33.0,write-in-blank,,Write-in/blank,OTHER,27247,2944782,0.009252637376892416,True,1
2016,MINNESOTA,MN,27,41,33.0,dan-vacek,"VACEK, DAN",Dan Vacek,OTHER,11291,2944782,0.0038342396822583133,False,1
2016,MINNESOTA,MN,27,41,33.0,darrell-l-castle,"CASTLE, DARRELL L.",Darrell L. Castle,OTHER,9456,2944782,0.003211103572352724,False,1
2016,MINNESOTA,MN,27,41,33.0,alyson-kennedy,"KENNEDY, ALYSON",Alyson Kennedy,OTHER,1671,2944782,0.0005674443812818742,False,1
2016,MINNESOTA,MN,27,41,33.0,roque-rocky-de-la-fuente,"DE LA FUENTE, ROQUE ""ROCKY""","Roque ""Rocky"" De La Fuente",OTHER,1430,2944782,0.0004856047069019031,False,1
2016,MISSOURI,MO,29,43,34.0,donald-trump,"TRUMP, DONALD J.",Donald Trump,REPUBLICAN,1594511,2808605,0.5677234783816165,False,1
2016,MISSOURI,MO,29,43,34.0,hillary-clinton,"CLINTON, HILLARY",Hillary Clinton,DEMOCRAT,1071068,2808605,0.3813523083523671,False,1
2016,MISSOURI,MO,29,43,34.0,gary-johnson,"JOHNSON, GARY",Gary Johnson,LIBERTARIAN,97359,2808605,0.03466453986943696,False,1
2016,MISSOURI,MO,29,43,34.0,jill-stein,"STEIN, JILL",Jill Stein,OTHER,25419,2808605,0.009050400465711626,False,1
2016,MISSOURI,MO,29,43,34.0,darrell-l-castle,"CASTLE, DARRELL L.",Darrell L. Castle,OTHER,13092,2808605,0.004661388838943176,False,1
2016,MISSOURI,MO,29,43,34.0,write-in-blank,,Write-in/blank,OTHER,7156,2808605,0.0025478840919246387,True,1
2016,MISSISSIPPI,MS,28,64,46.0,donald-trump,"TRUMP, DONALD J.",Donald Trump,REPUBLICAN,700714,1209357,0.5794103808883564,False,1
2016,MISSISSIPPI,MS,28,64,46.0,hillary-clinton,"CLINTON, HILLARY",Hillary Clinton,DEMOCRAT,485131,1209357,0.40114788271784096,False,1
2016,MISSISSIPPI,MS,28,64,46.0,gary-johnson,"JOHNSON, GARY",Gary Johnson,LIBERTARIAN,14435,1209357,0.011936094966167972,False,1
2016,MISSISSIPPI,MS,28,64,46.0,darrell-l-castle,"CASTLE, DARRELL L.",Darrell L. Castle,OTHER,3987,1209357,0.003296793254597278,False,1
2016,MISSISSIPPI,MS,28,64,46.0,jill-stein,"STEIN, JILL",Jill Stein,OTHER,3731,1209357,0.0030851105174071842,False,1
2016,MISSISSIPPI,MS,28,64,46.0,james-hedges,"HEDGES, JAMES",James Hedges,OTHER,715,1209357,0.0005912232698863941,False,1
2016,MISSISSIPPI,MS,28,64,46.0,roque-rocky-de-la-fuente,"DE LA FUENTE, ROQUE ""ROCKY""","Roque ""Rocky"" De La Fuente",OTHER,644,1209357,0.0005325143857438291,False,1
2016,MONTANA,MT,30,81,64.0,donald-trump,"TRUMP, DONALD J.",Donald Trump,REPUBLICAN,279240,494526,0.5646619186857719,False,1
2016,MONTANA,MT,30,81,64.0,hillary-clinton,"CLINTON, HILLARY",Hillary Clinton,DEMOCRAT,177709,494526,0.35935218775150346,False,1
2016,MONTANA,MT,30,81,64.0,gary-johnson,"JOHNSON, GARY",Gary Johnson,LIBERTARIAN,28037,494526,0.05669469350448712,False,1
2016,MONTANA,MT,30,81,64.0,jill-stein,"STEIN, JILL",Jill Stein,OTHER,7970,494526,0.01611644281594901,False,1
2016,MONTANA,MT,30,81,64.0,roque-rocky-de-la-fuente,"DE LA FUENTE, ROQUE ""ROCKY""","Roque ""Rocky"" De La Fuente",OTHER,1570,494526,0.0031747572422885753,False,1
2016,NORTH CAROLINA,NC,37,56,47.0,donald-trump,"TRUMP, DONALD J.",Donald Trump,REPUBLICAN,2362631,4741564,0.49828094696180414,False,1
2016,NORTH CAROLINA,NC,37,56,47.0,hillary-clinton,"CLINTON, HILLARY",Hillary Clinton,DEMOCRAT,2189316,4741564,0.46172866168209475,False,1
2016,NORTH CAROLINA,NC,37,56,47.0,gary-johnson,"JOHNSON, GARY",Gary Johnson,LIBERTARIAN,130126,4741564,0.02744368735716738,False,1
2016,NORTH CAROLINA,NC,37,56,47.0,scattering,SCATTERING,Scattering,OTHER,47386,4741564,0.009993748898042925,True,1
2016,NORTH CAROLINA,NC,37,56,47.0,write-in-blank,,Write-in/blank,OTHER,12105,4741564,0.002552955100890761,True,1
2016,NORTH DAKOTA,ND,38,44,36.0,donald-trump,"TRUMP, DONALD J.",Donald Trump,REPUBLICAN,216794,344360,0.629556278313393,False,1
2016,NORTH DAKOTA,ND,38,44,36.0,hillary-clinton,"CLINTON, HILLARY",Hillary Clinton,DEMOCRAT,93758,344360,0.27226739458706006,False,1
2016,NORTH DAKOTA,ND,38,44,36.0,gary-johnson,"JOHNSON, GARY",Gary Johnson,LIBERTARIAN,21434,344360,0.06224300151004762,False,1
2016,NORTH DAKOTA,ND,38,44,36.0,write-in-blank,,Write-in/blank,OTHER,6397,344360,0.018576489720060402,True,1
2016,NORTH DAKOTA,ND,38,44,36.0,jill-stein,"STEIN, JILL",Jill Stein,OTHER,3780,344360,0.010976884655592984,False,1
2016,NORTH DAKOTA,ND,38,44,36.0,darrell-l-castle,"CASTLE, DARRELL L.",Darrell L. Castle,OTHER,1833,344360,0.005322917876640725,False,1
2016,NORTH DAKOTA,ND,38,44,36.0,roque-rocky-de-la-fuente,"DE LA FUENTE, ROQUE ""ROCKY""","Roque ""Rocky"" De La Fuente",OTHER,364,344360,0.0010570333372052502,False,1
2016,NEBRASKA,NE,31,46,35.0,donald-trump,"TRUMP, DONALD J.",Donald Trump,REPUBLICAN,495961,844227,0.5874735112712576,False,1
2016,NEBRASKA,NE,31,46,35.0,hillary-clinton,"CLINTON, HILLARY",Hillary Clinton,DEMOCRAT,284494,844227,0.33698756377135536,False,1
2016,NEBRASKA,NE,31,46,35.0,gary-johnson,"JOHNSON, GARY",Gary Johnson,LIBERTARIAN,38946,844227,0.04613214218450725,False,1
2016,NEBRASKA,NE,31,46,35.0,write-in-blank,,Write-in/blank,OTHER,16051,844227,0.01901265891756601,True,1
2016,NEBRASKA,NE,31,46,35.0,jill-stein,"STEIN, JILL",Jill Stein,OTHER,8775,844227,0.010394123855313795,False,1
2016,NEW HAMPSHIRE,NH,33,12,4.0,hillary-clinton,"CLINTON, HILLARY",Hillary Clinton,DEMOCRAT,348526,744296,0.46826262669690555,False,1
2016,NEW HAMPSHIRE,NH,33,12,4.0,donald-trump,"TRUMP, DONALD J.",Donald Trump,REPUBLICAN,345790,744296,0.46458666981953417,False,1
2016,NEW HAMPSHIRE,NH,33,12,4.0,gary-johnson,"JOHNSON, GARY",Gary Johnson,LIBERTARIAN,30777,744296,0.04135048421595709,False,1
2016,NEW HAMPSHIRE,NH,33,12,4.0,write-in-blank,,Write-in/blank,OTHER,9618,744296,0.012922278233391017,True,1
2016,NEW HAMPSHIRE,NH,33,12,4.0,jill-stein,"STEIN, JILL",Jill Stein,OTHER,6496,744296,0.008727710480776465,False,1
2016,NEW HAMPSHIRE,NH,33,12,4.0,scattering,SCATTERING,Scattering,OTHER,2411,744296,0.003239302643034492,True,1
2016,NEW HAMPSHIRE,NH,33,12,4.0,roque-rocky-de-la-fuente,"DE LA FUENTE, ROQUE ""ROCKY""","Roque ""Rocky"" De La Fuente",OTHER,678,744296,0.0009109279104012382,False,1
2016,NEW JERSEY,NJ,34,22,12.0,hillary-clinton,"CLINTON, HILLARY",Hillary Clinton,DEMOCRAT,2148278,3874046,0.554530844496942,False,1
2016,NEW JERSEY,NJ,34,22,12.0,donald-trump,"TRUMP, DONALD J.",Donald Trump,REPUBLICAN,1601933,3874046,0.4135038665002945,False,1
2016,NEW JERSEY,NJ,34,22,12.0,gary-johnson,"JOHNSON, GARY",Gary Johnson,LIBERTARIAN,72477,3874046,0.01870834781001568,False,1
2016,NEW JERSEY,NJ,34,22,12.0,jill-stein,"STEIN, JILL",Jill Stein,OTHER,37772,3874046,0.009750013293595377,False,1
2016,NEW JERSEY,NJ,34,22,12.0,darrell-l-castle,"CASTLE, DARRELL L.",Darrell L. Castle,OTHER,6161,3874046,0.0015903270121211776,False,1
2016,NEW JERSEY,NJ,34,22,12.0,alyson-kennedy,"KENNEDY, ALYSON",Alyson Kennedy,OTHER,2156,3874046,0.0005565241094194545,False,1
2016,NEW JERSEY,NJ,34,22,12.0,roque-rocky-de-la-fuente,"DE LA FUENTE, ROQUE ""ROCKY""","Roque ""Rocky"" De La Fuente",OTHER,1838,3874046,0.0004744393845607409,False,1
2016,NEW JERSEY,NJ,34,22,12.0,monica-moorehead,"MOOREHEAD, MONICA",Monica Moorehead,OTHER,1749,3874046,0.00045146598672292485,False,1
2016,NEW JERSEY,NJ,34,22,12.0,gloria-estella-la-riva,"LA RIVA, GLORIA ESTELLA",Gloria Estella La Riva,OTHER,1682,3874046,0.0004341714063281644,False,1
2016,NEW MEXICO,NM,35,85,66.0,hillary-clinton,"CLINTON, HILLARY",Hillary Clinton,DEMOCRAT,385234,798319,0.48255647178634103,False,1
2016,NEW MEXICO,NM,35,85,66.0,donald-trump,"TRUMP, DONALD J.",Donald Trump,REPUBLICAN,319667,798319,0.40042514333242724,False,1
2016,NEW MEXICO,NM,35,85,66.0,gary-johnson,"JOHNSON, GARY",Gary Johnson,LIBERTARIAN,74541,798319,0.09337244885816322,False,1
2016,NEW MEXICO,NM,35,85,66.0,jill-stein,"STEIN, JILL",Jill Stein,OTHER,9879,798319,0.012374752448582584,False,1
2016,NEW MEXICO,NM,35,85,66.0,evan-mcmullin,"MCMULLIN, EVAN",Evan Mcmullin,OTHER,5825,798319,0.007296581942807324,False,1
2016,NEW MEXICO,NM,35,85,66.0,darrell-l-castle,"CASTLE, DARRELL L.",Darrell L. Castle,OTHER,1514,798319,0.0018964849890833113,False,1
2016,NEW MEXICO,NM,35,85,66.0,gloria-estella-la-riva,"LA RIVA, GLORIA ESTELLA",Gloria Estella La Riva,OTHER,1184,798319,0.001483116398331995,False,1
2016,NEW MEXICO,NM,35,85,66.0,roque-rocky-de-la-fuente,"DE LA FUENTE, ROQUE ""ROCKY""","Roque ""Rocky"" De La Fuente",OTHER,475,798319,0.0005950002442632582,False,1
2016,NEVADA,NV,32,88,65.0,hillary-clinton,"CLINTON, HILLARY",Hillary Clinton,DEMOCRAT,539260,1125385,0.4791782367811904,False,1
2016,NEVADA,NV,32,88,65.0,donald-trump,"TRUMP, DONALD J.",Donald Trump,REPUBLICAN,512058,1125385,0.4550069531760242,False,1
2016,NEVADA,NV,32,88,65.0,gary-johnson,"JOHNSON, GARY",Gary Johnson,LIBERTARIAN,37384,1125385,0.03321885399218934,False,1
2016,NEVADA,NV,32,88,65.0,none-of-the-above,NONE OF THE ABOVE,None Of The Above,OTHER,28863,1125385,0.025647222950368097,False,1
2016,NEVADA,NV,32,88,65.0,kyle-kenley-kopitke,"KOPITKE, KYLE KENLEY",Kyle Kenley Kopitke,OTHER,5268,1125385,0.0046810647023018785,False,1
2016,NEVADA,NV,32,88,65.0,roque-rocky-de-la-fuente,"DE LA FUENTE, ROQUE ""ROCKY""","Roque ""Rocky"" De La Fuente",OTHER,2552,1125385,0.0022676683979260433,False,1
2016,NEW YORK,NY,36,21,13.0,hillary-clinton,"CLINTON, HILLARY",Hillary Clinton,DEMOCRAT,4379789,7802084,0.5613614259984896,False,1
2016,NEW YORK,NY,36,21,13.0,donald-trump,"TRUMP, DONALD J.",Donald Trump,REPUBLICAN,2527142,7802084,0.32390602305742927,False,1
2016,NEW YORK,NY,36,21,13.0,donald-trump,"TRUMP, DONALD J.",Donald Trump,OTHER,292392,7802084,0.037476140990022666,False,1
2016,NEW YORK,NY,36,21,13.0,hillary-clinton,"CLINTON, HILLARY",Hillary Clinton,OTHER,176335,7802084,0.022601012755053648,False,2
2016,NEW YORK,NY,36,21,13.0,gary-johnson,"JOHNSON, GARY",Gary Johnson,OTHER,119156,7802084,0.01527232980316541,False,1
2016,NEW YORK,NY,36,21,13.0,jill-stein,"STEIN, JILL",Jill Stein,OTHER,107934,7802084,0.013833996147695923,False,1
2016,NEW YORK,NY,36,21,13.0,blank-vote,BLANK VOTE,Blank Vote,OTHER,77179,7802084,0.009892100623371909,False,1
2016,NEW YORK,NY,36,21,13.0,gary-johnson,"JOHNSON, GARY",Gary Johnson,LIBERTARIAN,57442,7802084,0.007362391894268249,False,1
2016,NEW YORK,NY,36,21,13.0,scattering,SCATTERING,Scattering,OTHER,48447,7802084,0.006209494796518469,False,1
2016,NEW YORK,NY,36,21,13.0,write-in-blank,,Write-in/blank,OTHER,12816,7802084,0.001642638043886736,True,1
2016,NEW YORK,NY,36,21,13.0,void-vote,VOID VOTE,Void Vote,OTHER,3452,7802084,0.0004424458900980815,False,1
2016,OHIO,OH,39,31,24.0,donald-trump,"TRUMP, DONALD J.",Donald Trump,REPUBLICAN,2841005,5496487,0.5168765067578619,False,1
2016,OHIO,OH,39,31,24.0,hillary-clinton,"CLINTON, HILLARY",Hillary Clinton,DEMOCRAT,2394164,5496487,0.4355807627672002,False,1
2016,OHIO,OH,39,31,24.0,write-in-blank,,Write-in/blank,OTHER,215047,5496487,0.03912444439512001,True,2
2016,OHIO,OH,39,31,24.0,jill-stein,"STEIN, JILL",Jill Stein,OTHER,46271,5496487,0.00841828607981789,False,1
2016,OKLAHOMA,OK,40,73,53.0,donald-trump,"TRUMP, DONALD J.",Donald Trump,REPUBLICAN,949136,1452992,0.6532286481962736,False,1
2016,OKLAHOMA,OK,40,73,53.0,hillary-clinton,"CLINTON, HILLARY",Hillary Clinton,DEMOCRAT,420375,1452992,0.2893168028454389,False,1
2016,OKLAHOMA,OK,40,73,53.0,gary-johnson,"JOHNSON, GARY",Gary Johnson,LIBERTARIAN,83481,1452992,0.05745454895828745,False,1
2016,OREGON,OR,41,92,72.0,hillary-clinton,"CLINTON, HILLARY",Hillary Clinton,DEMOCRAT,1002106,2001336,0.5007185200286208,False,1
2016,OREGON,OR,41,92,72.0,donald-trump,"TRUMP, DONALD J.",Donald Trump,REPUBLICAN,782403,2001336,0.39094035184496756,False,1
2016,OREGON,OR,41,92,72.0,gary-johnson,"JOHNSON, GARY",Gary Johnson,LIBERTARIAN,94231,2001336,0.04708404785603217,False,1
2016,OREGON,OR,41,92,72.0,other,OTHER,Other,OTHER,72594,2001336,0.036272769789780425,False,1
2016,OREGON,OR,41,92,72.0,jill-stein,"STEIN, JILL",Jill Stein,OTHER,50002,2001336,0.02498431048059896,False,1
2016,PENNSYLVANIA,PA,42,23,14.0,donald-trump,"TRUMP, DONALD J.",Donald Trump,REPUBLICAN,2970733,6115402,0.4857788580374602,False,1
2016,PENNSYLVANIA,PA,42,23,14.0,hillary-clinton,"CLINTON, HILLARY",Hillary Clinton,DEMOCRAT,2926441,6115402,0.4785361616456285,False,1
2016,PENNSYLVANIA,PA,42,23,14.0,gary-johnson,"JOHNSON, GARY",Gary Johnson,LIBERTARIAN,146715,6115402,0.023991063874459928,False,1
2016,PENNSYLVANIA,PA,42,23,14.0,jill-stein,"STEIN, JILL",Jill Stein,OTHER,49941,6115402,0.008166429614929648,False,1
2016,PENNSYLVANIA,PA,42,23,14.0,darrell-l-castle,"CASTLE, DARRELL L.",Darrell L. Castle,OTHER,21572,6115402,0.003527486827521723,False,1
2016,RHODE ISLAND,RI,44,15,5.0,hillary-clinton,"CLINTON, HILLARY",Hillary Clinton,DEMOCRAT,252525,464144,0.5440660657037472,False,1
2016,RHODE ISLAND,RI,44,15,5.0,donald-trump,"TRUMP, DONALD J.",Donald Trump,REPUBLICAN,180543,464144,0.3889805749939674,False,1
2016,RHODE ISLAND,RI,44,15,5.0,gary-johnson,"JOHNSON, GARY",Gary Johnson,LIBERTARIAN,14746,464144,0.031770312661587786,False,1
2016,RHODE ISLAND,RI,44,15,5.0,write-in-blank,,Write-in/blank,OTHER,9439,464144,0.0203363611293047,True,1
2016,RHODE ISLAND,RI,44,15,5.0,jill-stein,"STEIN, JILL",Jill Stein,OTHER,6220,464144,0.013401013478575615,False,1
2016,RHODE ISLAND,RI,44,15,5.0,roque-rocky-de-la-fuente,"DE LA FUENTE, ROQUE ""ROCKY""","Roque ""Rocky"" De La Fuente",OTHER,671,464144,0.0014456720328174014,False,1
2016,SOUTH CAROLINA,SC,45,57,48.0,donald-trump,"TRUMP, DONALD J.",Donald Trump,REPUBLICAN,1155389,2103027,0.5493933268569543,False,1
2016,SOUTH CAROLINA,SC,45,57,48.0,hillary-clinton,"CLINTON, HILLARY",Hillary Clinton,DEMOCRAT,855373,2103027,0.4067341978966509,False,1
2016,SOUTH CAROLINA,SC,45,57,48.0,gary-johnson,"JOHNSON, GARY",Gary Johnson,LIBERTARIAN,49204,2103027,0.023396751444465524,False,1
2016,SOUTH CAROLINA,SC,45,57,48.0,evan-mcmullin,"MCMULLIN, EVAN",Evan Mcmullin,OTHER,21016,2103027,0.009993214542656847,False,1
2016,SOUTH CAROLINA,SC,45,57,48.0,jill-stein,"STEIN, JILL",Jill Stein,OTHER,13034,2103027,0.006197733077131202,False,1
2016,SOUTH CAROLINA,SC,45,57,48.0,darrell-l-castle,"CASTLE, DARRELL L.",Darrell L. Castle,OTHER,5765,2103027,0.002741286726228432,False,1
2016,SOUTH CAROLINA,SC,45,57,48.0,peter-skewes,"SKEWES, PETER",Peter Skewes,OTHER,3246,2103027,0.0015434894559128343,False,1
2016,SOUTH DAKOTA,SD,46,45,37.0,donald-trump,"TRUMP, DONALD J.",Donald Trump,REPUBLICAN,227721,370093,0.615307503789588,False,1
2016,SOUTH DAKOTA,SD,46,45,37.0,hillary-clinton,"CLINTON, HILLARY",Hillary Clinton,DEMOCRAT,117458,370093,0.3173742815994899,False,1
2016,SOUTH DAKOTA,SD,46,45,37.0,gary-johnson,"JOHNSON, GARY",Gary Johnson,LIBERTARIAN,20850,370093,0.0563371909222817,False,1
2016,SOUTH DAKOTA,SD,46,45,37.0,darrell-l-castle,"CASTLE, DARRELL L.",Darrell L. Castle,OTHER,4064,370093,0.010981023688640424,False,1
2016,TENNESSEE,TN,47,62,54.0,donald-trump,"TRUMP, DONALD J.",Donald Trump,REPUBLICAN,1522925,2508027,0.6072203369421462,False,1
2016,TENNESSEE,TN,47,62,54.0,hillary-clinton,"CLINTON, HILLARY",Hillary Clinton,DEMOCRAT,870695,2508027,0.34716332798650096,False,1
2016,TENNESSEE,TN,47,62,54.0,write-in-blank,,Write-in/blank,OTHER,114407,2508027,0.0456163350713529,True,2
2016,TEXAS,TX,48,74,49.0,donald-trump,"TRUMP, DONALD J.",Donald Trump,REPUBLICAN,4685047,8969226,0.5223468557933538,False,1
2016,TEXAS,TX,48,74,49.0,hillary-clinton,"CLINTON, HILLARY",Hillary Clinton,DEMOCRAT,3877868,8969226,0.4323525798101196,False,1
2016,TEXAS,TX,48,74,49.0,gary-johnson,"JOHNSON, GARY",Gary Johnson,LIBERTARIAN,283492,8969226,0.031607186617886536,False,1
2016,TEXAS,TX,48,74,49.0,jill-stein,"STEIN, JILL",Jill Stein,OTHER,71558,8969226,0.007978168907774206,False,1
2016,TEXAS,TX,48,74,49.0,write-in-blank,,Write-in/blank,OTHER,51261,8969226,0.005715208870865781,True,1
2016,UTAH,UT,49,87,67.0,donald-trump,"TRUMP, DONALD J.",Donald Trump,REPUBLICAN,515211,1131317,0.4554081658810042,False,1
2016,UTAH,UT,49,87,67.0,hillary-clinton,"CLINTON, HILLARY",Hillary Clinton,DEMOCRAT,310674,1131317,0.2746126859226901,False,1
2016,UTAH,UT,49,87,67.0,evan-mcmullin,"MCMULLIN, EVAN",Evan Mcmullin,OTHER,255060,1131317,0.22545405045623818,False,1
2016,UTAH,UT,49,87,67.0,gary-johnson,"JOHNSON, GARY",Gary Johnson,LIBERTARIAN,39608,1131317,0.035010523133657497,False,1
2016,UTAH,UT,49,87,67.0,darrell-l-castle,"CASTLE, DARRELL L.",Darrell L. Castle,OTHER,8032,1131317,0.0070996900073100645,False,1
2016,UTAH,UT,49,87,67.0,kyle-kenley-kopitke,"KOPITKE, KYLE KENLEY",Kyle Kenley Kopitke,OTHER,2732,1131317,0.002414884599099987,False,1
2016,VIRGINIA,VA,51,54,40.0,hillary-clinton,"CLINTON, HILLARY",Hillary Clinton,DEMOCRAT,1981473,3982752,0.49751352833417695,False,1
2016,VIRGINIA,VA,51,54,40.0,donald-trump,"TRUMP, DONALD J.",Donald Trump,REPUBLICAN,1769443,3982752,0.44427647013924043,False,1
2016,VIRGINIA,VA,51,54,40.0,gary-johnson,"JOHNSON, GARY",Gary Johnson,LIBERTARIAN,118274,3982752,0.029696551530198213,False,1
2016,VIRGINIA,VA,51,54,40.0,evan-mcmullin,"MCMULLIN, EVAN",Evan Mcmullin,OTHER,54054,3982752,0.013572022561284258,False,1
2016,VIRGINIA,VA,51,54,40.0,write-in-blank,,Write-in/blank,OTHER,31870,3982752,0.008002004644025036,True,1
2016,VIRGINIA,VA,51,54,40.0,jill-stein,"STEIN, JILL",Jill Stein,OTHER,27638,3982752,0.006939422791075116,False,1
2016,VERMONT,VT,50,13,6.0,hillary-clinton,"CLINTON, HILLARY",Hillary Clinton,DEMOCRAT,178573,320467,0.5572274212321393,False,1
2016,VERMONT,VT,50,13,6.0,donald-trump,"TRUMP, DONALD J.",Donald Trump,REPUBLICAN,95369,320467,0.29759382401308093,False,1
2016,VERMONT,VT,50,13,6.0,write-in-blank,,Write-in/blank,OTHER,22899,320467,0.07145509522041271,True,1
2016,VERMONT,VT,50,13,6.0,gary-johnson,"JOHNSON, GARY",Gary Johnson,LIBERTARIAN,10078,320467,0.03144785578546309,False,1
2016,VERMONT,VT,50,13,6.0,jill-stein,"STEIN, JILL",Jill Stein,OTHER,6758,320467,0.02108797473686838,False,1
2016,VERMONT,VT,50,13,6.0,blank-vote,BLANK VOTE,Blank Vote,OTHER,4574,320467,0.014272920456708492,False,1
2016,VERMONT,VT,50,13,6.0,roque-rocky-de-la-fuente,"DE LA FUENTE, ROQUE ""ROCKY""","Roque ""Rocky"" De La Fuente",OTHER,1063,320467,0.0033170342032096908,False,1
2016,VERMONT,VT,50,13,6.0,void-vote,VOID VOTE,Void Vote,OTHER,826,320467,0.0025774884777527794,False,1
2016,VERMONT,VT,50,13,6.0,gloria-estella-la-riva,"LA RIVA, GLORIA ESTELLA",Gloria Estella La Riva,OTHER,327,320467,0.0010203858743645991,False,1
2016,WASHINGTON,WA,53,91,73.0,hillary-clinton,"CLINTON, HILLARY",Hillary Clinton,DEMOCRAT,1742718,3317019,0.5253868006182659,False,1
2016,WASHINGTON,WA,53,91,73.0,donald-trump,"TRUMP, DONALD J.",Donald Trump,REPUBLICAN,1221747,3317019,0.3683268018663746,False,1
2016,WASHINGTON,WA,53,91,73.0,gary-johnson,"JOHNSON, GARY",Gary Johnson,LIBERTARIAN,160879,3317019,0.04850107883011825,False,1
2016,WASHINGTON,WA,53,91,73.0,write-in-blank,,Write-in/blank,OTHER,107805,3317019,0.03250056752765058,True,1
2016,WASHINGTON,WA,53,91,73.0,jill-stein,"STEIN, JILL",Jill Stein,OTHER,58417,3317019,0.017611294960927268,False,1
2016,WASHINGTON,WA,53,91,73.0,darrell-l-castle,"CASTLE, DARRELL L.",Darrell L. Castle,OTHER,17623,3317019,0.005312902940863468,False,1
2016,WASHINGTON,WA,53,91,73.0,alyson-kennedy,"KENNEDY, ALYSON",Alyson Kennedy,OTHER,4307,3317019,0.001298455028445722,False,1
2016,WASHINGTON,WA,53,91,73.0,gloria-estella-la-riva,"LA RIVA, GLORIA ESTELLA",Gloria Estella La Riva,OTHER,3523,3317019,0.0010620982273541395,False,1
2016,WISCONSIN,WI,55,35,25.0,donald-trump,"TRUMP, DONALD J.",Donald Trump,REPUBLICAN,1405284,2976150,0.4721818456731012,False,1
2016,WISCONSIN,WI,55,35,25.0,hillary-clinton,"CLINTON, HILLARY",Hillary Clinton,DEMOCRAT,1382536,2976150,0.4645384137224266,False,1
2016,WISCONSIN,WI,55,35,25.0,gary-johnson,"JOHNSON, GARY",Gary Johnson,LIBERTARIAN,106674,2976150,0.03584295146413991,False,1
2016,WISCONSIN,WI,55,35,25.0,jill-stein,"STEIN, JILL",Jill Stein,OTHER,31072,2976150,0.010440333988542244,False,1
2016,WISCONSIN,WI,55,35,25.0,scattering,SCATTERING,Scattering,OTHER,22764,2976150,0.0076488080237891234,False,1
2016,WISCONSIN,WI,55,35,25.0,write-in-blank,,Write-in/blank,OTHER,12386,2976150,0.004161752599835358,True,1
2016,WISCONSIN,WI,55,35,25.0,darrell-l-castle,"CASTLE, DARRELL L.",Darrell L. Castle,OTHER,12162,2976150,0.004086487576231037,False,1
2016,WISCONSIN,WI,55,35,25.0,monica-moorehead,"MOOREHEAD, MONICA",Monica Moorehead,OTHER,1770,2976150,0.0005947280883020009,False,1
2016,WISCONSIN,WI,55,35,25.0,roque-rocky-de-la-fuente,"DE LA FUENTE, ROQUE ""ROCKY""","Roque ""Rocky"" De La Fuente",OTHER,1502,2976150,0.0005046788636325454,False,1
2016,WEST VIRGINIA,WV,54,55,56.0,donald-trump,"TRUMP, DONALD J.",Donald Trump,REPUBLICAN,489371,713051,0.6863057481161936,False,1
2016,WEST VIRGINIA,WV,54,55,56.0,hillary-clinton,"CLINTON, HILLARY",Hillary Clinton,DEMOCRAT,188794,713051,0.26476928017771517,False,1
2016,WEST VIRGINIA,WV,54,55,56.0,gary-johnson,"JOHNSON, GARY",Gary Johnson,LIBERTARIAN,23004,713051,0.03226136699899446,False,1
2016,WEST VIRGINIA,WV,54,55,56.0,jill-stein,"STEIN, JILL",Jill Stein,OTHER,8075,713051,0.011324575661488449,False,1
2016,WEST VIRGINIA,WV,54,55,56.0,darrell-l-castle,"CASTLE, DARRELL L.",Darrell L. Castle,OTHER,3807,713051,0.005339029045608238,False,1
2016,WYOMING,WY,56,83,68.0,donald-trump,"TRUMP, DONALD J.",Donald Trump,REPUBLICAN,174419,258788,0.6739841105460841,False,1
2016,WYOMING,WY,56,83,68.0,hillary-clinton,"CLINTON, HILLARY",Hillary Clinton,DEMOCRAT,55973,258788,0.2162890087639303,False,1
2016,WYOMING,WY,56,83,68.0,gary-johnson,"JOHNSON, GARY",Gary Johnson,LIBERTARIAN,13287,258788,0.05134318438258343,False,1
2016,WYOMING,WY,56,83,68.0,write-in-blank,,Write-in/blank,OTHER,10128,258788,0.039136281434996985,True,2
2016,WYOMING,WY,56,83,68.0,blank-vote,BLANK VOTE,Blank Vote,OTHER,2661,258788,0.010282547877026756,False,1
2016,WYOMING,WY,56,83,68.0,darrell-l-castle,"CASTLE, DARRELL L.",Darrell L. Castle,OTHER,2042,258788,0.007890628622656383,False,1
2016,WYOMING,WY,56,83,68.0,over-vote,OVER VOTE,Over Vote,OTHER,278,258788,0.0010742383727220736,False,1
2020,ALASKA,AK,2,94,81.0,donald-trump,"TRUMP, DONALD J.",Donald Trump,REPUBLICAN,189951,359530,0.5283314327038078,False,1
2020,ALASKA,AK,2,94,81.0,joe-biden,"BIDEN, JOSEPH R. JR",Joe Biden,DEMOCRAT,153778,359530,0.42771952271020497,False,1
2020,ALASKA,AK,2,94,81.0,jo-jorgensen,"JORGENSEN, JO",Jo Jorgensen,LIBERTARIAN,8897,359530,0.024746196423107946,False,1
2020,ALASKA,AK,2,94,81.0,james-g-jesse-ventura-janos,"JANOS, JAMES G. ""JESSE VENTURA""","James G. ""Jesse Ventura"" Janos",OTHER,2673,359530,0.007434706422273524,False,1
2020,ALASKA,AK,2,94,81.0,write-in-blank,,Write-in/blank,OTHER,1961,359530,0.005454343170250049,True,1
2020,ALASKA,AK,2,94,81.0,don-blankenship,"BLANKENSHIP, DON",Don Blankenship,OTHER,1127,359530,0.0031346480126832254,False,1
2020,ALASKA,AK,2,94,81.0,brock-pierce,"PIERCE, BROCK",Brock Pierce,OTHER,825,359530,0.002294662476010347,False,1
2020,ALASKA,AK,2,94,81.0,roque-rocky-de-la-fuente,"DE LA FUENTE, ROQUE ""ROCKY""","Roque ""Rocky"" De La Fuente",OTHER,318,359530,0.0008844880816621701,False,1
2020,ALABAMA,AL,1,63,41.0,donald-trump,"TRUMP, DONALD J.",Donald Trump,REPUBLICAN,1441170,2323282,0.620316431668648,False,1
2020,ALABAMA,AL,1,63,41.0,joe-biden,"BIDEN, JOSEPH R. JR",Joe Biden,DEMOCRAT,849624,2323282,0.36569990212122333,False,1
2020,ALABAMA,AL,1,63,41.0,jo-jorgensen,"JORGENSEN, JO",Jo Jorgensen,LIBERTARIAN,25176,2323282,0.010836394376575896,False,1
2020,ALABAMA,AL,1,63,41.0,write-in-blank,,Write-in/blank,OTHER,7312,2323282,0.003147271833552707,True,1
2020,ARKANSAS,AR,5,71,42.0,donald-trump,"TRUMP, DONALD J.",Donald Trump,REPUBLICAN,760647,1219069,0.6239572985614432,False,1
2020,ARKANSAS,AR,5,71,42.0,joe-biden,"BIDEN, JOSEPH R. JR",Joe Biden,DEMOCRAT,423932,1219069,0.34775061953014963,False,1
2020,ARKANSAS,AR,5,71,42.0,jo-jorgensen,"JORGENSEN, JO",Jo Jorgensen,LIBERTARIAN,13133,1219069,0.010772975114616154,False,1
2020,ARKANSAS,AR,5,71,42.0,kanye-west,"WEST, KANYE",Kanye West,OTHER,4099,1219069,0.003362401964121801,False,1
2020,ARKANSAS,AR,5,71,42.0,howie-hawkins,"HAWKINS, HOWIE",Howie Hawkins,OTHER,2980,1219069,0.0024444883759655936,False,1
2020,ARKANSAS,AR,5,71,42.0,phil-collins,"COLLINS, PHIL",Phil Collins,OTHER,2812,1219069,0.002306678293025251,False,1
2020,ARKANSAS,AR,5,71,42.0,brock-pierce,"PIERCE, BROCK",Brock Pierce,OTHER,2141,1219069,0.0017562582593766227,False,1
2020,ARKANSAS,AR,5,71,42.0,don-blankenship,"BLANKENSHIP, DON",Don Blankenship,OTHER,2108,1219069,0.0017291884216561982,False,1
2020,ARKANSAS,AR,5,71,42.0,brian-carroll,"CARROLL, BRIAN",Brian Carroll,OTHER,1713,1219069,0.0014051706671238463,False,1
2020,ARKANSAS,AR,5,71,42.0,c-l-gammon,"GAMMON, C. L.",C. L. Gammon,OTHER,1475,1219069,0.0012099397162916947,False,1
2020,ARKANSAS,AR,5,71,42.0,john-richard-myers,"MYERS, JOHN RICHARD",John Richard Myers,OTHER,1372,1219069,0.0011254490106794612,False,1
2020,ARKANSAS,AR,5,71,42.0,gloria-estella-la-riva,"LA RIVA, GLORIA ESTELLA",Gloria Estella La Riva,OTHER,1336,1219069,0.0010959182786208163,False,1
2020,ARKANSAS,AR,5,71,42.0,roque-rocky-de-la-fuente,"DE LA FUENTE, ROQUE ""ROCKY""","Roque ""Rocky"" De La Fuente",OTHER,1321,1219069,0.0010836138069297144,False,1
2020,ARIZONA,AZ,4,86,61.0,joe-biden,"BIDEN, JOSEPH R. JR",Joe Biden,DEMOCRAT,1672143,3387326,0.49364690614366613,False,1
2020,ARIZONA,AZ,4,86,61.0,donald-trump,"TRUMP, DONALD J.",Donald Trump,REPUBLICAN,1661686,3387326,0.4905598103046474,False,1
2020,ARIZONA,AZ,4,86,61.0,jo-jorgensen,"JORGENSEN, JO",Jo Jorgensen,LIBERTARIAN,51465,3387326,0.015193400339973183,False,1
2020,ARIZONA,AZ,4,86,61.0,howie-hawkins,"HAWKINS, HOWIE",Howie Hawkins,OTHER,1557,3387326,0.0004596546066130039,True,1
2020,ARIZONA,AZ,4,86,61.0,jade-simmons,"SIMMONS, JADE",Jade Simmons,OTHER,236,3387326,6.967147537615216e-05,True,1
2020,ARIZONA,AZ,4,86,61.0,gloria-estella-la-riva,"LA RIVA, GLORIA ESTELLA",Gloria Estella La Riva,OTHER,190,3387326,5.6091442040122505e-05,True,1
2020,ARIZONA,AZ,4,86,61.0,daniel-clyde-cummings,"CUMMINGS, DANIEL CLYDE",Daniel Clyde Cummings,OTHER,36,3387326,1.0627852176023212e-05,True,1
2020,ARIZONA,AZ,4,86,61.0,r-president-boddie,"BODDIE, R. PRESIDENT",R. President Boddie,OTHER,13,3387326,3.837835508008382e-06,True,1
2020,CALIFORNIA,CA,6,93,71.0,joe-biden,"BIDEN, JOSEPH R. JR",Joe Biden,DEMOCRAT,11110250,17500881,0.6348394689387351,False,1
2020,CALIFORNIA,CA,6,93,71.0,donald-trump,"TRUMP, DONALD J.",Donald Trump,REPUBLICAN,6006429,17500881,0.3432072362528492,False,1
2020,CALIFORNIA,CA,6,93,71.0,jo-jorgensen,"JORGENSEN, JO",Jo Jorgensen,LIBERTARIAN,187895,17500881,0.010736316646001992,False,1
2020,CALIFORNIA,CA,6,93,71.0,howie-hawkins,"HAWKINS, HOWIE",Howie Hawkins,OTHER,81029,17500881,0.004629995484227337,False,1
2020,CALIFORNIA,CA,6,93,71.0,roque-rocky-de-la-fuente,"DE LA FUENTE, ROQUE ""ROCKY""","Roque ""Rocky"" De La Fuente",OTHER,60160,17500881,0.0034375412300672176,False,1
2020,CALIFORNIA,CA,6,93,71.0,gloria-estella-la-riva,"LA RIVA, GLORIA ESTELLA",Gloria Estella La Riva,OTHER,51037,17500881,0.00291625318748239,False,1
2020,CALIFORNIA,CA,6,93,71.0,brian-carroll,"CARROLL, BRIAN",Brian Carroll,OTHER,2605,17500881,0.00014884964934051034,True,1
2020,CALIFORNIA,CA,6,93,71.0,james-g-jesse-ventura-janos,"JANOS, JAMES G. ""JESSE VENTURA""","James G. ""Jesse Ventura"" Janos",OTHER,611,17500881,3.491252811787018e-05,True,1
2020,CALIFORNIA,CA,6,93,71.0,mark-charles,MARK CHARLES,Mark Charles,OTHER,559,17500881,3.194124912911527e-05,True,1
2020,CALIFORNIA,CA,6,93,71.0,brock-pierce,"PIERCE, BROCK",Brock Pierce,OTHER,185,17500881,1.0570896402301119e-05,True,1
2020,CALIFORNIA,CA,6,93,71.0,joseph-kishore,JOSEPH KISHORE,Joseph Kishore,OTHER,121,17500881,6.913937646910461e-06,True,1
2020,COLORADO,CO,8,84,62.0,joe-biden,"BIDEN, JOSEPH R. JR",Joe Biden,DEMOCRAT,1804352,3279980,0.5501106714065329,False,1
2020,COLORADO,CO,8,84,62.0,donald-trump,"TRUMP, DONALD J.",Donald Trump,REPUBLICAN,1364607,3279980,0.4160412563491241,False,1
2020,COLORADO,CO,8,84,62.0,jo-jorgensen,"JORGENSEN, JO",Jo Jorgensen,LIBERTARIAN,52460,3279980,0.015993999963414413,False,1
2020,COLORADO,CO,8,84,62.0,brian-carroll,"CARROLL, BRIAN",Brian Carroll,OTHER,25515,3279980,0.00777901084762712,False,1
2020,COLORADO,CO,8,84,62.0,howie-hawkins,"HAWKINS, HOWIE",Howie Hawkins,OTHER,8986,3279980,0.0027396508515295827,False,1
2020,COLORADO,CO,8,84,62.0,kanye-west,"WEST, KANYE",Kanye West,OTHER,8089,3279980,0.002466173574229111,False,1
2020,COLORADO,CO,8,84,62.0,don-blankenship,"BLANKENSHIP, DON",Don Blankenship,OTHER,5061,3279980,0.0015429972133976426,False,1
2020,COLORADO,CO,8,84,62.0,bill-hammons,"HAMMONS, BILL",Bill Hammons,OTHER,2730,3279980,0.0008323221483057824,False,1
2020,COLORADO,CO,8,84,62.0,mark-charles,"CHARLES, MARK",Mark Charles,OTHER,2011,3279980,0.0006131134945944793,False,1
2020,COLORADO,CO,8,84,62.0,gloria-estella-la-riva,"LA RIVA, GLORIA ESTELLA",Gloria Estella La Riva,OTHER,1035,3279980,0.00031555070457746695,False,1
2020,COLORADO,CO,8,84,62.0,kyle-kenley-kopitke,"KOPITKE, KYLE KENLEY",Kyle Kenley Kopitke,OTHER,762,3279980,0.0002323184897468887,False,1
2020,COLORADO,CO,8,84,62.0,roque-rocky-de-la-fuente,"DE LA FUENTE, ROQUE ""ROCKY""","Roque ""Rocky"" De La Fuente",OTHER,636,3279980,0.0001939036213635449,False,1
2020,COLORADO,CO,8,84,62.0,joe-mchugh,"MCHUGH, JOE",Joe Mchugh,OTHER,614,3279980,0.00018719626339184996,False,1
2020,COLORADO,CO,8,84,62.0,brock-pierce,"PIERCE, BROCK",Brock Pierce,OTHER,572,3279980,0.00017439130726406869,False,1
2020,COLORADO,CO,8,84,62.0,phil-collins,"COLLINS, PHIL",Phil Collins,OTHER,568,3279980,0.00017317178763285142,False,1
2020,COLORADO,CO,8,84,62.0,princess-khadijah-maryam-jacob-fambro,"JACOB?FAMBRO, PRINCESS KHADIJAH MARYAM",Princess Khadijah Maryam Jacob?Fambro,OTHER,495,3279980,0.00015091555436313637,False,1
2020,COLORADO,CO,8,84,62.0,phil-hunter,"HUNTER, PHIL",Phil Hunter,OTHER,379,3279980,0.00011554948505783572,False,1
2020,COLORADO,CO,8,84,62.0,blake-huber,"HUBER, BLAKE",Blake Huber,OTHER,355,3279980,0.00010823236727053213,False,1
2020,COLORADO,CO,8,84,62.0,alyson-kennedy,"KENNEDY, ALYSON",Alyson Kennedy,OTHER,354,3279980,0.00010792748736272782,False,1
2020,COLORADO,CO,8,84,62.0,joseph-kishore,"KISHORE, JOSEPH",Joseph Kishore,OTHER,196,3279980,5.975646192964591e-05,False,1
2020,COLORADO,CO,8,84,62.0,jordan-cancer-scott,"SCOTT, JORDAN ""CANCER""","Jordan ""Cancer"" Scott",OTHER,175,3279980,5.335398386575528e-05,False,1
2020,COLORADO,CO,8,84,62.0,tom-hoefling,"HOEFLING, TOM",Tom Hoefling,OTHER,24,3279980,7.317117787303581e-06,False,1
2020,COLORADO,CO,8,84,62.0,todd-cella,"CELLA, TODD",Todd Cella,OTHER,4,3279980,1.2195196312172636e-06,False,1
2020,CONNECTICUT,CT,9,16,1.0,joe-biden,"BIDEN, JOSEPH R. JR",Joe Biden,DEMOCRAT,1080831,1823857,0.5926073151568352,False,1
2020,CONNECTICUT,CT,9,16,1.0,donald-trump,"TRUMP, DONALD J.",Donald Trump,REPUBLICAN,714717,1823857,0.3918711828833072,False,1
2020,CONNECTICUT,CT,9,16,1.0,jo-jorgensen,"JORGENSEN, JO",Jo Jorgensen,LIBERTARIAN,20230,1823857,0.011091878365463959,False,1
2020,CONNECTICUT,CT,9,16,1.0,howie-hawkins,"HAWKINS, HOWIE",Howie Hawkins,OTHER,7538,1823857,0.004132999462128884,False,1
2020,CONNECTICUT,CT,9,16,1.0,kanye-west,"WEST, KANYE",Kanye West,OTHER,255,1823857,0.00013981359284198267,True,1
2020,CONNECTICUT,CT,9,16,1.0,brian-carroll,"CARROLL, BRIAN",Brian Carroll,OTHER,219,1823857,0.00012007520326429101,True,1
2020,CONNECTICUT,CT,9,16,1.0,jade-simmons,"SIMMONS, JADE",Jade Simmons,OTHER,22,1823857,1.2062349186367134e-05,True,1
2020,CONNECTICUT,CT,9,16,1.0,roque-rocky-de-la-fuente,"DE LA FUENTE, ROQUE ""ROCKY""","Roque ""Rocky"" De La Fuente",OTHER,13,1823857,7.127751791944215e-06,True,1
2020,CONNECTICUT,CT,9,16,1.0,shawn-w-howard,"HOWARD, SHAWN W.",Shawn W. Howard,OTHER,12,1823857,6.579463192563891e-06,True,1
2020,CONNECTICUT,CT,9,16,1.0,mark-charles,"CHARLES, MARK",Mark Charles,OTHER,11,1823857,6.031174593183567e-06,True,1
2020,CONNECTICUT,CT,9,16,1.0,kasey-wells,"WELLS, KASEY",Kasey Wells,OTHER,6,1823857,3.2897315962819454e-06,True,1
2020,CONNECTICUT,CT,9,16,1.0,mary-ruth-caro-simmons,"SIMMONS, MARY RUTH CARO",Mary Ruth Caro Simmons,OTHER,2,1823857,1.0965771987606484e-06,True,1
2020,CONNECTICUT,CT,9,16,1.0,karynn-krill-weinstein,"WEINSTEIN, KARYNN KRILL",Karynn Krill Weinstein,OTHER,1,1823857,5.482885993803242e-07,True,1
2020,CONNECTICUT,CT,9,16,1.0,jeffrey-j-klojzy,"KLOJZY, JEFFREY J.",Jeffrey J. Klojzy,OTHER,0,1823857,0.0,True,1
2020,DISTRICT OF COLUMBIA,DC,11,53,55.0,joe-biden,"BIDEN, JOSEPH R. JR",Joe Biden,DEMOCRAT,317323,344356,0.9214969392140692,True,1
2020,DISTRICT OF COLUMBIA,DC,11,53,55.0,donald-trump,"TRUMP, DONALD J.",Donald Trump,REPUBLICAN,18586,344356,0.05397321376714795,True,1
2020,DISTRICT OF COLUMBIA,DC,11,53,55.0,write-in-blank,,Write-in/blank,OTHER,3137,344356,0.00910975850573244,True,1
2020,DISTRICT OF COLUMBIA,DC,11,53,55.0,jo-jorgensen,"JORGENSEN, JO",Jo Jorgensen,LIBERTARIAN,2036,344356,0.005912485915738364,True,1
2020,DISTRICT OF COLUMBIA,DC,11,53,55.0,howie-hawkins,"HAWKINS, HOWIE",Howie Hawkins,OTHER,1726,344356,0.005012254759609242,True,1
2020,DISTRICT OF COLUMBIA,DC,11,53,55.0,gloria-estella-la-riva,"LA RIVA, GLORIA ESTELLA",Gloria Estella La Riva,OTHER,855,344356,0.002482895608033547,True,1
2020,DISTRICT OF COLUMBIA,DC,11,53,55.0,brock-pierce,"PIERCE, BROCK",Brock Pierce,OTHER,693,344356,0.002012452229669296,False,1
2020,DELAWARE,DE,10,51,11.0,joe-biden,"BIDEN, JOSEPH R. JR",Joe Biden,DEMOCRAT,296268,504346,0.5874300579364167,False,1
2020,DELAWARE,DE,10,51,11.0,donald-trump,"TRUMP, DONALD J.",Donald Trump,REPUBLICAN,200603,504346,0.3977487677110555,False,1
2020,DELAWARE,DE,10,51,11.0,jo-jorgensen,"JORGENSEN, JO",Jo Jorgensen,LIBERTARIAN,5000,504346,0.009913828998346374,False,1
2020,DELAWARE,DE,10,51,11.0,howie-hawkins,"HAWKINS, HOWIE",Howie Hawkins,OTHER,2139,504346,0.004241136045492579,False,1
2020,DELAWARE,DE,10,51,11.0,kanye-west,"WEST, KANYE",Kanye West,OTHER,169,504346,0.0003350874201441074,True,1
2020,DELAWARE,DE,10,51,11.0,brian-carroll,"CARROLL, BRIAN",Brian Carroll,OTHER,87,504346,0.0001725006245712269,True,1
2020,DELAWARE,DE,10,51,11.0,jade-simmons,"SIMMONS, JADE",Jade Simmons,OTHER,28,504346,5.551744239073969e-05,True,1
2020,DELAWARE,DE,10,51,11.0,gloria-estella-la-riva,"LA RIVA, GLORIA ESTELLA",Gloria Estella La Riva,OTHER,14,504346,2.7758721195369847e-05,True,1
2020,DELAWARE,DE,10,51,11.0,mark-charles,"CHARLES, MARK",Mark Charles,OTHER,8,504346,1.5862126397354197e-05,True,1
2020,DELAWARE,DE,10,51,11.0,barbara-bellar,"BELLAR, BARBARA",Barbara Bellar,OTHER,7,504346,1.3879360597684923e-05,True,1
2020,DELAWARE,DE,10,51,11.0,brock-pierce,"PIERCE, BROCK",Brock Pierce,OTHER,5,504346,9.913828998346374e-06,True,1
2020,DELAWARE,DE,10,51,11.0,shawn-w-howard,"HOWARD, SHAWN W.",Shawn W. Howard,OTHER,4,504346,7.931063198677099e-06,True,1
2020,DELAWARE,DE,10,51,11.0,dennis-andrew-ball,"BALL, DENNIS ANDREW",Dennis Andrew Ball,OTHER,3,504346,5.948297399007824e-06,True,1
2020,DELAWARE,DE,10,51,11.0,mitchell-williams,"WILLIAMS, MITCHELL",Mitchell Williams,OTHER,2,504346,3.965531599338549e-06,True,1
2020,DELAWARE,DE,10,51,11.0,princess-khadijah-maryam-jacob-fambro,"JACOB?FAMBRO, PRINCESS KHADIJAH MARYAM",Princess Khadijah Maryam Jacob?Fambro,OTHER,2,504346,3.965531599338549e-06,True,1
2020,DELAWARE,DE,10,51,11.0,todd-cella,"CELLA, TODD",Todd Cella,OTHER,2,504346,3.965531599338549e-06,True,1
2020,DELAWARE,DE,10,51,11.0,deborah-rouse,"ROUSE, DEBORAH",Deborah Rouse,OTHER,1,504346,1.9827657996692746e-06,True,1
2020,DELAWARE,DE,10,51,11.0,kasey-wells,"WELLS, KASEY",Kasey Wells,OTHER,1,504346,1.9827657996692746e-06,True,1
2020,DELAWARE,DE,10,51,11.0,kathryn-gibson,"GIBSON, KATHRYN",Kathryn Gibson,OTHER,1,504346,1.9827657996692746e-06,True,1
2020,DELAWARE,DE,10,51,11.0,r-president-boddie,"BODDIE, R. PRESIDENT",R. President Boddie,OTHER,1,504346,1.9827657996692746e-06,True,1
2020,DELAWARE,DE,10,51,11.0,tom-hoefling,"HOEFLING, TOM",Tom Hoefling,OTHER,1,504346,1.9827657996692746e-06,True,1
2020,FLORIDA,FL,12,59,43.0,donald-trump,"TRUMP, DONALD J.",Donald Trump,REPUBLICAN,5668731,11067456,0.5121981962250404,False,1
2020,FLORIDA,FL,12,59,43.0,joe-biden,"BIDEN, JOSEPH R. JR",Joe Biden,DEMOCRAT,5297045,11067456,0.47861450725442234,False,1
2020,FLORIDA,FL,12,59,43.0,jo-jorgensen,"JORGENSEN, JO",Jo Jorgensen,LIBERTARIAN,70324,11067456,0.006354125103366122,False,1
2020,FLORIDA,FL,12,59,43.0,howie-hawkins,"HAWKINS, HOWIE",Howie Hawkins,OTHER,14721,11067456,0.0013301159724511216,False,1
2020,FLORIDA,FL,12,59,43.0,roque-rocky-de-la-fuente,"DE LA FUENTE, ROQUE ""ROCKY""","Roque ""Rocky"" De La Fuente",OTHER,5966,11067456,0.0005390579370724402,False,1
2020,FLORIDA,FL,12,59,43.0,gloria-estella-la-riva,"LA RIVA, GLORIA ESTELLA",Gloria Estella La Riva,OTHER,5712,11067456,0.000516107766771334,False,1
2020,FLORIDA,FL,12,59,43.0,don-blankenship,"BLANKENSHIP, DON",Don Blankenship,OTHER,3902,11067456,0.0003525652146256556,False,1
2020,FLORIDA,FL,12,59,43.0,brian-carroll,"CARROLL, BRIAN",Brian Carroll,OTHER,854,11067456,7.71631710123808e-05,True,1
2020,FLORIDA,FL,12,59,43.0,jade-simmons,"SIMMONS, JADE",Jade Simmons,OTHER,181,11067456,1.635425521456783e-05,True,1
2020,FLORIDA,FL,12,59,43.0,shawn-w-howard,"HOWARD, SHAWN W.",Shawn W. Howard,OTHER,9,11067456,8.131950106691186e-07,True,1
2020,FLORIDA,FL,12,59,43.0,kasey-wells,"WELLS, KASEY",Kasey Wells,OTHER,8,11067456,7.22840009483661e-07,True,1
2020,FLORIDA,FL,12,59,43.0,angela-walls-windhauser,"WALLS-WINDHAUSER, ANGELA",Angela Walls-Windhauser,OTHER,2,11067456,1.8071000237091524e-07,True,1
2020,FLORIDA,FL,12,59,43.0,michael-laboch,"LABOCH, MICHAEL",Michael Laboch,OTHER,1,11067456,9.035500118545762e-08,True,1
2020,GEORGIA,GA,13,58,44.0,joe-biden,"BIDEN, JOSEPH R. JR",Joe Biden,DEMOCRAT,2473633,4999960,0.49473055784446274,False,1
2020,GEORGIA,GA,13,58,44.0,donald-trump,"TRUMP, DONALD J.",Donald Trump,REPUBLICAN,2461854,4999960,0.492374738997912,False,1
2020,GEORGIA,GA,13,58,44.0,jo-jorgensen,"JORGENSEN, JO",Jo Jorgensen,LIBERTARIAN,62229,4999960,0.012445899567196538,False,1
2020,GEORGIA,GA,13,58,44.0,howie-hawkins,"HAWKINS, HOWIE",Howie Hawkins,OTHER,1013,4999960,0.0002026016208129665,True,1
2020,GEORGIA,GA,13,58,44.0,brian-carroll,"CARROLL, BRIAN",Brian Carroll,OTHER,701,4999960,0.00014020112160897287,True,1
2020,GEORGIA,GA,13,58,44.0,jade-simmons,"SIMMONS, JADE",Jade Simmons,OTHER,181,4999960,3.620028960231682e-05,True,1
2020,GEORGIA,GA,13,58,44.0,gloria-estella-la-riva,"LA RIVA, GLORIA ESTELLA",Gloria Estella La Riva,OTHER,159,4999960,3.180025440203522e-05,True,1
2020,GEORGIA,GA,13,58,44.0,mark-charles,"CHARLES, MARK",Mark Charles,OTHER,65,4999960,1.3000104000832007e-05,True,1
2020,GEORGIA,GA,13,58,44.0,don-blankenship,"BLANKENSHIP, DON",Don Blankenship,OTHER,61,4999960,1.2200097600780807e-05,True,1
2020,GEORGIA,GA,13,58,44.0,loren-collins,"COLLINS, LOREN",Loren Collins,OTHER,11,4999960,2.200017600140801e-06,True,1
2020,GEORGIA,GA,13,58,44.0,barbara-bellar,"BELLAR, BARBARA",Barbara Bellar,OTHER,10,4999960,2.000016000128001e-06,True,1
2020,GEORGIA,GA,13,58,44.0,peter-sherrill,"SHERRILL, PETER",Peter Sherrill,OTHER,8,4999960,1.6000128001024008e-06,True,1
2020,GEORGIA,GA,13,58,44.0,r-president-boddie,"BODDIE, R. PRESIDENT",R. President Boddie,OTHER,8,4999960,1.6000128001024008e-06,True,1
2020,GEORGIA,GA,13,58,44.0,princess-khadijah-maryam-jacob-fambro,"JACOB?FAMBRO, PRINCESS KHADIJAH MARYAM",Princess Khadijah Maryam Jacob?Fambro,OTHER,7,4999960,1.4000112000896007e-06,True,1
2020,GEORGIA,GA,13,58,44.0,david-byrne,"BYRNE, DAVID",David Byrne,OTHER,6,4999960,1.2000096000768005e-06,True,1
2020,GEORGIA,GA,13,58,44.0,kasey-wells,"WELLS, KASEY",Kasey Wells,OTHER,6,4999960,1.2000096000768005e-06,True,1
2020,GEORGIA,GA,13,58,44.0,shawn-w-howard,"HOWARD, SHAWN W.",Shawn W. Howard,OTHER,5,4999960,1.0000080000640005e-06,True,1
2020,GEORGIA,GA,13,58,44.0,kathryn-gibson,"GIBSON, KATHRYN",Kathryn Gibson,OTHER,2,4999960,4.000032000256002e-07,True,1
2020,GEORGIA,GA,13,58,44.0,deborah-rouse,"ROUSE, DEBORAH",Deborah Rouse,OTHER,1,4999960,2.000016000128001e-07,True,1
2020,HAWAII,HI,15,95,82.0,joe-biden,"BIDEN, JOSEPH R. JR",Joe Biden,DEMOCRAT,366130,579784,0.6314937976901742,False,1
2020,HAWAII,HI,15,95,82.0,donald-trump,"TRUMP, DONALD J.",Donald Trump,REPUBLICAN,196864,579784,0.3395471416941482,False,1
2020,HAWAII,HI,15,95,82.0,jo-jorgensen,"JORGENSEN, JO",Jo Jorgensen,LIBERTARIAN,5539,579784,0.009553557876726505,False,1
2020,HAWAII,HI,15,95,82.0,blank-votes,BLANK VOTES,Blank Votes,OTHER,4927,579784,0.008497992355773875,False,1
2020,HAWAII,HI,15,95,82.0,howie-hawkins,"HAWKINS, HOWIE",Howie Hawkins,OTHER,3822,579784,0.006592110165164958,False,1
2020,HAWAII,HI,15,95,82.0,brock-pierce,"PIERCE, BROCK",Brock Pierce,OTHER,1183,579784,0.002040415051122487,False,1
2020,HAWAII,HI,15,95,82.0,don-blankenship,"BLANKENSHIP, DON",Don Blankenship,OTHER,931,579784,0.0016057704248478744,False,1
2020,HAWAII,HI,15,95,82.0,overvotes,OVERVOTES,Overvotes,OTHER,388,579784,0.0006692147420418638,False,1
2020,IOWA,IA,19,42,31.0,donald-trump,"TRUMP, DONALD J.",Donald Trump,REPUBLICAN,897672,1700130,0.5280019763194579,False,1
2020,IOWA,IA,19,42,31.0,joe-biden,"BIDEN, JOSEPH R. JR",Joe Biden,DEMOCRAT,759061,1700130,0.4464723285866375,False,1
2020,IOWA,IA,19,42,31.0,jo-jorgensen,"JORGENSEN, JO",Jo Jorgensen,LIBERTARIAN,19637,1700130,0.011550293212871958,False,1
2020,IOWA,IA,19,42,31.0,undervotes,UNDERVOTES,Undervotes,OTHER,6614,1700130,0.0038902907424726344,False,1
2020,IOWA,IA,19,42,31.0,write-in-blank,,Write-in/blank,OTHER,4337,1700130,0.002550981395540341,True,1
2020,IOWA,IA,19,42,31.0,kanye-west,"WEST, KANYE",Kanye West,OTHER,3210,1700130,0.0018880909106950645,False,1
2020,IOWA,IA,19,42,31.0,howie-hawkins,"HAWKINS, HOWIE",Howie Hawkins,OTHER,3075,1700130,0.0018086852181891974,False,1
2020,IOWA,IA,19,42,31.0,overvotes,OVERVOTES,Overvotes,OTHER,2645,1700130,0.0015557633828001387,False,1
2020,IOWA,IA,19,42,31.0,don-blankenship,"BLANKENSHIP, DON",Don Blankenship,OTHER,1707,1700130,0.0010040408674630763,False,1
2020,IOWA,IA,19,42,31.0,roque-rocky-de-la-fuente,"DE LA FUENTE, ROQUE ""ROCKY""","Roque ""Rocky"" De La Fuente",OTHER,1082,1700130,0.0006364219206766541,False,1
2020,IOWA,IA,19,42,31.0,ricki-sue-king,"KING, RICKI SUE",Ricki Sue King,OTHER,546,1700130,0.00032115191191261843,False,1
2020,IOWA,IA,19,42,31.0,brock-pierce,"PIERCE, BROCK",Brock Pierce,OTHER,544,1700130,0.0003199755312829019,False,1
2020,IDAHO,ID,16,82,63.0,donald-trump,"TRUMP, DONALD J.",Donald Trump,REPUBLICAN,554119,868014,0.6383756483190364,False,1
2020,IDAHO,ID,16,82,63.0,joe-biden,"BIDEN, JOSEPH R. JR",Joe Biden,DEMOCRAT,287021,868014,0.33066402154803953,False,1
2020,IDAHO,ID,16,82,63.0,jo-jorgensen,"JORGENSEN, JO",Jo Jorgensen,LIBERTARIAN,16404,868014,0.018898312700025576,False,1
2020,IDAHO,ID,16,82,63.0,kanye-west,"WEST, KANYE",Kanye West,OTHER,3632,868014,0.004184264309101005,False,1
2020,IDAHO,ID,16,82,63.0,brock-pierce,"PIERCE, BROCK",Brock Pierce,OTHER,2808,868014,0.0032349708645252264,False,1
2020,IDAHO,ID,16,82,63.0,don-blankenship,"BLANKENSHIP, DON",Don Blankenship,OTHER,1886,868014,0.0021727760151333967,False,1
2020,IDAHO,ID,16,82,63.0,roque-rocky-de-la-fuente,"DE LA FUENTE, ROQUE ""ROCKY""","Roque ""Rocky"" De La Fuente",OTHER,1491,868014,0.0017177142304156384,False,1
2020,IDAHO,ID,16,82,63.0,howie-hawkins,"HAWKINS, HOWIE",Howie Hawkins,OTHER,407,868014,0.00046888644653196837,True,1
2020,IDAHO,ID,16,82,63.0,brian-carroll,"CARROLL, BRIAN",Brian Carroll,OTHER,163,868014,0.0001877849896430242,True,1
2020,IDAHO,ID,16,82,63.0,gloria-estella-la-riva,"LA RIVA, GLORIA ESTELLA",Gloria Estella La Riva,OTHER,49,868014,5.6450702408025674e-05,True,1
2020,IDAHO,ID,16,82,63.0,jade-simmons,"SIMMONS, JADE",Jade Simmons,OTHER,21,868014,2.419315817486815e-05,True,1
2020,IDAHO,ID,16,82,63.0,tom-hoefling,"HOEFLING, TOM",Tom Hoefling,OTHER,7,868014,8.064386058289382e-06,True,1
2020,IDAHO,ID,16,82,63.0,shawn-w-howard,"HOWARD, SHAWN W.",Shawn W. Howard,OTHER,4,868014,4.60822060473679e-06,True,1
2020,IDAHO,ID,16,82,63.0,chris-franklin,"FRANKLIN, CHRIS",Chris Franklin,OTHER,1,868014,1.1520551511841975e-06,True,1
2020,IDAHO,ID,16,82,63.0,todd-cella,"CELLA, TODD",Todd Cella,OTHER,1,868014,1.1520551511841975e-06,True,1
2020,ILLINOIS,IL,17,33,21.0,joe-biden,"BIDEN, JOSEPH R. JR",Joe Biden,DEMOCRAT,3471915,6033743,0.5754164537667581,False,1
2020,ILLINOIS,IL,17,33,21.0,donald-trump,"TRUMP, DONALD J.",Donald Trump,REPUBLICAN,2446891,6033743,0.40553450818173725,False,1
2020,ILLINOIS,IL,17,33,21.0,jo-jorgensen,"JORGENSEN, JO",Jo Jorgensen,LIBERTARIAN,66544,6033743,0.011028643414212372,False,1
2020,ILLINOIS,IL,17,33,21.0,howie-hawkins,"HAWKINS, HOWIE",Howie Hawkins,OTHER,30494,6033743,0.0050539109802986305,False,1
2020,ILLINOIS,IL,17,33,21.0,brian-carroll,"CARROLL, BRIAN",Brian Carroll,OTHER,9548,6033743,0.0015824339883220085,False,1
2020,ILLINOIS,IL,17,33,21.0,gloria-estella-la-riva,"LA RIVA, GLORIA ESTELLA",Gloria Estella La Riva,OTHER,8046,6033743,0.0013335006147925095,False,1
2020,ILLINOIS,IL,17,33,21.0,john-farney,"FARNEY, JOHN",John Farney,OTHER,84,6033743,1.3921706642129107e-05,True,1
2020,ILLINOIS,IL,17,33,21.0,jade-simmons,"SIMMONS, JADE",Jade Simmons,OTHER,78,6033743,1.292729902483417e-05,True,1
2020,ILLINOIS,IL,17,33,21.0,mark-charles,MARK CHARLES,Mark Charles,OTHER,75,6033743,1.2430095216186702e-05,True,1
2020,ILLINOIS,IL,17,33,21.0,don-blankenship,"BLANKENSHIP, DON",Don Blankenship,OTHER,18,6033743,2.9832228518848086e-06,True,1
2020,ILLINOIS,IL,17,33,21.0,kasey-wells,"WELLS, KASEY",Kasey Wells,OTHER,18,6033743,2.9832228518848086e-06,True,1
2020,ILLINOIS,IL,17,33,21.0,andy-williams-jr,"WILLIAMS JR., ANDY",Andy Williams Jr.,OTHER,8,6033743,1.3258768230599149e-06,True,1
2020,ILLINOIS,IL,17,33,21.0,barbara-bellar,"BELLAR, BARBARA",Barbara Bellar,OTHER,7,6033743,1.1601422201774256e-06,True,1
2020,ILLINOIS,IL,17,33,21.0,joseph-kishore,"KISHORE, JOSEPH",Joseph Kishore,OTHER,5,6033743,8.286730144124468e-07,True,1
2020,ILLINOIS,IL,17,33,21.0,kevin-mckee,"MCKEE, KEVIN",Kevin Mckee,OTHER,4,6033743,6.629384115299574e-07,True,1
2020,ILLINOIS,IL,17,33,21.0,phil-collins,"COLLINS, PHIL",Phil Collins,OTHER,3,6033743,4.972038086474681e-07,True,1
2020,ILLINOIS,IL,17,33,21.0,james-timothy-struck,"STRUCK, JAMES TIMOTHY",James Timothy Struck,OTHER,2,6033743,3.314692057649787e-07,True,1
2020,ILLINOIS,IL,17,33,21.0,deborah-rouse,"ROUSE, DEBORAH",Deborah Rouse,OTHER,1,6033743,1.6573460288248936e-07,True,1
2020,ILLINOIS,IL,17,33,21.0,jeremy-higgs,"HIGGS, JEREMY",Jeremy Higgs,OTHER,1,6033743,1.6573460288248936e-07,True,1
2020,ILLINOIS,IL,17,33,21.0,mary-ruth-caro-simmons,"SIMMONS, MARY RUTH CARO",Mary Ruth Caro Simmons,OTHER,1,6033743,1.6573460288248936e-07,True,1
2020,INDIANA,IN,18,32,22.0,donald-trump,"TRUMP, DONALD J.",Donald Trump,REPUBLICAN,1729519,3033118,0.5702115776570512,False,1
2020,INDIANA,IN,18,32,22.0,joe-biden,"BIDEN, JOSEPH R. JR",Joe Biden,DEMOCRAT,1242416,3033118,0.4096167705971215,False,1
2020,INDIANA,IN,18,32,22.0,jo-jorgensen,"JORGENSEN, JO",Jo Jorgensen,LIBERTARIAN,59232,3033118,0.019528419270203136,False,1
2020,INDIANA,IN,18,32,22.0,howie-hawkins,"HAWKINS, HOWIE",Howie Hawkins,OTHER,988,3033118,0.0003257374094908276,True,1
2020,INDIANA,IN,18,32,22.0,brian-carroll,"CARROLL, BRIAN",Brian Carroll,OTHER,893,3033118,0.00029441650473209415,True,1
2020,INDIANA,IN,18,32,22.0,shawn-w-howard,"HOWARD, SHAWN W.",Shawn W. Howard,OTHER,23,3033118,7.582955888956513e-06,True,1
2020,INDIANA,IN,18,32,22.0,valerie-mccray,"MCCRAY, VALERIE",Valerie Mccray,OTHER,17,3033118,5.60479348314177e-06,True,1
2020,INDIANA,IN,18,32,22.0,joe-schriner,"SCHRINER, JOE",Joe Schriner,OTHER,13,3033118,4.286018545931942e-06,True,1
2020,INDIANA,IN,18,32,22.0,johnson-jr-james-l,JOHNSON JR. JAMES L.,Johnson Jr. James L.,OTHER,5,3033118,1.6484686715122855e-06,True,1
2020,INDIANA,IN,18,32,22.0,deborah-rouse,"ROUSE, DEBORAH",Deborah Rouse,OTHER,4,3033118,1.3187749372098283e-06,True,1
2020,INDIANA,IN,18,32,22.0,mitchell-williams,"WILLIAMS, MITCHELL",Mitchell Williams,OTHER,4,3033118,1.3187749372098283e-06,True,1
2020,INDIANA,IN,18,32,22.0,christopher-stried,"STRIED, CHRISTOPHER",Christopher Stried,OTHER,2,3033118,6.593874686049141e-07,True,1
2020,INDIANA,IN,18,32,22.0,kasey-wells,"WELLS, KASEY",Kasey Wells,OTHER,1,3033118,3.2969373430245707e-07,True,1
2020,INDIANA,IN,18,32,22.0,randall-f,"F, RANDALL",Randall F,OTHER,1,3033118,3.2969373430245707e-07,True,1
2020,KANSAS,KS,20,47,32.0,donald-trump,"TRUMP, DONALD J.",Donald Trump,REPUBLICAN,771406,1372303,0.5621251283426474,False,1
2020,KANSAS,KS,20,47,32.0,joe-biden,"BIDEN, JOSEPH R. JR",Joe Biden,DEMOCRAT,570323,1372303,0.41559553538832167,False,1
2020,KANSAS,KS,20,47,32.0,jo-jorgensen,"JORGENSEN, JO",Jo Jorgensen,LIBERTARIAN,30574,1372303,0.022279336269030964,False,1
2020,KENTUCKY,KY,21,61,51.0,donald-trump,"TRUMP, DONALD J.",Donald Trump,REPUBLICAN,1326646,2136768,0.6208657186929044,False,1
2020,KENTUCKY,KY,21,61,51.0,joe-biden,"BIDEN, JOSEPH R. JR",Joe Biden,DEMOCRAT,772474,2136768,0.3615151481115404,False,1
2020,KENTUCKY,KY,21,61,51.0,jo-jorgensen,"JORGENSEN, JO",Jo Jorgensen,LIBERTARIAN,26234,2136768,0.012277420852427591,False,1
2020,KENTUCKY,KY,21,61,51.0,kanye-west,"WEST, KANYE",Kanye West,OTHER,6483,2136768,0.0030340214754245665,False,1
2020,KENTUCKY,KY,21,61,51.0,brock-pierce,"PIERCE, BROCK",Brock Pierce,OTHER,3599,2136768,0.0016843194956120645,False,1
2020,KENTUCKY,KY,21,61,51.0,howie-hawkins,"HAWKINS, HOWIE",Howie Hawkins,OTHER,716,2136768,0.0003350855123251565,True,1
2020,KENTUCKY,KY,21,61,51.0,brian-carroll,"CARROLL, BRIAN",Brian Carroll,OTHER,408,2136768,0.00019094258244226796,True,1
2020,KENTUCKY,KY,21,61,51.0,gloria-estella-la-riva,"LA RIVA, GLORIA ESTELLA",Gloria Estella La Riva,OTHER,98,2136768,4.586365950819181e-05,True,1
2020,KENTUCKY,KY,21,61,51.0,mark-charles,"CHARLES, MARK",Mark Charles,OTHER,43,2136768,2.012385060053314e-05,True,1
2020,KENTUCKY,KY,21,61,51.0,jade-simmons,"SIMMONS, JADE",Jade Simmons,OTHER,29,2136768,1.3571899242220025e-05,True,1
2020,KENTUCKY,KY,21,61,51.0,tom-hoefling,"HOEFLING, TOM",Tom Hoefling,OTHER,20,2136768,9.35993051187588e-06,True,1
2020,KENTUCKY,KY,21,61,51.0,shawn-w-howard,"HOWARD, SHAWN W.",Shawn W. Howard,OTHER,9,2136768,4.211968730344146e-06,True,1
2020,KENTUCKY,KY,21,61,51.0,r-president-boddie,"BODDIE, R. PRESIDENT",R. President Boddie,OTHER,7,2136768,3.275975679156558e-06,True,1
2020,KENTUCKY,KY,21,61,51.0,kasey-wells,"WELLS, KASEY",Kasey Wells,OTHER,1,2136768,4.67996525593794e-07,True,1
2020,KENTUCKY,KY,21,61,51.0,timothy-allen-stevens,"STEVENS, TIMOTHY ALLEN",Timothy Allen Stevens,OTHER,1,2136768,4.67996525593794e-07,True,1
2020,LOUISIANA,LA,22,72,45.0,donald-trump,"TRUMP, DONALD J.",Donald Trump,REPUBLICAN,1255776,2148062,0.5846088241400853,False,1
2020,LOUISIANA,LA,22,72,45.0,joe-biden,"BIDEN, JOSEPH R. JR",Joe Biden,DEMOCRAT,856034,2148062,0.39851456801526214,False,1
2020,LOUISIANA,LA,22,72,45.0,jo-jorgensen,"JORGENSEN, JO",Jo Jorgensen,LIBERTARIAN,21645,2148062,0.01007652479304601,False,1
2020,LOUISIANA,LA,22,72,45.0,kanye-west,"WEST, KANYE",Kanye West,OTHER,4897,2148062,0.002279729356042796,False,1
2020,LOUISIANA,LA,22,72,45.0,brian-carroll,"CARROLL, BRIAN",Brian Carroll,OTHER,2497,2148062,0.0011624431697036678,False,1
2020,LOUISIANA,LA,22,72,45.0,jade-simmons,JADE SIMMONS,Jade Simmons,OTHER,1626,2148062,0.0007569613912447593,False,1
2020,LOUISIANA,LA,22,72,45.0,r-president-boddie,"BODDIE, R. PRESIDENT",R. President Boddie,OTHER,1125,2148062,0.0005237278998464663,False,1
2020,LOUISIANA,LA,22,72,45.0,gloria-estella-la-riva,"LA RIVA, GLORIA ESTELLA",Gloria Estella La Riva,OTHER,987,2148062,0.0004594839441319664,False,1
2020,LOUISIANA,LA,22,72,45.0,don-blankenship,"BLANKENSHIP, DON",Don Blankenship,OTHER,860,2148062,0.00040036088343818756,False,1
2020,LOUISIANA,LA,22,72,45.0,brock-pierce,"PIERCE, BROCK",Brock Pierce,OTHER,749,2148062,0.00034868639732000287,False,1
2020,LOUISIANA,LA,22,72,45.0,tom-hoefling,"HOEFLING, TOM",Tom Hoefling,OTHER,668,2148062,0.0003109779885310573,False,1
2020,LOUISIANA,LA,22,72,45.0,bill-hammons,"HAMMONS, BILL",Bill Hammons,OTHER,662,2148062,0.0003081847730652095,False,1
2020,LOUISIANA,LA,22,72,45.0,alyson-kennedy,"KENNEDY, ALYSON",Alyson Kennedy,OTHER,536,2148062,0.00024952724828240525,False,1
2020,MASSACHUSETTS,MA,25,14,3.0,joe-biden,"BIDEN, JOSEPH R. JR",Joe Biden,DEMOCRAT,2382202,3658005,0.6512298370286536,False,1
2020,MASSACHUSETTS,MA,25,14,3.0,donald-trump,"TRUMP, DONALD J.",Donald Trump,REPUBLICAN,1167202,3658005,0.3190815758863096,False,1
2020,MASSACHUSETTS,MA,25,14,3.0,jo-jorgensen,"JORGENSEN, JO",Jo Jorgensen,LIBERTARIAN,47013,3658005,0.012852087408300426,False,1
2020,MASSACHUSETTS,MA,25,14,3.0,blank-votes,BLANK VOTES,Blank Votes,OTHER,26603,3658005,0.007272543367217924,False,1
2020,MASSACHUSETTS,MA,25,14,3.0,howie-hawkins,"HAWKINS, HOWIE",Howie Hawkins,OTHER,18658,3658005,0.005100594449706876,False,1
2020,MASSACHUSETTS,MA,25,14,3.0,write-in-blank,,Write-in/blank,OTHER,16327,3658005,0.004463361859811564,True,1
2020,MARYLAND,MD,24,52,52.0,joe-biden,"BIDEN, JOSEPH R. JR",Joe Biden,DEMOCRAT,1985023,3037030,0.6536066486007711,False,1
2020,MARYLAND,MD,24,52,52.0,donald-trump,"TRUMP, DONALD J.",Donald Trump,REPUBLICAN,976414,3037030,0.32150291567748757,False,1
2020,MARYLAND,MD,24,52,52.0,jo-jorgensen,"JORGENSEN, JO",Jo Jorgensen,LIBERTARIAN,33488,3037030,0.011026562134717142,False,1
2020,MARYLAND,MD,24,52,52.0,write-in-blank,,Write-in/blank,OTHER,18045,3037030,0.005941660108724642,False,1
2020,MARYLAND,MD,24,52,52.0,howie-hawkins,"HAWKINS, HOWIE",Howie Hawkins,OTHER,15799,3037030,0.005202121809794438,False,1
2020,MARYLAND,MD,24,52,52.0,jerome-m-segal,"SEGAL, JEROME M.",Jerome M. Segal,OTHER,5884,3037030,0.0019374191232882124,False,1
2020,MARYLAND,MD,24,52,52.0,kanye-west,"WEST, KANYE",Kanye West,OTHER,1117,3037030,0.0003677935351313619,True,1
2020,MARYLAND,MD,24,52,52.0,brian-carroll,"CARROLL, BRIAN",Brian Carroll,OTHER,795,3037030,0.00026176889922062017,True,1
2020,MARYLAND,MD,24,52,52.0,jade-simmons,"SIMMONS, JADE",Jade Simmons,OTHER,131,3037030,4.313424628666823e-05,True,1
2020,MARYLAND,MD,24,52,52.0,gloria-estella-la-riva,"LA RIVA, GLORIA ESTELLA",Gloria Estella La Riva,OTHER,125,3037030,4.115863195292769e-05,True,1
2020,MARYLAND,MD,24,52,52.0,albert-raley,"RALEY, ALBERT",Albert Raley,OTHER,32,3037030,1.0536609779949491e-05,False,1
2020,MARYLAND,MD,24,52,52.0,mark-charles,"CHARLES, MARK",Mark Charles,OTHER,30,3037030,9.878071668702647e-06,True,1
2020,MARYLAND,MD,24,52,52.0,roque-rocky-de-la-fuente,"DE LA FUENTE, ROQUE ""ROCKY""","Roque ""Rocky"" De La Fuente",OTHER,26,3037030,8.56099544620896e-06,True,1
2020,MARYLAND,MD,24,52,52.0,barbara-bellar,"BELLAR, BARBARA",Barbara Bellar,OTHER,23,3037030,7.573188279338696e-06,True,1
2020,MARYLAND,MD,24,52,52.0,shawn-w-howard,"HOWARD, SHAWN W.",Shawn W. Howard,OTHER,20,3037030,6.585381112468431e-06,True,1
2020,MARYLAND,MD,24,52,52.0,brock-pierce,"PIERCE, BROCK",Brock Pierce,OTHER,16,3037030,5.2683048899747455e-06,True,1
2020,MARYLAND,MD,24,52,52.0,todd-cella,"CELLA, TODD",Todd Cella,OTHER,11,3037030,3.6219596118576373e-06,True,1
2020,MARYLAND,MD,24,52,52.0,tom-hoefling,"HOEFLING, TOM",Tom Hoefling,OTHER,11,3037030,3.6219596118576373e-06,True,1
2020,MARYLAND,MD,24,52,52.0,phil-collins,"COLLINS, PHIL",Phil Collins,OTHER,10,3037030,3.2926905562342155e-06,True,1
2020,MARYLAND,MD,24,52,52.0,dennis-andrew-ball,"BALL, DENNIS ANDREW",Dennis Andrew Ball,OTHER,8,3037030,2.6341524449873727e-06,True,1
2020,MARYLAND,MD,24,52,52.0,deborah-rouse,"ROUSE, DEBORAH",Deborah Rouse,OTHER,6,3037030,1.9756143337405296e-06,True,1
2020,MARYLAND,MD,24,52,52.0,kasey-wells,"WELLS, KASEY",Kasey Wells,OTHER,5,3037030,1.6463452781171077e-06,True,1
2020,MARYLAND,MD,24,52,52.0,r-president-boddie,"BODDIE, R. PRESIDENT",R. President Boddie,OTHER,4,3037030,1.3170762224936864e-06,True,1
2020,MARYLAND,MD,24,52,52.0,benjamin-schawlb,"SCHAWLB, BENJAMIN",Benjamin Schawlb,OTHER,3,3037030,9.878071668702648e-07,False,1
2020,MARYLAND,MD,24,52,52.0,peter-sherrill,"SHERRILL, PETER",Peter Sherrill,OTHER,3,3037030,9.878071668702648e-07,True,1
2020,MARYLAND,MD,24,52,52.0,johnson-lee,"LEE, JOHNSON",Johnson Lee,OTHER,1,3037030,3.292690556234216e-07,True,1
2020,MAINE,ME,23,11,2.0,joe-biden,"BIDEN, JOSEPH R. JR",Joe Biden,DEMOCRAT,435072,828305,0.5252557934577239,False,1
2020,MAINE,ME,23,11,2.0,donald-trump,"TRUMP, DONALD J.",Donald Trump,REPUBLICAN,360737,828305,0.43551228110418266,False,1
2020,MAINE,ME,23,11,2.0,jo-jorgensen,"JORGENSEN, JO",Jo Jorgensen,LIBERTARIAN,14152,828305,0.01708549387001165,False,1
2020,MAINE,ME,23,11,2.0,blank-votes,BLANK VOTES,Blank Votes,OTHER,8844,828305,0.010677226384001062,False,1
2020,MAINE,ME,23,11,2.0,howie-hawkins,"HAWKINS, HOWIE",Howie Hawkins,OTHER,8230,828305,0.00993595354368258,False,1
2020,MAINE,ME,23,11,2.0,roque-rocky-de-la-fuente,"DE LA FUENTE, ROQUE ""ROCKY""","Roque ""Rocky"" De La Fuente",OTHER,1183,828305,0.0014282178666071073,False,1
2020,MAINE,ME,23,11,2.0,write-in-blank,,Write-in/blank,OTHER,87,828305,0.00010503377379105523,True,1
2020,MICHIGAN,MI,26,34,23.0,joe-biden,"BIDEN, JOSEPH R. JR",Joe Biden,DEMOCRAT,2804040,5539302,0.5062081829082437,False,1
2020,MICHIGAN,MI,26,34,23.0,donald-trump,"TRUMP, DONALD J.",Donald Trump,REPUBLICAN,2649852,5539302,0.4783729069113762,False,1
2020,MICHIGAN,MI,26,34,23.0,jo-jorgensen,"JORGENSEN, JO",Jo Jorgensen,LIBERTARIAN,60381,5539302,0.010900470853547974,False,1
2020,MICHIGAN,MI,26,34,23.0,howie-hawkins,"HAWKINS, HOWIE",Howie Hawkins,OTHER,13718,5539302,0.0024764853044661585,False,1
2020,MICHIGAN,MI,26,34,23.0,don-blankenship,"BLANKENSHIP, DON",Don Blankenship,OTHER,7235,5539302,0.0013061212405461916,False,1
2020,MICHIGAN,MI,26,34,23.0,roque-rocky-de-la-fuente,"DE LA FUENTE, ROQUE ""ROCKY""","Roque ""Rocky"" De La Fuente",OTHER,2986,5539302,0.0005390570869759402,False,1
2020,MICHIGAN,MI,26,34,23.0,brian-carroll,"CARROLL, BRIAN",Brian Carroll,OTHER,963,5539302,0.00017384861847214686,True,1
2020,MICHIGAN,MI,26,34,23.0,jade-simmons,"SIMMONS, JADE",Jade Simmons,OTHER,89,5539302,1.6067006276242025e-05,True,1
2020,MICHIGAN,MI,26,34,23.0,tom-hoefling,"HOEFLING, TOM",Tom Hoefling,OTHER,32,5539302,5.77690113303084e-06,True,1
2020,MICHIGAN,MI,26,34,23.0,kasey-wells,"WELLS, KASEY",Kasey Wells,OTHER,5,5539302,9.026408020360688e-07,True,1
2020,MICHIGAN,MI,26,34,23.0,tara-renee-hunter,"HUNTER, TARA RENEE",Tara Renee Hunter,OTHER,1,5539302,1.8052816040721375e-07,True,1
2020,MINNESOTA,MN,27,41,33.0,joe-biden,"BIDEN, JOSEPH R. JR",Joe Biden,DEMOCRAT,1717077,3277171,0.5239509930974001,False,1
2020,MINNESOTA,MN,27,41,33.0,donald-trump,"TRUMP, DONALD J.",Donald Trump,REPUBLICAN,1484065,3277171,0.4528494240916937,False,1
2020,MINNESOTA,MN,27,41,33.0,jo-jorgensen,"JORGENSEN, JO",Jo Jorgensen,LIBERTARIAN,34976,3277171,0.010672619768696842,False,1
2020,MINNESOTA,MN,27,41,33.0,howie-hawkins,"HAWKINS, HOWIE",Howie Hawkins,OTHER,10033,3277171,0.0030614819916324173,False,1
2020,MINNESOTA,MN,27,41,33.0,write-in-blank,,Write-in/blank,OTHER,9965,3277171,0.003040732387782023,True,1
2020,MINNESOTA,MN,27,41,33.0,kanye-west,"WEST, KANYE",Kanye West,OTHER,7940,3277171,0.0024228213907666095,False,1
2020,MINNESOTA,MN,27,41,33.0,brock-pierce,"PIERCE, BROCK",Brock Pierce,OTHER,5651,3277171,0.0017243531082143716,False,1
2020,MINNESOTA,MN,27,41,33.0,roque-rocky-de-la-fuente,"DE LA FUENTE, ROQUE ""ROCKY""","Roque ""Rocky"" De La Fuente",OTHER,5611,3277171,0.0017121474588906102,False,1
2020,MINNESOTA,MN,27,41,33.0,gloria-estella-la-riva,"LA RIVA, GLORIA ESTELLA",Gloria Estella La Riva,OTHER,1210,3277171,0.000369220892043778,False,1
2020,MINNESOTA,MN,27,41,33.0,alyson-kennedy,"KENNEDY, ALYSON",Alyson Kennedy,OTHER,643,3277171,0.0001962058128794622,False,1
2020,MISSOURI,MO,29,43,34.0,donald-trump,"TRUMP, DONALD J.",Donald Trump,REPUBLICAN,1718736,3025962,0.5679965577888949,False,1
2020,MISSOURI,MO,29,43,34.0,joe-biden,"BIDEN, JOSEPH R. JR",Joe Biden,DEMOCRAT,1253014,3025962,0.4140878173618836,False,1
2020,MISSOURI,MO,29,43,34.0,jo-jorgensen,"JORGENSEN, JO",Jo Jorgensen,LIBERTARIAN,41205,3025962,0.013617157122263928,False,1
2020,MISSOURI,MO,29,43,34.0,howie-hawkins,"HAWKINS, HOWIE",Howie Hawkins,OTHER,8283,3025962,0.002737311307941078,False,1
2020,MISSOURI,MO,29,43,34.0,don-blankenship,"BLANKENSHIP, DON",Don Blankenship,OTHER,3919,3025962,0.0012951253188242284,False,1
2020,MISSOURI,MO,29,43,34.0,brian-carroll,"CARROLL, BRIAN",Brian Carroll,OTHER,664,3025962,0.0002194343484815738,True,1
2020,MISSOURI,MO,29,43,34.0,jade-simmons,"SIMMONS, JADE",Jade Simmons,OTHER,74,3025962,2.4455032812705514e-05,True,1
2020,MISSOURI,MO,29,43,34.0,gloria-estella-la-riva,"LA RIVA, GLORIA ESTELLA",Gloria Estella La Riva,OTHER,64,3025962,2.1150298648826388e-05,True,1
2020,MISSOURI,MO,29,43,34.0,kasey-wells,"WELLS, KASEY",Kasey Wells,OTHER,3,3025962,9.91420249163737e-07,True,1
2020,MISSOURI,MO,29,43,34.0,write-in-blank,,Write-in/blank,OTHER,0,3025962,0.0,True,1
2020,MISSISSIPPI,MS,28,64,46.0,donald-trump,"TRUMP, DONALD J.",Donald Trump,REPUBLICAN,756764,1313759,0.5760295457538255,False,1
2020,MISSISSIPPI,MS,28,64,46.0,joe-biden,"BIDEN, JOSEPH R. JR",Joe Biden,DEMOCRAT,539398,1313759,0.41057606455978607,False,1
2020,MISSISSIPPI,MS,28,64,46.0,jo-jorgensen,"JORGENSEN, JO",Jo Jorgensen,LIBERTARIAN,8026,1313759,0.006109187453711069,False,1
2020,MISSISSIPPI,MS,28,64,46.0,kanye-west,"WEST, KANYE",Kanye West,OTHER,3657,1313759,0.002783615564194042,False,1
2020,MISSISSIPPI,MS,28,64,46.0,howie-hawkins,"HAWKINS, HOWIE",Howie Hawkins,OTHER,1498,1313759,0.001140239572098079,False,1
2020,MISSISSIPPI,MS,28,64,46.0,phil-collins,"COLLINS, PHIL",Phil Collins,OTHER,1317,1313759,0.0010024669669246795,False,1
2020,MISSISSIPPI,MS,28,64,46.0,don-blankenship,"BLANKENSHIP, DON",Don Blankenship,OTHER,1279,1313759,0.0009735423315844078,False,1
2020,MISSISSIPPI,MS,28,64,46.0,brian-carroll,"CARROLL, BRIAN",Brian Carroll,OTHER,1161,1313759,0.000883723727106722,False,1
2020,MISSISSIPPI,MS,28,64,46.0,brock-pierce,"PIERCE, BROCK",Brock Pierce,OTHER,659,1313759,0.0005016140707694486,False,1
2020,MONTANA,MT,30,81,64.0,donald-trump,"TRUMP, DONALD J.",Donald Trump,REPUBLICAN,343602,603674,0.5691846924002028,False,1
2020,MONTANA,MT,30,81,64.0,joe-biden,"BIDEN, JOSEPH R. JR",Joe Biden,DEMOCRAT,244786,603674,0.4054936936160908,False,1
2020,MONTANA,MT,30,81,64.0,jo-jorgensen,"JORGENSEN, JO",Jo Jorgensen,LIBERTARIAN,15252,603674,0.02526529219413127,False,1
2020,MONTANA,MT,30,81,64.0,mark-charles,"CHARLES, MARK",Mark Charles,OTHER,23,603674,3.810003412437839e-05,True,1
2020,MONTANA,MT,30,81,64.0,jade-simmons,"SIMMONS, JADE",Jade Simmons,OTHER,6,603674,9.939139336794362e-06,True,1
2020,MONTANA,MT,30,81,64.0,tom-hoefling,"HOEFLING, TOM",Tom Hoefling,OTHER,3,603674,4.969569668397181e-06,True,1
2020,MONTANA,MT,30,81,64.0,barbara-bellar,"BELLAR, BARBARA",Barbara Bellar,OTHER,2,603674,3.313046445598121e-06,True,1
2020,NORTH CAROLINA,NC,37,56,47.0,donald-trump,"TRUMP, DONALD J.",Donald Trump,REPUBLICAN,2758773,5524802,0.4993433248829551,False,1
2020,NORTH CAROLINA,NC,37,56,47.0,joe-biden,"BIDEN, JOSEPH R. JR",Joe Biden,DEMOCRAT,2684292,5524802,0.4858621177736324,False,1
2020,NORTH CAROLINA,NC,37,56,47.0,jo-jorgensen,"JORGENSEN, JO",Jo Jorgensen,LIBERTARIAN,48678,5524802,0.008810813491596622,False,1
2020,NORTH CAROLINA,NC,37,56,47.0,write-in-blank,,Write-in/blank,OTHER,13196,5524802,0.0023885018865834468,True,1
2020,NORTH CAROLINA,NC,37,56,47.0,howie-hawkins,"HAWKINS, HOWIE",Howie Hawkins,OTHER,12195,5524802,0.0022073189229224865,False,1
2020,NORTH CAROLINA,NC,37,56,47.0,don-blankenship,"BLANKENSHIP, DON",Don Blankenship,OTHER,7549,5524802,0.0013663838088677205,False,1
2020,NORTH CAROLINA,NC,37,56,47.0,jade-simmons,"SIMMONS, JADE",Jade Simmons,OTHER,119,5524802,2.1539233442212048e-05,True,1
2020,NORTH DAKOTA,ND,38,44,36.0,donald-trump,"TRUMP, DONALD J.",Donald Trump,REPUBLICAN,235595,361819,0.6511404873707572,False,1
2020,NORTH DAKOTA,ND,38,44,36.0,joe-biden,"BIDEN, JOSEPH R. JR",Joe Biden,DEMOCRAT,114902,361819,0.31756762359080093,False,1
2020,NORTH DAKOTA,ND,38,44,36.0,jo-jorgensen,"JORGENSEN, JO",Jo Jorgensen,LIBERTARIAN,9393,361819,0.025960494059184287,False,1
2020,NORTH DAKOTA,ND,38,44,36.0,write-in-blank,,Write-in/blank,OTHER,1929,361819,0.0053313949792575845,True,1
2020,NEBRASKA,NE,31,46,35.0,donald-trump,"TRUMP, DONALD J.",Donald Trump,REPUBLICAN,556846,956383,0.5822416333205421,False,1
2020,NEBRASKA,NE,31,46,35.0,joe-biden,"BIDEN, JOSEPH R. JR",Joe Biden,DEMOCRAT,374583,956383,0.39166630941787967,False,1
2020,NEBRASKA,NE,31,46,35.0,jo-jorgensen,"JORGENSEN, JO",Jo Jorgensen,LIBERTARIAN,20283,956383,0.021208030673903654,False,1
2020,NEBRASKA,NE,31,46,35.0,write-in-blank,,Write-in/blank,OTHER,4671,956383,0.004884026587674603,True,1
2020,NEW HAMPSHIRE,NH,33,12,4.0,joe-biden,"BIDEN, JOSEPH R. JR",Joe Biden,DEMOCRAT,424921,806182,0.5270782528014766,False,1
2020,NEW HAMPSHIRE,NH,33,12,4.0,donald-trump,"TRUMP, DONALD J.",Donald Trump,REPUBLICAN,365654,806182,0.45356259504677604,False,1
2020,NEW HAMPSHIRE,NH,33,12,4.0,jo-jorgensen,"JORGENSEN, JO",Jo Jorgensen,LIBERTARIAN,13235,806182,0.01641688849416137,False,1
2020,NEW HAMPSHIRE,NH,33,12,4.0,write-in-blank,,Write-in/blank,OTHER,1158,806182,0.0014364002173206547,True,1
2020,NEW HAMPSHIRE,NH,33,12,4.0,howie-hawkins,"HAWKINS, HOWIE",Howie Hawkins,OTHER,217,806182,0.00026916998891069263,True,1
2020,NEW HAMPSHIRE,NH,33,12,4.0,bernie-sanders,"SANDERS, BERNIE",Bernie Sanders,OTHER,192,806182,0.00023815962152466812,True,1
2020,NEW HAMPSHIRE,NH,33,12,4.0,mitt-romney,"ROMNEY, MITT",Mitt Romney,OTHER,170,806182,0.00021087049822496656,True,1
2020,NEW HAMPSHIRE,NH,33,12,4.0,tulsi-gabbard,"GABBARD, TULSI",Tulsi Gabbard,OTHER,142,806182,0.00017613888675261914,True,1
2020,NEW HAMPSHIRE,NH,33,12,4.0,kanye-west,"WEST, KANYE",Kanye West,OTHER,82,806182,0.00010171400502616035,True,1
2020,NEW HAMPSHIRE,NH,33,12,4.0,john-kasich,"KASICH, JOHN",John Kasich,OTHER,67,806182,8.310778459454565e-05,True,1
2020,NEW HAMPSHIRE,NH,33,12,4.0,andrew-yang,"YANG, ANDREW",Andrew Yang,OTHER,58,806182,7.194405233557683e-05,True,1
2020,NEW HAMPSHIRE,NH,33,12,4.0,mike-pence,"PENCE, MIKE",Mike Pence,OTHER,56,806182,6.946322294469487e-05,True,1
2020,NEW HAMPSHIRE,NH,33,12,4.0,pete-buttigieg,"BUTTIGIEG, PETE",Pete Buttigieg,OTHER,47,806182,5.829949068572605e-05,True,1
2020,NEW HAMPSHIRE,NH,33,12,4.0,chris-sununu,"SUNUNU, CHRIS",Chris Sununu,OTHER,46,806182,5.705907599028507e-05,True,1
2020,NEW HAMPSHIRE,NH,33,12,4.0,bill-weld,"WELD, BILL",Bill Weld,OTHER,23,806182,2.8529537995142536e-05,True,1
2020,NEW HAMPSHIRE,NH,33,12,4.0,vermin-supreme,"SUPREME, VERMIN",Vermin Supreme,OTHER,22,806182,2.7289123299701557e-05,True,1
2020,NEW HAMPSHIRE,NH,33,12,4.0,amy-klobuchar,"KLOBUCHAR, AMY",Amy Klobuchar,OTHER,19,806182,2.3567879213378615e-05,True,1
2020,NEW HAMPSHIRE,NH,33,12,4.0,andrew-cuomo,"CUOMO, ANDREW",Andrew Cuomo,OTHER,14,806182,1.7365805736173718e-05,True,1
2020,NEW HAMPSHIRE,NH,33,12,4.0,jeanne-shaheen,"SHAHEEN, JEANNE",Jeanne Shaheen,OTHER,14,806182,1.7365805736173718e-05,True,1
2020,NEW HAMPSHIRE,NH,33,12,4.0,ron-paul,"PAUL, RON",Ron Paul,OTHER,13,806182,1.612539104073274e-05,True,1
2020,NEW HAMPSHIRE,NH,33,12,4.0,condoleeza-rice,"RICE, CONDOLEEZA",Condoleeza Rice,OTHER,12,806182,1.4884976345291758e-05,True,1
2020,NEW HAMPSHIRE,NH,33,12,4.0,michelle-obama,"OBAMA, MICHELLE",Michelle Obama,OTHER,10,806182,1.2404146954409799e-05,True,1
2020,NEW HAMPSHIRE,NH,33,12,4.0,mike-huckabee,"HUCKABEE, MIKE",Mike Huckabee,OTHER,10,806182,1.2404146954409799e-05,True,1
2020,NEW JERSEY,NJ,34,22,12.0,joe-biden,"BIDEN, JOSEPH R. JR",Joe Biden,DEMOCRAT,2608335,4549353,0.5733419675281298,False,1
2020,NEW JERSEY,NJ,34,22,12.0,donald-trump,"TRUMP, DONALD J.",Donald Trump,REPUBLICAN,1883274,4549353,0.41396523857348505,False,1
2020,NEW JERSEY,NJ,34,22,12.0,jo-jorgensen,"JORGENSEN, JO",Jo Jorgensen,LIBERTARIAN,31677,4549353,0.006962968140744409,False,1
2020,NEW JERSEY,NJ,34,22,12.0,howie-hawkins,"HAWKINS, HOWIE",Howie Hawkins,OTHER,14202,4549353,0.0031217625890978345,False,1
2020,NEW JERSEY,NJ,34,22,12.0,bill-hammons,"HAMMONS, BILL",Bill Hammons,OTHER,3255,4549353,0.0007154863559719371,False,1
2020,NEW JERSEY,NJ,34,22,12.0,don-blankenship,"BLANKENSHIP, DON",Don Blankenship,OTHER,2954,4549353,0.0006493231015487257,False,1
2020,NEW JERSEY,NJ,34,22,12.0,gloria-estella-la-riva,"LA RIVA, GLORIA ESTELLA",Gloria Estella La Riva,OTHER,2928,4549353,0.0006436080031600097,False,1
2020,NEW JERSEY,NJ,34,22,12.0,roque-rocky-de-la-fuente,"DE LA FUENTE, ROQUE ""ROCKY""","Roque ""Rocky"" De La Fuente",OTHER,2728,4549353,0.000599645707862195,False,1
2020,NEW MEXICO,NM,35,85,66.0,joe-biden,"BIDEN, JOSEPH R. JR",Joe Biden,DEMOCRAT,501614,923965,0.5428928584957222,False,1
2020,NEW MEXICO,NM,35,85,66.0,donald-trump,"TRUMP, DONALD J.",Donald Trump,REPUBLICAN,401894,923965,0.43496669246129455,False,1
2020,NEW MEXICO,NM,35,85,66.0,jo-jorgensen,"JORGENSEN, JO",Jo Jorgensen,LIBERTARIAN,12585,923965,0.01362064580368304,False,1
2020,NEW MEXICO,NM,35,85,66.0,howie-hawkins,"HAWKINS, HOWIE",Howie Hawkins,OTHER,4426,923965,0.004790224737950031,False,1
2020,NEW MEXICO,NM,35,85,66.0,sheila-samm-tittle,"TITTLE, SHEILA ""SAMM""","Sheila ""Samm"" Tittle",OTHER,1806,923965,0.00195461949316262,False,1
2020,NEW MEXICO,NM,35,85,66.0,gloria-estella-la-riva,"LA RIVA, GLORIA ESTELLA",Gloria Estella La Riva,OTHER,1640,923965,0.0017749590081875396,False,1
2020,NEVADA,NV,32,88,65.0,joe-biden,"BIDEN, JOSEPH R. JR",Joe Biden,DEMOCRAT,703486,1405376,0.5005678195728402,False,1
2020,NEVADA,NV,32,88,65.0,donald-trump,"TRUMP, DONALD J.",Donald Trump,REPUBLICAN,669890,1405376,0.4766624732455941,False,1
2020,NEVADA,NV,32,88,65.0,jo-jorgensen,"JORGENSEN, JO",Jo Jorgensen,LIBERTARIAN,14783,1405376,0.010518893164533904,False,1
2020,NEVADA,NV,32,88,65.0,write-in-blank,,Write-in/blank,OTHER,14079,1405376,0.01001795960653946,True,1
2020,NEVADA,NV,32,88,65.0,don-blankenship,"BLANKENSHIP, DON",Don Blankenship,OTHER,3138,1405376,0.002232854410492281,False,1
2020,NEW YORK,NY,36,21,13.0,joe-biden,"BIDEN, JOSEPH R. JR",Joe Biden,DEMOCRAT,5230985,8661735,0.603918845358349,False,1
2020,NEW YORK,NY,36,21,13.0,donald-trump,"TRUMP, DONALD J.",Donald Trump,REPUBLICAN,3244798,8661735,0.3746129384009093,False,1
2020,NEW YORK,NY,36,21,13.0,jo-jorgensen,"JORGENSEN, JO",Jo Jorgensen,LIBERTARIAN,60234,8661735,0.006954034035906201,False,1
2020,NEW YORK,NY,36,21,13.0,blank-votes,BLANK VOTES,Blank Votes,OTHER,43541,8661735,0.005026821993515156,False,1
2020,NEW YORK,NY,36,21,13.0,howie-hawkins,"HAWKINS, HOWIE",Howie Hawkins,OTHER,32753,8661735,0.003781344037886174,False,1
2020,NEW YORK,NY,36,21,13.0,void,VOID,Void,OTHER,23368,8661735,0.002697842868663149,False,1
2020,NEW YORK,NY,36,21,13.0,brock-pierce,"PIERCE, BROCK",Brock Pierce,OTHER,22587,8661735,0.0026076761757315363,False,1
2020,NEW YORK,NY,36,21,13.0,kanye-west,"WEST, KANYE",Kanye West,OTHER,1897,8661735,0.00021900924006564506,True,1
2020,NEW YORK,NY,36,21,13.0,brian-carroll,"CARROLL, BRIAN",Brian Carroll,OTHER,805,8661735,9.293750039686044e-05,True,1
2020,NEW YORK,NY,36,21,13.0,gloria-estella-la-riva,"LA RIVA, GLORIA ESTELLA",Gloria Estella La Riva,OTHER,376,8661735,4.340931695555221e-05,True,1
2020,NEW YORK,NY,36,21,13.0,jade-simmons,"SIMMONS, JADE",Jade Simmons,OTHER,155,8661735,1.7894798213060087e-05,True,1
2020,NEW YORK,NY,36,21,13.0,mark-charles,"CHARLES, MARK",Mark Charles,OTHER,98,8661735,1.1314130483096054e-05,True,1
2020,NEW YORK,NY,36,21,13.0,don-blankenship,"BLANKENSHIP, DON",Don Blankenship,OTHER,43,8661735,4.964363375236024e-06,True,1
2020,NEW YORK,NY,36,21,13.0,joseph-kishore,"KISHORE, JOSEPH",Joseph Kishore,OTHER,28,8661735,3.2326087094560153e-06,True,1
2020,NEW YORK,NY,36,21,13.0,roque-rocky-de-la-fuente,"DE LA FUENTE, ROQUE ""ROCKY""","Roque ""Rocky"" De La Fuente",OTHER,20,8661735,2.309006221040011e-06,True,1
2020,NEW YORK,NY,36,21,13.0,paul-hodges,"HODGES, PAUL",Paul Hodges,OTHER,13,8661735,1.5008540436760072e-06,True,1
2020,NEW YORK,NY,36,21,13.0,phil-collins,"COLLINS, PHIL",Phil Collins,OTHER,9,8661735,1.0390527994680049e-06,True,1
2020,NEW YORK,NY,36,21,13.0,dario-hunter,"HUNTER, DARIO",Dario Hunter,OTHER,8,8661735,9.236024884160044e-07,True,1
2020,NEW YORK,NY,36,21,13.0,shawn-w-howard,"HOWARD, SHAWN W.",Shawn W. Howard,OTHER,6,8661735,6.927018663120034e-07,True,1
2020,NEW YORK,NY,36,21,13.0,david-a-martin,"MARTIN, DAVID A.",David A. Martin,OTHER,3,8661735,3.463509331560017e-07,True,1
2020,NEW YORK,NY,36,21,13.0,kasey-wells,"WELLS, KASEY",Kasey Wells,OTHER,3,8661735,3.463509331560017e-07,True,1
2020,NEW YORK,NY,36,21,13.0,barbara-bellar,"BELLAR, BARBARA",Barbara Bellar,OTHER,2,8661735,2.309006221040011e-07,True,1
2020,NEW YORK,NY,36,21,13.0,john-manimas,"MANIMAS, JOHN",John Manimas,OTHER,2,8661735,2.309006221040011e-07,True,1
2020,NEW YORK,NY,36,21,13.0,richard-charles-montanye,"MONTANYE, RICHARD CHARLES",Richard Charles Montanye,OTHER,1,8661735,1.1545031105200055e-07,True,1
2020,OHIO,OH,39,31,24.0,donald-trump,"TRUMP, DONALD J.",Donald Trump,REPUBLICAN,3154834,5922202,0.5327130010087464,False,1
2020,OHIO,OH,39,31,24.0,joe-biden,"BIDEN, JOSEPH R. JR",Joe Biden,DEMOCRAT,2679165,5922202,0.45239338340705026,False,1
2020,OHIO,OH,39,31,24.0,jo-jorgensen,"JORGENSEN, JO",Jo Jorgensen,LIBERTARIAN,67569,5922202,0.011409438583824058,False,1
2020,OHIO,OH,39,31,24.0,howie-hawkins,"HAWKINS, HOWIE",Howie Hawkins,OTHER,18812,5922202,0.003176521165606982,False,1
2020,OHIO,OH,39,31,24.0,brian-carroll,"CARROLL, BRIAN",Brian Carroll,OTHER,1450,5922202,0.00024484136137200316,True,1
2020,OHIO,OH,39,31,24.0,jade-simmons,"SIMMONS, JADE",Jade Simmons,OTHER,212,5922202,3.5797495593699776e-05,True,1
2020,OHIO,OH,39,31,24.0,tom-hoefling,"HOEFLING, TOM",Tom Hoefling,OTHER,114,5922202,1.924959668717818e-05,True,1
2020,OHIO,OH,39,31,24.0,dario-hunter,"HUNTER, DARIO",Dario Hunter,OTHER,27,5922202,4.55911500485799e-06,True,1
2020,OHIO,OH,39,31,24.0,kasey-wells,"WELLS, KASEY",Kasey Wells,OTHER,16,5922202,2.701697780656587e-06,True,1
2020,OHIO,OH,39,31,24.0,r-president-boddie,"BODDIE, R. PRESIDENT",R. President Boddie,OTHER,3,5922202,5.065683338731101e-07,True,1
2020,OKLAHOMA,OK,40,73,53.0,donald-trump,"TRUMP, DONALD J.",Donald Trump,REPUBLICAN,1020280,1560699,0.6537327184806295,False,1
2020,OKLAHOMA,OK,40,73,53.0,joe-biden,"BIDEN, JOSEPH R. JR",Joe Biden,DEMOCRAT,503890,1560699,0.32286174335986634,False,1
2020,OKLAHOMA,OK,40,73,53.0,jo-jorgensen,"JORGENSEN, JO",Jo Jorgensen,LIBERTARIAN,24731,1560699,0.01584610485429926,False,1
2020,OKLAHOMA,OK,40,73,53.0,kanye-west,"WEST, KANYE",Kanye West,OTHER,5597,1560699,0.003586213613259187,False,1
2020,OKLAHOMA,OK,40,73,53.0,jade-simmons,"SIMMONS, JADE",Jade Simmons,OTHER,3654,1560699,0.002341258628345376,False,1
2020,OKLAHOMA,OK,40,73,53.0,brock-pierce,"PIERCE, BROCK",Brock Pierce,OTHER,2547,1560699,0.0016319610636003482,False,1
2020,OREGON,OR,41,92,72.0,joe-biden,"BIDEN, JOSEPH R. JR",Joe Biden,DEMOCRAT,1340383,2374321,0.5645331865404888,False,1
2020,OREGON,OR,41,92,72.0,donald-trump,"TRUMP, DONALD J.",Donald Trump,REPUBLICAN,958448,2374321,0.4036724604634335,False,1
2020,OREGON,OR,41,92,72.0,jo-jorgensen,"JORGENSEN, JO",Jo Jorgensen,LIBERTARIAN,41582,2374321,0.017513217463013635,False,1
2020,OREGON,OR,41,92,72.0,write-in-blank,,Write-in/blank,OTHER,17089,2374321,0.007197426127301237,True,1
2020,OREGON,OR,41,92,72.0,howie-hawkins,"HAWKINS, HOWIE",Howie Hawkins,OTHER,11831,2374321,0.004982898268599738,False,1
2020,OREGON,OR,41,92,72.0,dario-hunter,"HUNTER, DARIO",Dario Hunter,OTHER,4988,2374321,0.0021008111371630038,False,1
2020,PENNSYLVANIA,PA,42,23,14.0,joe-biden,"BIDEN, JOSEPH R. JR",Joe Biden,DEMOCRAT,3458229,6915283,0.5000849567544814,False,1
2020,PENNSYLVANIA,PA,42,23,14.0,donald-trump,"TRUMP, DONALD J.",Donald Trump,REPUBLICAN,3377674,6915283,0.4884361204017247,False,1
2020,PENNSYLVANIA,PA,42,23,14.0,jo-jorgensen,"JORGENSEN, JO",Jo Jorgensen,LIBERTARIAN,79380,6915283,0.011478922843793956,False,1
2020,RHODE ISLAND,RI,44,15,5.0,joe-biden,"BIDEN, JOSEPH R. JR",Joe Biden,DEMOCRAT,307486,516990,0.5947619876593357,False,1
2020,RHODE ISLAND,RI,44,15,5.0,donald-trump,"TRUMP, DONALD J.",Donald Trump,REPUBLICAN,199922,516990,0.38670380471575855,False,1
2020,RHODE ISLAND,RI,44,15,5.0,jo-jorgensen,"JORGENSEN, JO",Jo Jorgensen,LIBERTARIAN,5053,516990,0.009773883440685506,False,1
2020,RHODE ISLAND,RI,44,15,5.0,write-in-blank,,Write-in/blank,OTHER,2759,516990,0.005336660283564479,True,1
2020,RHODE ISLAND,RI,44,15,5.0,roque-rocky-de-la-fuente,"DE LA FUENTE, ROQUE ""ROCKY""","Roque ""Rocky"" De La Fuente",OTHER,923,516990,0.0017853343391554962,False,1
2020,RHODE ISLAND,RI,44,15,5.0,gloria-estella-la-riva,"LA RIVA, GLORIA ESTELLA",Gloria Estella La Riva,OTHER,847,516990,0.0016383295615002224,False,1
2020,SOUTH CAROLINA,SC,45,57,48.0,donald-trump,"TRUMP, DONALD J.",Donald Trump,REPUBLICAN,1385103,2514096,0.5509348091719648,False,1
2020,SOUTH CAROLINA,SC,45,57,48.0,joe-biden,"BIDEN, JOSEPH R. JR",Joe Biden,DEMOCRAT,1091541,2514096,0.43416838497813925,False,1
2020,SOUTH CAROLINA,SC,45,57,48.0,jo-jorgensen,"JORGENSEN, JO",Jo Jorgensen,LIBERTARIAN,27916,2514096,0.011103792377061179,False,1
2020,SOUTH CAROLINA,SC,45,57,48.0,howie-hawkins,"HAWKINS, HOWIE",Howie Hawkins,OTHER,6907,2514096,0.002747309569722079,False,1
2020,SOUTH CAROLINA,SC,45,57,48.0,roque-rocky-de-la-fuente,"DE LA FUENTE, ROQUE ""ROCKY""","Roque ""Rocky"" De La Fuente",OTHER,1862,2514096,0.0007406240652703795,False,1
2020,SOUTH CAROLINA,SC,45,57,48.0,brian-carroll,"CARROLL, BRIAN",Brian Carroll,OTHER,767,2514096,0.00030507983784230995,False,1
2020,SOUTH DAKOTA,SD,46,45,37.0,donald-trump,"TRUMP, DONALD J.",Donald Trump,REPUBLICAN,261043,422609,0.6176938967225024,False,1
2020,SOUTH DAKOTA,SD,46,45,37.0,joe-biden,"BIDEN, JOSEPH R. JR",Joe Biden,DEMOCRAT,150471,422609,0.3560525213613529,False,1
2020,SOUTH DAKOTA,SD,46,45,37.0,jo-jorgensen,"JORGENSEN, JO",Jo Jorgensen,LIBERTARIAN,11095,422609,0.02625358191614471,False,1
2020,TENNESSEE,TN,47,62,54.0,donald-trump,"TRUMP, DONALD J.",Donald Trump,REPUBLICAN,1852475,3053851,0.6066029416628381,False,1
2020,TENNESSEE,TN,47,62,54.0,joe-biden,"BIDEN, JOSEPH R. JR",Joe Biden,DEMOCRAT,1143711,3053851,0.37451434271023704,False,1
2020,TENNESSEE,TN,47,62,54.0,jo-jorgensen,"JORGENSEN, JO",Jo Jorgensen,OTHER,29877,3053851,0.009783384978507465,False,1
2020,TENNESSEE,TN,47,62,54.0,kanye-west,"WEST, KANYE",Kanye West,OTHER,10279,3053851,0.003365914054091048,False,1
2020,TENNESSEE,TN,47,62,54.0,don-blankenship,"BLANKENSHIP, DON",Don Blankenship,OTHER,5365,3053851,0.0017567982196904826,False,1
2020,TENNESSEE,TN,47,62,54.0,howie-hawkins,"HAWKINS, HOWIE",Howie Hawkins,OTHER,4545,3053851,0.0014882847918906326,False,1
2020,TENNESSEE,TN,47,62,54.0,alyson-kennedy,"KENNEDY, ALYSON",Alyson Kennedy,OTHER,2576,3053851,0.0008435251097712364,False,1
2020,TENNESSEE,TN,47,62,54.0,gloria-estella-la-riva,"LA RIVA, GLORIA ESTELLA",Gloria Estella La Riva,OTHER,2301,3053851,0.0007534748748383598,False,1
2020,TENNESSEE,TN,47,62,54.0,roque-rocky-de-la-fuente,"DE LA FUENTE, ROQUE ""ROCKY""","Roque ""Rocky"" De La Fuente",OTHER,1860,3053851,0.0006090670435460015,False,1
2020,TENNESSEE,TN,47,62,54.0,brian-carroll,"CARROLL, BRIAN",Brian Carroll,OTHER,762,3053851,0.00024952101461400705,True,1
2020,TENNESSEE,TN,47,62,54.0,jade-simmons,"SIMMONS, JADE",Jade Simmons,OTHER,68,3053851,2.22669671834022e-05,True,1
2020,TENNESSEE,TN,47,62,54.0,tom-hoefling,"HOEFLING, TOM",Tom Hoefling,OTHER,31,3053851,1.0151117392433358e-05,True,1
2020,TENNESSEE,TN,47,62,54.0,r-president-boddie,"BODDIE, R. PRESIDENT",R. President Boddie,OTHER,1,3053851,3.2745539975591474e-07,True,1
2020,TEXAS,TX,48,74,49.0,donald-trump,"TRUMP, DONALD J.",Donald Trump,REPUBLICAN,5890347,11315056,0.5205760360355265,False,1
2020,TEXAS,TX,48,74,49.0,joe-biden,"BIDEN, JOSEPH R. JR",Joe Biden,DEMOCRAT,5259126,11315056,0.4647900991387051,False,1
2020,TEXAS,TX,48,74,49.0,jo-jorgensen,"JORGENSEN, JO",Jo Jorgensen,LIBERTARIAN,126243,11315056,0.011157081325978414,False,1
2020,TEXAS,TX,48,74,49.0,howie-hawkins,"HAWKINS, HOWIE",Howie Hawkins,OTHER,33396,11315056,0.002951465728494848,False,1
2020,TEXAS,TX,48,74,49.0,brian-carroll,"CARROLL, BRIAN",Brian Carroll,OTHER,2785,11315056,0.00024613223301767133,True,1
2020,TEXAS,TX,48,74,49.0,r-president-boddie,"BODDIE, R. PRESIDENT",R. President Boddie,OTHER,2012,11315056,0.0001778161769592656,True,1
2020,TEXAS,TX,48,74,49.0,gloria-estella-la-riva,"LA RIVA, GLORIA ESTELLA",Gloria Estella La Riva,OTHER,350,11315056,3.093223754261579e-05,True,1
2020,TEXAS,TX,48,74,49.0,tom-hoefling,"HOEFLING, TOM",Tom Hoefling,OTHER,337,11315056,2.9783325862461485e-05,True,1
2020,TEXAS,TX,48,74,49.0,todd-cella,"CELLA, TODD",Todd Cella,OTHER,205,11315056,1.8117453417817818e-05,True,1
2020,TEXAS,TX,48,74,49.0,kasey-wells,"WELLS, KASEY",Kasey Wells,OTHER,114,11315056,1.0075071656737712e-05,True,1
2020,TEXAS,TX,48,74,49.0,robert-morrow,"MORROW, ROBERT",Robert Morrow,OTHER,56,11315056,4.9491580068185255e-06,True,1
2020,TEXAS,TX,48,74,49.0,jesse-cuellar,"CUELLAR, JESSE",Jesse Cuellar,OTHER,49,11315056,4.33051325596621e-06,True,1
2020,TEXAS,TX,48,74,49.0,abram-loeb,"LOEB, ABRAM",Abram Loeb,OTHER,36,11315056,3.1816015758119095e-06,True,1
2020,UTAH,UT,49,87,67.0,donald-trump,"TRUMP, DONALD J.",Donald Trump,REPUBLICAN,865140,1488289,0.5812983902991959,False,1
2020,UTAH,UT,49,87,67.0,joe-biden,"BIDEN, JOSEPH R. JR",Joe Biden,DEMOCRAT,560282,1488289,0.37646048583306063,False,1
2020,UTAH,UT,49,87,67.0,jo-jorgensen,"JORGENSEN, JO",Jo Jorgensen,LIBERTARIAN,38447,1488289,0.02583302033408834,False,1
2020,UTAH,UT,49,87,67.0,kanye-west,"WEST, KANYE",Kanye West,OTHER,7213,1488289,0.004846504946283955,True,1
2020,UTAH,UT,49,87,67.0,don-blankenship,"BLANKENSHIP, DON",Don Blankenship,OTHER,5551,1488289,0.0037297863519786816,False,1
2020,UTAH,UT,49,87,67.0,howie-hawkins,"HAWKINS, HOWIE",Howie Hawkins,OTHER,5053,1488289,0.003395173921194069,False,1
2020,UTAH,UT,49,87,67.0,brock-pierce,"PIERCE, BROCK",Brock Pierce,OTHER,2623,1488289,0.0017624265179679484,True,1
2020,UTAH,UT,49,87,67.0,joe-mchugh,"MCHUGH, JOE",Joe Mchugh,OTHER,2229,1488289,0.0014976929883913676,True,1
2020,UTAH,UT,49,87,67.0,gloria-estella-la-riva,"LA RIVA, GLORIA ESTELLA",Gloria Estella La Riva,OTHER,1139,1488289,0.0007653083507302681,True,1
2020,UTAH,UT,49,87,67.0,brian-carroll,"CARROLL, BRIAN",Brian Carroll,OTHER,368,1488289,0.000247263804274573,True,1
2020,UTAH,UT,49,87,67.0,jade-simmons,"SIMMONS, JADE",Jade Simmons,OTHER,186,1488289,0.00012497572716051788,True,1
2020,UTAH,UT,49,87,67.0,tom-hoefling,"HOEFLING, TOM",Tom Hoefling,OTHER,51,1488289,3.426753809240007e-05,True,1
2020,UTAH,UT,49,87,67.0,r-president-boddie,"BODDIE, R. PRESIDENT",R. President Boddie,OTHER,6,1488289,4.031475069694125e-06,True,1
2020,UTAH,UT,49,87,67.0,katherine-forbes,"FORBES, KATHERINE",Katherine Forbes,OTHER,1,1488289,6.719125116156875e-07,True,1
2020,VIRGINIA,VA,51,54,40.0,joe-biden,"BIDEN, JOSEPH R. JR",Joe Biden,DEMOCRAT,2413568,4460524,0.5410951717780242,False,1
2020,VIRGINIA,VA,51,54,40.0,donald-trump,"TRUMP, DONALD J.",Donald Trump,REPUBLICAN,1962430,4460524,0.4399550366728214,False,1
2020,VIRGINIA,VA,51,54,40.0,jo-jorgensen,"JORGENSEN, JO",Jo Jorgensen,LIBERTARIAN,64761,4460524,0.01451869780321774,False,1
2020,VIRGINIA,VA,51,54,40.0,write-in-blank,,Write-in/blank,OTHER,19765,4460524,0.004431093745936576,True,1
2020,VERMONT,VT,50,13,6.0,joe-biden,"BIDEN, JOSEPH R. JR",Joe Biden,DEMOCRAT,242820,370968,0.6545578055250049,False,1
2020,VERMONT,VT,50,13,6.0,donald-trump,"TRUMP, DONALD J.",Donald Trump,REPUBLICAN,112704,370968,0.3038105712622113,False,1
2020,VERMONT,VT,50,13,6.0,jo-jorgensen,"JORGENSEN, JO",Jo Jorgensen,LIBERTARIAN,3608,370968,0.009725906277630416,False,1
2020,VERMONT,VT,50,13,6.0,blank-votes,BLANK VOTES,Blank Votes,OTHER,3262,370968,0.00879321127428781,False,1
2020,VERMONT,VT,50,13,6.0,write-in-blank,,Write-in/blank,OTHER,1942,370968,0.0052349528800327795,True,1
2020,VERMONT,VT,50,13,6.0,howie-hawkins,"HAWKINS, HOWIE",Howie Hawkins,OTHER,1310,370968,0.0035313018912682495,False,1
2020,VERMONT,VT,50,13,6.0,kanye-west,"WEST, KANYE",Kanye West,OTHER,1269,370968,0.0034207802290224494,False,1
2020,VERMONT,VT,50,13,6.0,brooke-h-paige,"PAIGE, BROOKE H.",Brooke H. Paige,OTHER,1175,370968,0.0031673891009467124,False,1
2020,VERMONT,VT,50,13,6.0,christopher-lafontaine,"LAFONTAINE, CHRISTOPHER",Christopher Lafontaine,OTHER,856,370968,0.0023074766556684134,False,1
2020,VERMONT,VT,50,13,6.0,overvotes,OVERVOTES,Overvotes,OTHER,278,370968,0.0007493907830324987,False,1
2020,VERMONT,VT,50,13,6.0,richard-duncan,"DUNCAN, RICHARD",Richard Duncan,OTHER,213,370968,0.0005741735136184253,False,1
2020,VERMONT,VT,50,13,6.0,brian-carroll,"CARROLL, BRIAN",Brian Carroll,OTHER,209,370968,0.0005633909124237131,False,1
2020,VERMONT,VT,50,13,6.0,don-blankenship,"BLANKENSHIP, DON",Don Blankenship,OTHER,208,370968,0.000560695262125035,False,1
2020,VERMONT,VT,50,13,6.0,alyson-kennedy,"KENNEDY, ALYSON",Alyson Kennedy,OTHER,195,370968,0.0005256518082422204,False,1
2020,VERMONT,VT,50,13,6.0,gloria-estella-la-riva,"LA RIVA, GLORIA ESTELLA",Gloria Estella La Riva,OTHER,166,370968,0.0004474779495805568,False,1
2020,VERMONT,VT,50,13,6.0,gary-swing,"SWING, GARY",Gary Swing,OTHER,141,370968,0.0003800866921136055,False,1
2020,VERMONT,VT,50,13,6.0,phil-collins,"COLLINS, PHIL",Phil Collins,OTHER,137,370968,0.0003693040909188933,False,1
2020,VERMONT,VT,50,13,6.0,keith-mccormic,"MCCORMIC, KEITH",Keith Mccormic,OTHER,126,370968,0.0003396519376334347,False,1
2020,VERMONT,VT,50,13,6.0,brock-pierce,"PIERCE, BROCK",Brock Pierce,OTHER,100,370968,0.0002695650298678053,False,1
2020,VERMONT,VT,50,13,6.0,jerome-m-segal,"SEGAL, JEROME M.",Jerome M. Segal,OTHER,65,370968,0.00017521726941407346,False,1
2020,VERMONT,VT,50,13,6.0,blake-huber,"HUBER, BLAKE",Blake Huber,OTHER,54,370968,0.00014556511612861487,False,1
2020,VERMONT,VT,50,13,6.0,kyle-kenley-kopitke,"KOPITKE, KYLE KENLEY",Kyle Kenley Kopitke,OTHER,53,370968,0.0001428694658299368,False,1
2020,VERMONT,VT,50,13,6.0,roque-rocky-de-la-fuente,"DE LA FUENTE, ROQUE ""ROCKY""","Roque ""Rocky"" De La Fuente",OTHER,48,370968,0.00012939121433654655,False,1
2020,VERMONT,VT,50,13,6.0,zachary-scalf,"SCALF, ZACHARY",Zachary Scalf,OTHER,29,370968,7.817385866166354e-05,False,1
2020,WASHINGTON,WA,53,91,73.0,joe-biden,"BIDEN, JOSEPH R. JR",Joe Biden,DEMOCRAT,2369612,4087631,0.5797030113530306,False,1
2020,WASHINGTON,WA,53,91,73.0,donald-trump,"TRUMP, DONALD J.",Donald Trump,REPUBLICAN,1584651,4087631,0.3876697774334327,False,1
2020,WASHINGTON,WA,53,91,73.0,jo-jorgensen,"JORGENSEN, JO",Jo Jorgensen,LIBERTARIAN,80500,4087631,0.019693558444977055,False,1
2020,WASHINGTON,WA,53,91,73.0,write-in-blank,,Write-in/blank,OTHER,27252,4087631,0.006666942294938071,True,1
2020,WASHINGTON,WA,53,91,73.0,howie-hawkins,"HAWKINS, HOWIE",Howie Hawkins,OTHER,18289,4087631,0.00447422969441224,False,1
2020,WASHINGTON,WA,53,91,73.0,gloria-estella-la-riva,"LA RIVA, GLORIA ESTELLA",Gloria Estella La Riva,OTHER,4840,4087631,0.0011840599114743967,False,1
2020,WASHINGTON,WA,53,91,73.0,alyson-kennedy,"KENNEDY, ALYSON",Alyson Kennedy,OTHER,2487,4087631,0.0006084208677348812,False,1
2020,WISCONSIN,WI,55,35,25.0,joe-biden,"BIDEN, JOSEPH R. JR",Joe Biden,DEMOCRAT,1630866,3298041,0.4944953686142774,False,1
2020,WISCONSIN,WI,55,35,25.0,donald-trump,"TRUMP, DONALD J.",Donald Trump,REPUBLICAN,1610184,3298041,0.48822437319608825,False,1
2020,WISCONSIN,WI,55,35,25.0,jo-jorgensen,"JORGENSEN, JO",Jo Jorgensen,OTHER,38491,3298041,0.011670867645368873,False,1
2020,WISCONSIN,WI,55,35,25.0,write-in-blank,,Write-in/blank,OTHER,6367,3298041,0.001930539978126409,True,1
2020,WISCONSIN,WI,55,35,25.0,brian-carroll,"CARROLL, BRIAN",Brian Carroll,OTHER,5259,3298041,0.0015945829660698578,False,1
2020,WISCONSIN,WI,55,35,25.0,don-blankenship,"BLANKENSHIP, DON",Don Blankenship,OTHER,5146,3298041,0.0015603202022048846,False,1
2020,WISCONSIN,WI,55,35,25.0,howie-hawkins,"HAWKINS, HOWIE",Howie Hawkins,OTHER,1089,3298041,0.00033019601636244064,True,1
2020,WISCONSIN,WI,55,35,25.0,kanye-west,"WEST, KANYE",Kanye West,OTHER,411,3298041,0.00012461943317260154,True,1
2020,WISCONSIN,WI,55,35,25.0,gloria-estella-la-riva,"LA RIVA, GLORIA ESTELLA",Gloria Estella La Riva,OTHER,110,3298041,3.335313296590309e-05,True,1
2020,WISCONSIN,WI,55,35,25.0,mark-charles,"CHARLES, MARK",Mark Charles,OTHER,52,3298041,1.5766935583881463e-05,True,1
2020,WISCONSIN,WI,55,35,25.0,jade-simmons,"SIMMONS, JADE",Jade Simmons,OTHER,36,3298041,1.0915570788841012e-05,True,1
2020,WISCONSIN,WI,55,35,25.0,kasey-wells,"WELLS, KASEY",Kasey Wells,OTHER,25,3298041,7.580257492250703e-06,True,1
2020,WISCONSIN,WI,55,35,25.0,r-president-boddie,"BODDIE, R. PRESIDENT",R. President Boddie,OTHER,5,3298041,1.5160514984501406e-06,True,1
2020,WEST VIRGINIA,WV,54,55,56.0,donald-trump,"TRUMP, DONALD J.",Donald Trump,REPUBLICAN,545382,794652,0.6863155192461606,False,1
2020,WEST VIRGINIA,WV,54,55,56.0,joe-biden,"BIDEN, JOSEPH R. JR",Joe Biden,DEMOCRAT,235984,794652,0.29696521244519614,False,1
2020,WEST VIRGINIA,WV,54,55,56.0,jo-jorgensen,"JORGENSEN, JO",Jo Jorgensen,LIBERTARIAN,10687,794652,0.01344865425368589,False,1
2020,WEST VIRGINIA,WV,54,55,56.0,howie-hawkins,"HAWKINS, HOWIE",Howie Hawkins,OTHER,2599,794652,0.00327061405495739,False,1
2020,WYOMING,WY,56,83,68.0,donald-trump,"TRUMP, DONALD J.",Donald Trump,REPUBLICAN,193559,278503,0.6949978994840271,False,1
2020,WYOMING,WY,56,83,68.0,joe-biden,"BIDEN, JOSEPH R. JR",Joe Biden,DEMOCRAT,73491,278503,0.26387866557990397,False,1
2020,WYOMING,WY,56,83,68.0,jo-jorgensen,"JORGENSEN, JO",Jo Jorgensen,LIBERTARIAN,5768,278503,0.020710728430214397,False,1
2020,WYOMING,WY,56,83,68.0,brock-pierce,"PIERCE, BROCK",Brock Pierce,OTHER,2208,278503,0.00792810131309178,False,1
2020,WYOMING,WY,56,83,68.0,write-in-blank,,Write-in/blank,OTHER,1739,278503,0.006244097909178716,True,1
2020,WYOMING,WY,56,83,68.0,undervotes,UNDERVOTES,Undervotes,OTHER,1459,278503,0.0052387227426634545,False,1
2020,WYOMING,WY,56,83,68.0,overvotes,OVERVOTES,Overvotes,OTHER,279,278503,0.0010017845409205646,False,1
2024,ALASKA,AK,2,94,81.0,donald-trump,"TRUMP, DONALD J.",Donald Trump,REPUBLICAN,184458,338177,0.5454480937497228,False,1
2024,ALASKA,AK,2,94,81.0,kamala-harris,"HARRIS, KAMALA D.",Kamala Harris,DEMOCRAT,140026,338177,0.4140612756041954,False,1
2024,ALASKA,AK,2,94,81.0,robert-f-kennedy-jr,"KENNEDY, ROBERT F. JR",Robert F. Kennedy Jr.,OTHER,5670,338177,0.01676636790792987,False,1
2024,ALASKA,AK,2,94,81.0,chase-oliver,"OLIVER, CHASE",Chase Oliver,LIBERTARIAN,3040,338177,0.008989375386262224,False,1
2024,ALASKA,AK,2,94,81.0,jill-stein,"STEIN, JILL",Jill Stein,OTHER,2342,338177,0.006925367485074384,False,1
2024,ALASKA,AK,2,94,81.0,cornel-west,"WEST, CORNEL",Cornel West,OTHER,1127,338177,0.003332574361946555,False,1
2024,ALASKA,AK,2,94,81.0,randall-a-terry,"TERRY, RANDALL A.",Randall A. Terry,OTHER,812,338177,0.0024011094781726727,False,1
2024,ALASKA,AK,2,94,81.0,peter-sonski,"SONSKI, PETER",Peter Sonski,OTHER,702,338177,0.002075836026696079,False,1
2024,ALABAMA,AL,1,63,41.0,donald-trump,"TRUMP, DONALD J.",Donald Trump,REPUBLICAN,1462616,2265090,0.6457209205815222,False,1
2024,ALABAMA,AL,1,63,41.0,kamala-harris,"HARRIS, KAMALA D.",Kamala Harris,DEMOCRAT,772412,2265090,0.3410072005968858,False,1
2024,ALABAMA,AL,1,63,41.0,robert-f-kennedy-jr,"KENNEDY, ROBERT F. JR",Robert F. Kennedy Jr.,OTHER,12075,2265090,0.0053309140034170826,False,1
2024,ALABAMA,AL,1,63,41.0,write-in,WRITE-IN,Write-In,OTHER,8738,2265090,0.0038576833591601216,True,1
2024,ALABAMA,AL,1,63,41.0,chase-oliver,"OLIVER, CHASE",Chase Oliver,LIBERTARIAN,4930,2265090,0.0021765139575027925,False,1
2024,ALABAMA,AL,1,63,41.0,jill-stein,"STEIN, JILL",Jill Stein,OTHER,4319,2265090,0.0019067675015120812,False,1
2024,ARKANSAS,AR,5,71,42.0,donald-trump,"TRUMP, DONALD J.",Donald Trump,REPUBLICAN,759241,1182676,0.6419687217800987,False,1
2024,ARKANSAS,AR,5,71,42.0,kamala-harris,"HARRIS, KAMALA D.",Kamala Harris,DEMOCRAT,396905,1182676,0.3355990989924544,False,1
2024,ARKANSAS,AR,5,71,42.0,robert-f-kennedy-jr,"KENNEDY, ROBERT F. JR",Robert F. Kennedy Jr.,OTHER,13255,1182676,0.011207634212582314,False,1
2024,ARKANSAS,AR,5,71,42.0,chase-oliver,"OLIVER, CHASE",Chase Oliver,LIBERTARIAN,5715,1182676,0.004832261752162046,False,1
2024,ARKANSAS,AR,5,71,42.0,jill-stein,"STEIN, JILL",Jill Stein,OTHER,4275,1182676,0.003614683987837751,False,1
2024,ARKANSAS,AR,5,71,42.0,peter-sonski,"SONSKI, PETER",Peter Sonski,OTHER,2141,1182676,0.0018103013843182747,False,1
2024,ARKANSAS,AR,5,71,42.0,michael-wood,"WOOD, MICHAEL",Michael Wood,OTHER,1144,1182676,0.0009672978905465233,False,1
2024,ARIZONA,AZ,4,86,61.0,donald-trump,"TRUMP, DONALD J.",Donald Trump,REPUBLICAN,1770242,3389319,0.5223002024890546,False,1
2024,ARIZONA,AZ,4,86,61.0,kamala-harris,"HARRIS, KAMALA D.",Kamala Harris,DEMOCRAT,1582860,3389319,0.46701417010319773,False,1
2024,ARIZONA,AZ,4,86,61.0,jill-stein,"STEIN, JILL",Jill Stein,OTHER,18319,3389319,0.0054049205754902385,False,1
2024,ARIZONA,AZ,4,86,61.0,chase-oliver,"OLIVER, CHASE",Chase Oliver,LIBERTARIAN,17898,3389319,0.0052807068322574535,False,1
2024,CALIFORNIA,CA,6,93,71.0,kamala-harris,"HARRIS, KAMALA D.",Kamala Harris,DEMOCRAT,9276179,15865475,0.58467704244594,False,1
2024,CALIFORNIA,CA,6,93,71.0,donald-trump,"TRUMP, DONALD J.",Donald Trump,REPUBLICAN,6081697,15865475,0.38332902103466804,False,1
2024,CALIFORNIA,CA,6,93,71.0,robert-f-kennedy-jr,"KENNEDY, ROBERT F. JR",Robert F. Kennedy Jr.,OTHER,197645,15865475,0.012457553272120753,False,1
2024,CALIFORNIA,CA,6,93,71.0,jill-stein,"STEIN, JILL",Jill Stein,OTHER,167814,15865475,0.010577307014129738,False,1
2024,CALIFORNIA,CA,6,93,71.0,claudia-de-la-cruz,"DE LA CRUZ, CLAUDIA",Claudia De La Cruz,OTHER,72539,15865475,0.0045721291042341945,False,1
2024,CALIFORNIA,CA,6,93,71.0,chase-oliver,"OLIVER, CHASE",Chase Oliver,LIBERTARIAN,66662,15865475,0.004201702123636387,False,1
2024,CALIFORNIA,CA,6,93,71.0,peter-sonski,"PETER
SONSKI","Peter
Sonski",OTHER,2939,15865475,0.00018524500527087906,True,1
2024,COLORADO,CO,8,84,62.0,kamala-harris,"HARRIS, KAMALA D.",Kamala Harris,DEMOCRAT,1728159,3192745,0.5412768636392822,False,1
2024,COLORADO,CO,8,84,62.0,donald-trump,"TRUMP, DONALD J.",Donald Trump,REPUBLICAN,1377441,3192745,0.4314284416700989,False,1
2024,COLORADO,CO,8,84,62.0,robert-f-kennedy-jr,"KENNEDY, ROBERT F. JR",Robert F. Kennedy Jr.,OTHER,35623,3192745,0.011157483607366075,False,1
2024,COLORADO,CO,8,84,62.0,chase-oliver,"OLIVER, CHASE",Chase Oliver,LIBERTARIAN,21439,3192745,0.006714911463333276,False,1
2024,COLORADO,CO,8,84,62.0,jill-stein,"STEIN, JILL",Jill Stein,OTHER,17344,3192745,0.005432316079110608,False,1
2024,COLORADO,CO,8,84,62.0,cornel-west,"WEST, CORNEL",Cornel West,OTHER,5149,3192745,0.0016127188359859618,False,1
2024,COLORADO,CO,8,84,62.0,randall-terry,"TERRY, RANDALL",Randall Terry,OTHER,3522,3192745,0.001103125993463305,False,1
2024,COLORADO,CO,8,84,62.0,blake-huber,"HUBER, BLAKE",Blake Huber,OTHER,2196,3192745,0.00068780939285787,False,1
2024,COLORADO,CO,8,84,62.0,peter-sonski-and-lauren-onak,PETER SONSKI AND LAUREN ONAK,Peter Sonski And Lauren Onak,OTHER,910,3192745,0.00028502119649392605,True,1
2024,COLORADO,CO,8,84,62.0,claudia-de-la-cruz-and-karina-garcia,CLAUDIA DE LA CRUZ AND KARINA GARCIA,Claudia De La Cruz And Karina Garcia,OTHER,905,3192745,0.0002834551459637397,True,1
2024,COLORADO,CO,8,84,62.0,chris-garrity-and-cody-ballard,CHRIS GARRITY AND CODY BALLARD,Chris Garrity And Cody Ballard,OTHER,30,3192745,9.396303181118441e-06,True,1
2024,COLORADO,CO,8,84,62.0,shiva-ayyadurai-and-crystal-ellis,SHIVA AYYADURAI AND CRYSTAL ELLIS,Shiva Ayyadurai And Crystal Ellis,OTHER,15,3192745,4.698151590559221e-06,True,1
2024,COLORADO,CO,8,84,62.0,bill-frankel-and-steve-jenkins,BILL FRANKEL AND STEVE JENKINS,Bill Frankel And Steve Jenkins,OTHER,10,3192745,3.132101060372814e-06,True,1
2024,COLORADO,CO,8,84,62.0,brian-anthony-perry-and-mark-sbani,BRIAN ANTHONY PERRY AND MARK SBANI,Brian Anthony Perry And Mark Sbani,OTHER,2,3192745,6.264202120745628e-07,True,1
2024,CONNECTICUT,CT,9,16,1.0,kamala-harris,"HARRIS, KAMALA D.",Kamala Harris,DEMOCRAT,992053,1759010,0.5639837181141665,False,1
2024,CONNECTICUT,CT,9,16,1.0,donald-trump,"TRUMP, DONALD J.",Donald Trump,REPUBLICAN,736918,1759010,0.4189390623134604,False,1
2024,CONNECTICUT,CT,9,16,1.0,jill-stein,"STEIN, JILL",Jill Stein,OTHER,14281,1759010,0.008118771354341362,False,1
2024,CONNECTICUT,CT,9,16,1.0,robert-f-kennedy-jr,"KENNEDY, ROBERT F. JR",Robert F. Kennedy Jr.,OTHER,8448,1759010,0.004802701519604778,False,1
2024,CONNECTICUT,CT,9,16,1.0,chase-oliver,"OLIVER, CHASE",Chase Oliver,LIBERTARIAN,6729,1759010,0.0038254472686340612,False,1
2024,CONNECTICUT,CT,9,16,1.0,de-la-cruz-unknown-garcia,DE LA CRUZ UNKNOWN GARCIA,De La Cruz Unknown Garcia,OTHER,264,1759010,0.0001500844224876493,True,1
2024,CONNECTICUT,CT,9,16,1.0,sonski,SONSKI,Sonski,OTHER,162,1759010,9.20972592537848e-05,True,1
2024,CONNECTICUT,CT,9,16,1.0,west,WEST,West,OTHER,128,1759010,7.276820484249664e-05,True,1
2024,CONNECTICUT,CT,9,16,1.0,ayyadurai-ellis-unknown-ellis,AYYADURAI ELLIS UNKNOWN ELLIS,Ayyadurai Ellis Unknown Ellis,OTHER,21,1759010,1.1938533606972104e-05,True,1
2024,CONNECTICUT,CT,9,16,1.0,fox,FOX,Fox,OTHER,4,1759010,2.27400640132802e-06,True,1
2024,CONNECTICUT,CT,9,16,1.0,potus-kennedy-unknown-kennedy,POTUS KENNEDY UNKNOWN KENNEDY,Potus Kennedy Unknown Kennedy,OTHER,2,1759010,1.13700320066401e-06,True,1
2024,CONNECTICUT,CT,9,16,1.0,mcneil,MCNEIL,Mcneil,OTHER,0,1759010,0.0,True,1
2024,DISTRICT OF COLUMBIA,DC,11,53,55.0,kamala-harris,"HARRIS, KAMALA D.",Kamala Harris,DEMOCRAT,294185,325869,0.9027707452994915,False,1
2024,DISTRICT OF COLUMBIA,DC,11,53,55.0,donald-trump,"TRUMP, DONALD J.",Donald Trump,REPUBLICAN,21076,325869,0.06467629630311567,False,1
2024,DISTRICT OF COLUMBIA,DC,11,53,55.0,write-in,WRITE-IN,Write-In,OTHER,7830,325869,0.024028060355541645,True,1
2024,DISTRICT OF COLUMBIA,DC,11,53,55.0,robert-f-kennedy-jr,"KENNEDY, ROBERT F. JR",Robert F. Kennedy Jr.,OTHER,2778,325869,0.008524898041851173,False,1
2024,DISTRICT OF COLUMBIA,DC,11,53,55.0,undervotes,UNDERVOTES,Undervotes,OTHER,2075,325869,0.0063675894301084175,False,1
2024,DISTRICT OF COLUMBIA,DC,11,53,55.0,overvotes,OVERVOTES,Overvotes,OTHER,460,325869,0.001411610186915601,False,1
2024,DELAWARE,DE,10,51,11.0,kamala-harris,"HARRIS, KAMALA D.",Kamala Harris,DEMOCRAT,289758,512913,0.5649262155570243,False,1
2024,DELAWARE,DE,10,51,11.0,donald-trump,"TRUMP, DONALD J.",Donald Trump,REPUBLICAN,214351,512913,0.4179090800974044,False,1
2024,DELAWARE,DE,10,51,11.0,robert-f-kennedy-jr,"KENNEDY, ROBERT F. JR",Robert F. Kennedy Jr.,OTHER,4636,512913,0.00903856989391963,False,1
2024,DELAWARE,DE,10,51,11.0,chase-oliver,"OLIVER, CHASE",Chase Oliver,LIBERTARIAN,2038,512913,0.003973383400303755,False,1
2024,DELAWARE,DE,10,51,11.0,jill-stein-and-rudolph-ware,JILL STEIN AND RUDOLPH WARE,Jill Stein And Rudolph Ware,OTHER,914,512913,0.0017819786201558549,True,1
2024,DELAWARE,DE,10,51,11.0,vermin-supreme,"SUPREME, VERMIN",Vermin Supreme,OTHER,914,512913,0.0017819786201558549,False,1
2024,DELAWARE,DE,10,51,11.0,peter-sonski-and-lauren-onak,PETER SONSKI AND LAUREN ONAK,Peter Sonski And Lauren Onak,OTHER,98,512913,0.0001910655413296212,True,1
2024,DELAWARE,DE,10,51,11.0,cornel-west-and-melina-abdullah,CORNEL WEST AND MELINA ABDULLAH,Cornel West And Melina Abdullah,OTHER,96,512913,0.0001871662445677922,True,1
2024,DELAWARE,DE,10,51,11.0,claudia-de-la-cruz-and-karina-garcia,CLAUDIA DE LA CRUZ AND KARINA GARCIA,Claudia De La Cruz And Karina Garcia,OTHER,87,512913,0.00016961940913956167,True,1
2024,DELAWARE,DE,10,51,11.0,james-walker,JAMES WALKER,James Walker,OTHER,7,512913,1.3647538666401514e-05,True,1
2024,DELAWARE,DE,10,51,11.0,dr-shiva,DR. SHIVA,Dr. Shiva,OTHER,4,512913,7.798593523658009e-06,True,1
2024,DELAWARE,DE,10,51,11.0,john-cheng,JOHN CHENG,John Cheng,OTHER,4,512913,7.798593523658009e-06,True,1
2024,DELAWARE,DE,10,51,11.0,cherunda-fox,CHERUNDA FOX,Cherunda Fox,OTHER,2,512913,3.899296761829004e-06,True,1
2024,DELAWARE,DE,10,51,11.0,edward-shlikas,EDWARD SHLIKAS,Edward Shlikas,OTHER,2,512913,3.899296761829004e-06,True,1
2024,DELAWARE,DE,10,51,11.0,brent-peterson,BRENT PETERSON,Brent Peterson,OTHER,1,512913,1.949648380914502e-06,True,1
2024,DELAWARE,DE,10,51,11.0,doug-jenkins,DOUG JENKINS,Doug Jenkins,OTHER,1,512913,1.949648380914502e-06,True,1
2024,FLORIDA,FL,12,59,43.0,donald-trump,"TRUMP, DONALD J.",Donald Trump,REPUBLICAN,6110125,10893752,0.5608834311631108,False,1
2024,FLORIDA,FL,12,59,43.0,kamala-harris,"HARRIS, KAMALA D.",Kamala Harris,DEMOCRAT,4683038,10893752,0.42988292738810285,False,1
2024,FLORIDA,FL,12,59,43.0,jill-stein,"STEIN, JILL",Jill Stein,OTHER,43155,10893752,0.003961445055844855,False,1
2024,FLORIDA,FL,12,59,43.0,chase-oliver,"OLIVER, CHASE",Chase Oliver,LIBERTARIAN,31972,10893752,0.002934893322337428,False,1
2024,FLORIDA,FL,12,59,43.0,claudia-de-la-cruz,"DE LA CRUZ, CLAUDIA",Claudia De La Cruz,OTHER,11969,10893752,0.00109870318325587,False,1
2024,FLORIDA,FL,12,59,43.0,peter-sonski,"SONSKI, PETER",Peter Sonski,OTHER,7454,10893752,0.0006842454280214935,False,1
2024,FLORIDA,FL,12,59,43.0,randall-terry,"TERRY, RANDALL",Randall Terry,OTHER,5834,10893752,0.0005355363331201224,False,1
2024,FLORIDA,FL,12,59,43.0,ayyadurai,AYYADURAI,Ayyadurai,OTHER,199,10893752,1.8267351781094336e-05,True,1
2024,FLORIDA,FL,12,59,43.0,fox,FOX,Fox,OTHER,6,10893752,5.507744255606333e-07,True,1
2024,GEORGIA,GA,13,58,44.0,donald-trump,"TRUMP, DONALD J.",Donald Trump,REPUBLICAN,2663117,5250905,0.5071729539955493,False,1
2024,GEORGIA,GA,13,58,44.0,kamala-harris,"HARRIS, KAMALA D.",Kamala Harris,DEMOCRAT,2548017,5250905,0.4852529230675474,False,1
2024,GEORGIA,GA,13,58,44.0,chase-oliver,"OLIVER, CHASE",Chase Oliver,LIBERTARIAN,20684,5250905,0.003939130492743632,False,1
2024,GEORGIA,GA,13,58,44.0,jill-stein,"STEIN, JILL",Jill Stein,OTHER,18229,5250905,0.003471592039848369,False,1
2024,GEORGIA,GA,13,58,44.0,peter-sonski,PETER SONSKI,Peter Sonski,OTHER,730,5250905,0.000139023654017736,True,1
2024,GEORGIA,GA,13,58,44.0,shiva-ayyadurai,SHIVA AYYADURAI,Shiva Ayyadurai,OTHER,37,5250905,7.046404381720865e-06,True,1
2024,GEORGIA,GA,13,58,44.0,jay-j-bowman,JAY J BOWMAN,Jay J Bowman,OTHER,30,5250905,5.713300850043944e-06,True,1
2024,GEORGIA,GA,13,58,44.0,emily-mathews,EMILY MATHEWS,Emily Mathews,OTHER,19,5250905,3.6184238716944982e-06,True,1
2024,GEORGIA,GA,13,58,44.0,president-r-boddie,PRESIDENT R BODDIE,President R Boddie,OTHER,14,5250905,2.666207063353841e-06,True,1
2024,GEORGIA,GA,13,58,44.0,brian-kienitz,BRIAN KIENITZ,Brian Kienitz,OTHER,13,5250905,2.4757637016857096e-06,True,1
2024,GEORGIA,GA,13,58,44.0,andr-ramon-mcneil-sr,ANDRÉ RAMON MCNEIL SR,André Ramon Mcneil Sr,OTHER,9,5250905,1.7139902550131834e-06,True,1
2024,GEORGIA,GA,13,58,44.0,nomusa-venita-smith,NOMUSA VENITA SMITH,Nomusa Venita Smith,OTHER,3,5250905,5.713300850043945e-07,True,1
2024,GEORGIA,GA,13,58,44.0,susan-maude-buscher,SUSAN MAUDE BUSCHER,Susan Maude Buscher,OTHER,3,5250905,5.713300850043945e-07,True,1
2024,HAWAII,HI,15,95,82.0,kamala-harris,"HARRIS, KAMALA D.",Kamala Harris,DEMOCRAT,313044,522236,0.5994301426941077,False,1
2024,HAWAII,HI,15,95,82.0,donald-trump,"TRUMP, DONALD J.",Donald Trump,REPUBLICAN,193661,522236,0.37083042915463504,False,1
2024,HAWAII,HI,15,95,82.0,undervotes,UNDERVOTES,Undervotes,OTHER,5010,522236,0.009593363919760414,False,1
2024,HAWAII,HI,15,95,82.0,jill-stein,"STEIN, JILL",Jill Stein,OTHER,4387,522236,0.008400416669858073,False,1
2024,HAWAII,HI,15,95,82.0,chase-oliver,"OLIVER, CHASE",Chase Oliver,LIBERTARIAN,2733,522236,0.005233266186168706,False,1
2024,HAWAII,HI,15,95,82.0,claudia-de-la-cruz,"DE LA CRUZ, CLAUDIA",Claudia De La Cruz,OTHER,1940,522236,0.0037147956096477454,False,1
2024,HAWAII,HI,15,95,82.0,peter-sonski,"SONSKI, PETER",Peter Sonski,OTHER,936,522236,0.0017922931395001494,False,1
2024,HAWAII,HI,15,95,82.0,overvotes,OVERVOTES,Overvotes,OTHER,525,522236,0.0010052926263221993,False,1
2024,IOWA,IA,19,42,31.0,donald-trump,"TRUMP, DONALD J.",Donald Trump,REPUBLICAN,927019,1663506,0.5572682034209675,False,1
2024,IOWA,IA,19,42,31.0,kamala-harris,"HARRIS, KAMALA D.",Kamala Harris,DEMOCRAT,707278,1663506,0.425173098263547,False,1
2024,IOWA,IA,19,42,31.0,robert-f-kennedy-jr,"KENNEDY, ROBERT F. JR",Robert F. Kennedy Jr.,OTHER,13122,1663506,0.007888159104926584,False,1
2024,IOWA,IA,19,42,31.0,chase-oliver,"OLIVER, CHASE",Chase Oliver,LIBERTARIAN,7218,1663506,0.00433902853371133,False,1
2024,IOWA,IA,19,42,31.0,write-in,WRITE-IN,Write-In,OTHER,6657,1663506,0.004001788992645653,True,1
2024,IOWA,IA,19,42,31.0,claudia-de-la-cruz,"DE LA CRUZ, CLAUDIA",Claudia De La Cruz,OTHER,1427,1663506,0.0008578267827107326,False,1
2024,IOWA,IA,19,42,31.0,shiva-ayyadurai,"AYYADURAI, SHIVA",Shiva Ayyadurai,OTHER,424,1663506,0.0002548833608054314,False,1
2024,IOWA,IA,19,42,31.0,william-p-stodden,"STODDEN, WILLIAM P.",William P. Stodden,OTHER,361,1663506,0.00021701154068575647,False,1
2024,IDAHO,ID,16,82,63.0,donald-trump,"TRUMP, DONALD J.",Donald Trump,REPUBLICAN,605246,917466,0.6596931112433594,False,1
2024,IDAHO,ID,16,82,63.0,kamala-harris,"HARRIS, KAMALA D.",Kamala Harris,DEMOCRAT,274972,917466,0.2997081090743417,False,1
2024,IDAHO,ID,16,82,63.0,robert-f-kennedy-jr,"KENNEDY, ROBERT F. JR",Robert F. Kennedy Jr.,OTHER,12812,917466,0.013964550184965983,False,1
2024,IDAHO,ID,16,82,63.0,undervotes,UNDERVOTES,Undervotes,OTHER,11194,917466,0.012200997094170248,False,1
2024,IDAHO,ID,16,82,63.0,chase-oliver,"OLIVER, CHASE",Chase Oliver,LIBERTARIAN,4462,917466,0.004863395482775383,False,1
2024,IDAHO,ID,16,82,63.0,jill-stein,"STEIN, JILL",Jill Stein,OTHER,2973,917466,0.0032404470574386407,False,1
2024,IDAHO,ID,16,82,63.0,joel-skousen,"SKOUSEN, JOEL",Joel Skousen,OTHER,1577,917466,0.001718864786270009,False,1
2024,IDAHO,ID,16,82,63.0,claudia-de-la-cruz,"DE LA CRUZ, CLAUDIA",Claudia De La Cruz,OTHER,1230,917466,0.0013406491357717887,False,1
2024,IDAHO,ID,16,82,63.0,overvotes,OVERVOTES,Overvotes,OTHER,1215,917466,0.0013242997560672547,False,1
2024,IDAHO,ID,16,82,63.0,randall-terry,"TERRY, RANDALL",Randall Terry,OTHER,1026,917466,0.0011182975717901262,False,1
2024,IDAHO,ID,16,82,63.0,shiva-ayyadurai,"AYYADURAI, SHIVA",Shiva Ayyadurai,OTHER,514,917466,0.0005602387445420321,False,1
2024,IDAHO,ID,16,82,63.0,peter-sonski,PETER SONSKI,Peter Sonski,OTHER,242,917466,0.00026376999256648204,True,1
2024,IDAHO,ID,16,82,63.0,brian-larry-kienitz,BRIAN LARRY KIENITZ,Brian Larry Kienitz,OTHER,3,917466,3.269875940906802e-06,True,1
2024,ILLINOIS,IL,17,33,21.0,kamala-harris,"HARRIS, KAMALA D.",Kamala Harris,DEMOCRAT,3062863,5633310,0.543705743159883,False,1
2024,ILLINOIS,IL,17,33,21.0,donald-trump,"TRUMP, DONALD J.",Donald Trump,REPUBLICAN,2449079,5633310,0.43474955221708017,False,1
2024,ILLINOIS,IL,17,33,21.0,robert-f-kennedy-jr,"KENNEDY, ROBERT F. JR",Robert F. Kennedy Jr.,OTHER,80426,5633310,0.014276863868666912,False,1
2024,ILLINOIS,IL,17,33,21.0,jill-stein,JILL STEIN,Jill Stein,OTHER,31023,5633310,0.005507064230443558,True,1
2024,ILLINOIS,IL,17,33,21.0,chase-oliver,CHASE OLIVER,Chase Oliver,OTHER,3510,5633310,0.0006230795038796019,True,1
2024,ILLINOIS,IL,17,33,21.0,claudia-de-la-cruz,CLAUDIA DE LA CRUZ,Claudia De La Cruz,OTHER,2877,5633310,0.0005107121745474686,True,1
2024,ILLINOIS,IL,17,33,21.0,cornel-west,CORNEL WEST,Cornel West,OTHER,1569,5633310,0.00027852186370002713,True,1
2024,ILLINOIS,IL,17,33,21.0,peter-sonski,PETER SONSKI,Peter Sonski,OTHER,1391,5633310,0.00024692409968562,True,1
2024,ILLINOIS,IL,17,33,21.0,rudolph-ware,RUDOLPH WARE,Rudolph Ware,OTHER,322,5633310,5.716000007100621e-05,True,1
2024,ILLINOIS,IL,17,33,21.0,mike-ter-maat,MIKE TER MAAT,Mike Ter Maat,OTHER,90,5633310,1.5976397535374408e-05,True,1
2024,ILLINOIS,IL,17,33,21.0,shiva-ayyadurai,SHIVA AYYADURAI,Shiva Ayyadurai,OTHER,42,5633310,7.455652183174723e-06,True,1
2024,ILLINOIS,IL,17,33,21.0,heather-lynn-stone,HEATHER LYNN STONE,Heather Lynn Stone,OTHER,30,5633310,5.3254658451248024e-06,True,1
2024,ILLINOIS,IL,17,33,21.0,melina-abdullah,MELINA ABDULLAH,Melina Abdullah,OTHER,21,5633310,3.7278260915873614e-06,True,1
2024,ILLINOIS,IL,17,33,21.0,future-madame-potus,FUTURE MADAME POTUS,Future Madame Potus,OTHER,12,5633310,2.130186338049921e-06,True,1
2024,ILLINOIS,IL,17,33,21.0,joseph-kishore,JOSEPH KISHORE,Joseph Kishore,OTHER,12,5633310,2.130186338049921e-06,True,1
2024,ILLINOIS,IL,17,33,21.0,james-t-struck,JAMES T. STRUCK,James T. Struck,OTHER,8,5633310,1.420124225366614e-06,True,1
2024,ILLINOIS,IL,17,33,21.0,andre-ramon-mcneil-sr,ANDRE RAMON MCNEIL SR,Andre Ramon Mcneil Sr,OTHER,7,5633310,1.2426086971957873e-06,True,1
2024,ILLINOIS,IL,17,33,21.0,gordan-hlavenka,GORDAN HLAVENKA,Gordan Hlavenka,OTHER,5,5633310,8.875776408541337e-07,True,1
2024,ILLINOIS,IL,17,33,21.0,david-j-nash,DAVID J NASH,David J Nash,OTHER,4,5633310,7.10062112683307e-07,True,1
2024,ILLINOIS,IL,17,33,21.0,kevin-mckee,KEVIN MCKEE,Kevin Mckee,OTHER,4,5633310,7.10062112683307e-07,True,1
2024,ILLINOIS,IL,17,33,21.0,cherunda-fox,CHERUNDA FOX,Cherunda Fox,OTHER,3,5633310,5.325465845124802e-07,True,1
2024,ILLINOIS,IL,17,33,21.0,garry-hubbard,GARRY HUBBARD,Garry Hubbard,OTHER,3,5633310,5.325465845124802e-07,True,1
2024,ILLINOIS,IL,17,33,21.0,john-p-albers,JOHN P ALBERS,John P Albers,OTHER,3,5633310,5.325465845124802e-07,True,1
2024,ILLINOIS,IL,17,33,21.0,brian-larry-kienitz,BRIAN LARRY KIENITZ,Brian Larry Kienitz,OTHER,2,5633310,3.550310563416535e-07,True,1
2024,ILLINOIS,IL,17,33,21.0,jerry-white,JERRY WHITE,Jerry White,OTHER,2,5633310,3.550310563416535e-07,True,1
2024,ILLINOIS,IL,17,33,21.0,richard-mayers,RICHARD MAYERS,Richard Mayers,OTHER,1,5633310,1.7751552817082674e-07,True,1
2024,ILLINOIS,IL,17,33,21.0,susan-maude-buchser,SUSAN MAUDE BUCHSER,Susan Maude Buchser,OTHER,1,5633310,1.7751552817082674e-07,True,1
2024,ILLINOIS,IL,17,33,21.0,latrina-peete,LATRINA PEETE,Latrina Peete,OTHER,0,5633310,0.0,True,1
2024,ILLINOIS,IL,17,33,21.0,shondra-irving,SHONDRA IRVING,Shondra Irving,OTHER,0,5633310,0.0,True,1
2024,INDIANA,IN,18,32,22.0,donald-trump,"TRUMP, DONALD J.",Donald Trump,REPUBLICAN,1720347,2936677,0.5858141702339072,False,1
2024,INDIANA,IN,18,32,22.0,kamala-harris,"HARRIS, KAMALA D.",Kamala Harris,DEMOCRAT,1163603,2936677,0.39623118238743993,False,1
2024,INDIANA,IN,18,32,22.0,robert-f-kennedy-jr,"KENNEDY, ROBERT F. JR",Robert F. Kennedy Jr.,OTHER,29325,2936677,0.009985776440514228,False,1
2024,INDIANA,IN,18,32,22.0,chase-oliver,"OLIVER, CHASE",Chase Oliver,LIBERTARIAN,20425,2936677,0.006955140112446823,False,1
2024,INDIANA,IN,18,32,22.0,peter-sonski,PETER SONSKI,Peter Sonski,OTHER,1347,2936677,0.0004586817004389655,True,1
2024,INDIANA,IN,18,32,22.0,claudia-de-la-cruz-and-karina-garcia,CLAUDIA DE LA CRUZ & KARINA GARCIA,Claudia De La Cruz & Karina Garcia,OTHER,832,2936677,0.0002833134185339416,True,1
2024,INDIANA,IN,18,32,22.0,cornel-west-and-melina-abdullah,CORNEL WEST & MELINA ABDULLAH,Cornel West & Melina Abdullah,OTHER,722,2936677,0.0002458561156027714,True,1
2024,INDIANA,IN,18,32,22.0,tom-hoefling-and-andy-prior,TOM HOEFLING & ANDY PRIOR,Tom Hoefling & Andy Prior,OTHER,34,2936677,1.1577711815088959e-05,True,1
2024,INDIANA,IN,18,32,22.0,paij-boring,PAIJ BORING,Paij Boring,OTHER,18,2936677,6.12937684328239e-06,True,1
2024,INDIANA,IN,18,32,22.0,doug-jenkins,DOUG JENKINS,Doug Jenkins,OTHER,5,2936677,1.7026046786895528e-06,True,1
2024,INDIANA,IN,18,32,22.0,william-cody-nalbach,WILLIAM CODY NALBACH,William Cody Nalbach,OTHER,5,2936677,1.7026046786895528e-06,True,1
2024,INDIANA,IN,18,32,22.0,andr-ramon-mcneil-sr,ANDRÉ RAMON MCNEIL SR.,André Ramon Mcneil Sr.,OTHER,4,2936677,1.3620837429516423e-06,True,1
2024,INDIANA,IN,18,32,22.0,carol-asher,CAROL ASHER,Carol Asher,OTHER,4,2936677,1.3620837429516423e-06,True,1
2024,INDIANA,IN,18,32,22.0,nala-baozun-scott-johnson-jr,NALA BAOZUN SCOTT JOHNSON JR,Nala Baozun Scott Johnson Jr,OTHER,2,2936677,6.810418714758212e-07,True,1
2024,INDIANA,IN,18,32,22.0,shondra-irving,SHONDRA IRVING,Shondra Irving,OTHER,2,2936677,6.810418714758212e-07,True,1
2024,INDIANA,IN,18,32,22.0,cherunda-lynn-fox,CHERUNDA LYNN FOX,Cherunda Lynn Fox,OTHER,1,2936677,3.405209357379106e-07,True,1
2024,INDIANA,IN,18,32,22.0,susan-maude-buchser,SUSAN MAUDE BUCHSER,Susan Maude Buchser,OTHER,1,2936677,3.405209357379106e-07,True,1
2024,KANSAS,KS,20,47,32.0,donald-trump,"TRUMP, DONALD J.",Donald Trump,REPUBLICAN,758802,1327591,0.5715630792917397,False,1
2024,KANSAS,KS,20,47,32.0,kamala-harris,"HARRIS, KAMALA D.",Kamala Harris,DEMOCRAT,544853,1327591,0.4104072715166041,False,1
2024,KANSAS,KS,20,47,32.0,robert-f-kennedy-jr,"KENNEDY, ROBERT F. JR",Robert F. Kennedy Jr.,OTHER,16322,1327591,0.012294449118742144,False,1
2024,KANSAS,KS,20,47,32.0,chase-oliver,"OLIVER, CHASE",Chase Oliver,LIBERTARIAN,7614,1327591,0.005735200072914022,False,1
2024,KENTUCKY,KY,21,61,51.0,donald-trump,"TRUMP, DONALD J.",Donald Trump,REPUBLICAN,1337494,2074530,0.6447214549801642,False,1
2024,KENTUCKY,KY,21,61,51.0,kamala-harris,"HARRIS, KAMALA D.",Kamala Harris,DEMOCRAT,704043,2074530,0.33937470173967116,False,1
2024,KENTUCKY,KY,21,61,51.0,robert-f-kennedy-jr,"KENNEDY, ROBERT F. JR",Robert F. Kennedy Jr.,OTHER,16769,2074530,0.008083276693998158,False,1
2024,KENTUCKY,KY,21,61,51.0,jill-stein,"STEIN, JILL",Jill Stein,OTHER,7566,2074530,0.0036470911483564954,False,1
2024,KENTUCKY,KY,21,61,51.0,chase-oliver,"OLIVER, CHASE",Chase Oliver,LIBERTARIAN,6422,2074530,0.003095640940357575,False,1
2024,KENTUCKY,KY,21,61,51.0,shiva-ayyadurai,"AYYADURAI, SHIVA",Shiva Ayyadurai,OTHER,1015,2074530,0.0004892674485305105,False,1
2024,KENTUCKY,KY,21,61,51.0,lauren-onak-peter-sonski,LAUREN ONAK / PETER SONSKI,Lauren Onak / Peter Sonski,OTHER,611,2074530,0.0002945245429085142,True,1
2024,KENTUCKY,KY,21,61,51.0,claudia-de-la-cruz-karina-garcia,CLAUDIA DE LA CRUZ / KARINA GARCIA,Claudia De La Cruz / Karina Garcia,OTHER,391,2074530,0.00018847642598564495,True,1
2024,KENTUCKY,KY,21,61,51.0,cornel-west-melina-abdullah,CORNEL WEST / MELINA ABDULLAH,Cornel West / Melina Abdullah,OTHER,177,2074530,8.532053043339937e-05,True,1
2024,KENTUCKY,KY,21,61,51.0,james-d-soderna-matthew-j-trewhella,JAMES D. SODERNA / MATTHEW J. TREWHELLA,James D. Soderna / Matthew J. Trewhella,OTHER,14,2074530,6.748516531455317e-06,True,1
2024,KENTUCKY,KY,21,61,51.0,jay-j-bowman-de-bowman,JAY J. BOWMAN / DE BOWMAN,Jay J. Bowman / De Bowman,OTHER,10,2074530,4.8203689510395126e-06,True,1
2024,KENTUCKY,KY,21,61,51.0,joseph-kishore-jerry-white,JOSEPH KISHORE / JERRY WHITE,Joseph Kishore / Jerry White,OTHER,8,2074530,3.85629516083161e-06,True,1
2024,KENTUCKY,KY,21,61,51.0,john-cheng-wayne-waligorski,JOHN CHENG / WAYNE WALIGORSKI,John Cheng / Wayne Waligorski,OTHER,5,2074530,2.4101844755197563e-06,True,1
2024,KENTUCKY,KY,21,61,51.0,billy-kelley-jr-jason-holdeman,BILLY KELLEY JR. / JASON HOLDEMAN,Billy Kelley Jr. / Jason Holdeman,OTHER,4,2074530,1.928147580415805e-06,True,1
2024,KENTUCKY,KY,21,61,51.0,cherunda-fox-harlan-mcvay-jr,CHERUNDA FOX / HARLAN MCVAY JR.,Cherunda Fox / Harlan Mcvay Jr.,OTHER,1,2074530,4.820368951039513e-07,True,1
2024,KENTUCKY,KY,21,61,51.0,andre-ramon-mcneil-sr-roschelle-mcneil,ANDRE RAMON MCNEIL SR. / ROSCHELLE MCNEIL,Andre Ramon Mcneil Sr. / Roschelle Mcneil,OTHER,0,2074530,0.0,True,1
2024,KENTUCKY,KY,21,61,51.0,future-madam-potus-jessica-kennedy,FUTURE MADAM POTUS / JESSICA KENNEDY,Future Madam Potus / Jessica Kennedy,OTHER,0,2074530,0.0,True,1
2024,LOUISIANA,LA,22,72,45.0,donald-trump,"TRUMP, DONALD J.",Donald Trump,REPUBLICAN,1208505,2006975,0.6021524931800346,False,1
2024,LOUISIANA,LA,22,72,45.0,kamala-harris,"HARRIS, KAMALA D.",Kamala Harris,DEMOCRAT,766870,2006975,0.3821024178178602,False,1
2024,LOUISIANA,LA,22,72,45.0,jill-stein,"STEIN, JILL",Jill Stein,OTHER,7138,2006975,0.00355659637015907,False,1
2024,LOUISIANA,LA,22,72,45.0,chase-oliver,"OLIVER, CHASE",Chase Oliver,LIBERTARIAN,6835,2006975,0.0034056228901705302,False,1
2024,LOUISIANA,LA,22,72,45.0,robert-f-kennedy-jr,"KENNEDY, ROBERT F. JR",Robert F. Kennedy Jr.,OTHER,6641,2006975,0.003308960001993049,False,1
2024,LOUISIANA,LA,22,72,45.0,mattie-preston,"PRESTON, MATTIE",Mattie Preston,OTHER,2857,2006975,0.0014235354202219758,False,1
2024,LOUISIANA,LA,22,72,45.0,cornel-west,"WEST, CORNEL",Cornel West,OTHER,2623,2006975,0.0013069420396367667,False,1
2024,LOUISIANA,LA,22,72,45.0,peter-sonski,"SONSKI, PETER",Peter Sonski,OTHER,2240,2006975,0.0011161075748327707,False,1
2024,LOUISIANA,LA,22,72,45.0,claudia-de-la-cruz,"DE LA CRUZ, CLAUDIA",Claudia De La Cruz,OTHER,1481,2006975,0.000737926481396131,False,1
2024,LOUISIANA,LA,22,72,45.0,randall-terry,"TERRY, RANDALL",Randall Terry,OTHER,1424,2006975,0.0007095255297151186,False,1
2024,LOUISIANA,LA,22,72,45.0,rachele-fruit,"FRUIT, RACHELE",Rachele Fruit,OTHER,361,2006975,0.00017987269397974563,False,1
2024,MASSACHUSETTS,MA,25,14,3.0,kamala-harris,"HARRIS, KAMALA D.",Kamala Harris,DEMOCRAT,2126518,3512930,0.6053402715112456,False,1
2024,MASSACHUSETTS,MA,25,14,3.0,donald-trump,"TRUMP, DONALD J.",Donald Trump,REPUBLICAN,1251303,3512930,0.3561992410893471,False,1
2024,MASSACHUSETTS,MA,25,14,3.0,undervotes,UNDERVOTES,Undervotes,OTHER,39262,3512930,0.01117642537710686,False,1
2024,MASSACHUSETTS,MA,25,14,3.0,jill-stein,"STEIN, JILL",Jill Stein,OTHER,26545,3512930,0.007556370323348316,False,1
2024,MASSACHUSETTS,MA,25,14,3.0,write-in,WRITE-IN,Write-In,OTHER,19737,3512930,0.00561838693056793,True,1
2024,MASSACHUSETTS,MA,25,14,3.0,shiva-ayyadurai,"AYYADURAI, SHIVA",Shiva Ayyadurai,OTHER,18418,3512930,0.0052429168813497564,False,1
2024,MASSACHUSETTS,MA,25,14,3.0,chase-oliver,"OLIVER, CHASE",Chase Oliver,LIBERTARIAN,17735,3512930,0.005048492284218587,False,1
2024,MASSACHUSETTS,MA,25,14,3.0,claudia-de-la-cruz,"DE LA CRUZ, CLAUDIA",Claudia De La Cruz,OTHER,12889,3512930,0.0036690170313669786,False,1
2024,MASSACHUSETTS,MA,25,14,3.0,sonski-onak,SONSKI ONAK,Sonski Onak,OTHER,280,3512930,7.970554494396415e-05,True,1
2024,MASSACHUSETTS,MA,25,14,3.0,west-abdullah,WEST ABDULLAH,West Abdullah,OTHER,243,3512930,6.917302650494032e-05,True,1
2024,MARYLAND,MD,24,52,52.0,kamala-harris,"HARRIS, KAMALA D.",Kamala Harris,DEMOCRAT,1902577,3038334,0.6261908664419382,False,1
2024,MARYLAND,MD,24,52,52.0,donald-trump,"TRUMP, DONALD J.",Donald Trump,REPUBLICAN,1035550,3038334,0.34082823020773884,False,1
2024,MARYLAND,MD,24,52,52.0,jill-stein,"STEIN, JILL",Jill Stein,OTHER,33134,3038334,0.010905318506786943,False,1
2024,MARYLAND,MD,24,52,52.0,robert-f-kennedy-jr,"KENNEDY, ROBERT F. JR",Robert F. Kennedy Jr.,OTHER,28819,3038334,0.00948513231264239,False,1
2024,MARYLAND,MD,24,52,52.0,write-in,WRITE-IN,Write-In,OTHER,19383,3038334,0.006379482966652119,True,1
2024,MARYLAND,MD,24,52,52.0,chase-oliver,"OLIVER, CHASE",Chase Oliver,LIBERTARIAN,15570,3038334,0.005124518897527395,False,1
2024,MARYLAND,MD,24,52,52.0,claudia-de-la-cruz-and-karina-garcia,CLAUDIA DE LA CRUZ AND KARINA GARCIA,Claudia De La Cruz And Karina Garcia,OTHER,1136,3038334,0.000373889111598659,True,1
2024,MARYLAND,MD,24,52,52.0,peter-sonski,PETER SONSKI,Peter Sonski,OTHER,1012,3038334,0.0003330772719523265,True,1
2024,MARYLAND,MD,24,52,52.0,cornel-west-and-melina-abdullah,CORNEL WEST AND MELINA ABDULLAH,Cornel West And Melina Abdullah,OTHER,918,3038334,0.0003021392644784938,True,1
2024,MARYLAND,MD,24,52,52.0,paij-boring-and-jaimey-rutschman,PAIJ BORING AND JAIMEY RUTSCHMAN,Paij Boring And Jaimey Rutschman,OTHER,104,3038334,3.422928486466597e-05,True,1
2024,MARYLAND,MD,24,52,52.0,shiva-ayyadurai-and-crystal-ellis,SHIVA AYYADURAI AND CRYSTAL ELLIS,Shiva Ayyadurai And Crystal Ellis,OTHER,31,3038334,1.0202959911583124e-05,True,1
2024,MARYLAND,MD,24,52,52.0,ralph-jaffe,RALPH JAFFE,Ralph Jaffe,OTHER,25,3038334,8.228193477083165e-06,True,1
2024,MARYLAND,MD,24,52,52.0,joseph-kishore,JOSEPH KISHORE,Joseph Kishore,OTHER,12,3038334,3.949532868999919e-06,True,1
2024,MARYLAND,MD,24,52,52.0,douglas-jenkins,DOUGLAS JENKINS,Douglas Jenkins,OTHER,9,3038334,2.9621496517499395e-06,True,1
2024,MARYLAND,MD,24,52,52.0,brian-larry-kienitz,BRIAN LARRY KIENITZ,Brian Larry Kienitz,OTHER,7,3038334,2.303894173583286e-06,True,1
2024,MARYLAND,MD,24,52,52.0,john-cheng-and-wayne-waligorski,JOHN CHENG AND WAYNE WALIGORSKI,John Cheng And Wayne Waligorski,OTHER,6,3038334,1.9747664344999596e-06,True,1
2024,MARYLAND,MD,24,52,52.0,michael-yost,MICHAEL YOST,Michael Yost,OTHER,6,3038334,1.9747664344999596e-06,True,1
2024,MARYLAND,MD,24,52,52.0,lester-h-waller-jr,"LESTER H. WALLER, JR.",Lester H. Waller Jr.,OTHER,5,3038334,1.6456386954166329e-06,True,1
2024,MARYLAND,MD,24,52,52.0,shondra-irving,SHONDRA IRVING,Shondra Irving,OTHER,5,3038334,1.6456386954166329e-06,True,1
2024,MARYLAND,MD,24,52,52.0,benjamin-l-schwalb,BENJAMIN L. SCHWALB,Benjamin L. Schwalb,OTHER,4,3038334,1.3165109563333064e-06,True,1
2024,MARYLAND,MD,24,52,52.0,john-r-gibb-jr,"JOHN R. GIBB, JR.",John R. Gibb Jr.,OTHER,3,3038334,9.873832172499798e-07,True,1
2024,MARYLAND,MD,24,52,52.0,president-r-boddie,PRESIDENT R. BODDIE,President R. Boddie,OTHER,3,3038334,9.873832172499798e-07,True,1
2024,MARYLAND,MD,24,52,52.0,william-p-stodden,WILLIAM P. STODDEN,William P. Stodden,OTHER,3,3038334,9.873832172499798e-07,True,1
2024,MARYLAND,MD,24,52,52.0,andr-ramon-mcneil-sr,"ANDRÈ RAMON MCNEIL, SR.",Andrè Ramon Mcneil Sr.,OTHER,2,3038334,6.582554781666532e-07,True,1
2024,MARYLAND,MD,24,52,52.0,carol-asher,CAROL ASHER,Carol Asher,OTHER,2,3038334,6.582554781666532e-07,True,1
2024,MARYLAND,MD,24,52,52.0,sharon-e-harris,SHARON E HARRIS,Sharon E Harris,OTHER,2,3038334,6.582554781666532e-07,True,1
2024,MARYLAND,MD,24,52,52.0,susan-maude-buchser,SUSAN MAUDE BUCHSER,Susan Maude Buchser,OTHER,2,3038334,6.582554781666532e-07,True,1
2024,MARYLAND,MD,24,52,52.0,garry-hubbard-and-elizabeth-seymour,GARRY HUBBARD AND ELIZABETH SEYMOUR,Garry Hubbard And Elizabeth Seymour,OTHER,1,3038334,3.291277390833266e-07,True,1
2024,MARYLAND,MD,24,52,52.0,jokie-beckett-jr,"JOKIE BECKETT, JR.",Jokie Beckett Jr.,OTHER,1,3038334,3.291277390833266e-07,True,1
2024,MARYLAND,MD,24,52,52.0,richard-mayers,RICHARD MAYERS,Richard Mayers,OTHER,1,3038334,3.291277390833266e-07,True,1
2024,MARYLAND,MD,24,52,52.0,sethatina-newman,SETHATINA NEWMAN,Sethatina Newman,OTHER,1,3038334,3.291277390833266e-07,True,1
2024,MARYLAND,MD,24,52,52.0,cherunda-fox,CHERUNDA FOX,Cherunda Fox,OTHER,0,3038334,0.0,True,1
2024,MARYLAND,MD,24,52,52.0,future-madam-potus-and-jessica-kennedy,FUTURE MADAM POTUS AND JESSICA KENNEDY,Future Madam Potus And Jessica Kennedy,OTHER,0,3038334,0.0,True,1
2024,MARYLAND,MD,24,52,52.0,theo-brown-sr,"THEO BROWN, SR.",Theo Brown Sr.,OTHER,0,3038334,0.0,True,1
2024,MAINE,ME,23,11,2.0,kamala-harris,"HARRIS, KAMALA D.",Kamala Harris,DEMOCRAT,435652,842447,0.5171268934425548,False,1
2024,MAINE,ME,23,11,2.0,donald-trump,"TRUMP, DONALD J.",Donald Trump,REPUBLICAN,377977,842447,0.4486656133857679,False,1
2024,MAINE,ME,23,11,2.0,undervotes,UNDERVOTES,Undervotes,OTHER,11072,842447,0.013142666541634073,False,1
2024,MAINE,ME,23,11,2.0,jill-stein,"STEIN, JILL",Jill Stein,OTHER,8967,842447,0.010643993034576657,False,1
2024,MAINE,ME,23,11,2.0,chase-oliver,"OLIVER, CHASE",Chase Oliver,LIBERTARIAN,5286,842447,0.006274578697532307,False,1
2024,MAINE,ME,23,11,2.0,cornel-west,"WEST, CORNEL",Cornel West,OTHER,2912,842447,0.003456597269620522,False,1
2024,MAINE,ME,23,11,2.0,write-in,WRITE-IN,Write-In,OTHER,581,842447,0.00068965762831371,True,1
2024,MICHIGAN,MI,26,34,23.0,donald-trump,"TRUMP, DONALD J.",Donald Trump,REPUBLICAN,2816636,5664186,0.49727109950132287,False,1
2024,MICHIGAN,MI,26,34,23.0,kamala-harris,"HARRIS, KAMALA D.",Kamala Harris,DEMOCRAT,2736533,5664186,0.48312908509713487,False,1
2024,MICHIGAN,MI,26,34,23.0,jill-stein,"STEIN, JILL",Jill Stein,OTHER,44607,5664186,0.007875271045124577,False,1
2024,MICHIGAN,MI,26,34,23.0,robert-f-kennedy-jr,"KENNEDY, ROBERT F. JR",Robert F. Kennedy Jr.,OTHER,26785,5664186,0.004728834822867752,False,1
2024,MICHIGAN,MI,26,34,23.0,chase-oliver,"OLIVER, CHASE",Chase Oliver,LIBERTARIAN,22440,5664186,0.003961734307453887,False,1
2024,MICHIGAN,MI,26,34,23.0,cornel-west,"WEST, CORNEL",Cornel West,OTHER,6664,5664186,0.001176515036759033,False,1
2024,MICHIGAN,MI,26,34,23.0,randall-terry,"TERRY, RANDALL",Randall Terry,OTHER,6509,5664186,0.0011491501161861562,False,1
2024,MICHIGAN,MI,26,34,23.0,joseph-kishore,"KISHORE, JOSEPH",Joseph Kishore,OTHER,2330,5664186,0.0004113565479664686,False,1
2024,MICHIGAN,MI,26,34,23.0,peter-sonski,PETER SONSKI,Peter Sonski,OTHER,1212,5664186,0.00021397602409242917,True,1
2024,MICHIGAN,MI,26,34,23.0,claudia-de-la-cruz,CLAUDIA DE LA CRUZ,Claudia De La Cruz,OTHER,458,5664186,8.085892659598396e-05,True,1
2024,MICHIGAN,MI,26,34,23.0,cherunda-lynn-fox,CHERUNDA LYNN FOX,Cherunda Lynn Fox,OTHER,8,5664186,1.4123829973097634e-06,True,1
2024,MICHIGAN,MI,26,34,23.0,jay-j-bowman,JAY J BOWMAN,Jay J Bowman,OTHER,4,5664186,7.061914986548817e-07,True,1
2024,MINNESOTA,MN,27,41,33.0,kamala-harris,"HARRIS, KAMALA D.",Kamala Harris,DEMOCRAT,1656979,3253920,0.5092254880267493,False,1
2024,MINNESOTA,MN,27,41,33.0,donald-trump,"TRUMP, DONALD J.",Donald Trump,REPUBLICAN,1519032,3253920,0.46683139106062843,False,1
2024,MINNESOTA,MN,27,41,33.0,robert-f-kennedy-jr,"KENNEDY, ROBERT F. JR",Robert F. Kennedy Jr.,OTHER,24001,3253920,0.007376026454245956,False,1
2024,MINNESOTA,MN,27,41,33.0,jill-stein,"STEIN, JILL",Jill Stein,OTHER,16275,3253920,0.005001659536804839,False,1
2024,MINNESOTA,MN,27,41,33.0,chase-oliver,"OLIVER, CHASE",Chase Oliver,LIBERTARIAN,15155,3253920,0.004657459310616118,False,1
2024,MINNESOTA,MN,27,41,33.0,write-in,WRITE-IN,Write-In,OTHER,13004,3253920,0.00399641048335546,True,1
2024,MINNESOTA,MN,27,41,33.0,cornel-west,"WEST, CORNEL",Cornel West,OTHER,3136,3253920,0.0009637606333284162,False,1
2024,MINNESOTA,MN,27,41,33.0,claudia-de-la-cruz,"DE LA CRUZ, CLAUDIA",Claudia De La Cruz,OTHER,2996,3253920,0.0009207356050548262,False,1
2024,MINNESOTA,MN,27,41,33.0,shiva-ayyadurai,"AYYADURAI, SHIVA",Shiva Ayyadurai,OTHER,2885,3253920,0.0008866229040664798,False,1
2024,MINNESOTA,MN,27,41,33.0,rachele-fruit,"FRUIT, RACHELE",Rachele Fruit,OTHER,457,3253920,0.0001404459851502188,False,1
2024,MISSOURI,MO,29,43,34.0,donald-trump,"TRUMP, DONALD J.",Donald Trump,REPUBLICAN,1751986,2995327,0.5849064225708912,False,1
2024,MISSOURI,MO,29,43,34.0,kamala-harris,"HARRIS, KAMALA D.",Kamala Harris,DEMOCRAT,1200599,2995327,0.40082401687695535,False,1
2024,MISSOURI,MO,29,43,34.0,chase-oliver,"OLIVER, CHASE",Chase Oliver,LIBERTARIAN,23876,2995327,0.007971082956885842,False,1
2024,MISSOURI,MO,29,43,34.0,jill-stein,"STEIN, JILL",Jill Stein,OTHER,17135,2995327,0.005720577419426994,False,1
2024,MISSOURI,MO,29,43,34.0,peter-sonski-lauren-onak,PETER SONSKI LAUREN ONAK,Peter Sonski Lauren Onak,OTHER,1069,2995327,0.0003568892478183517,True,1
2024,MISSOURI,MO,29,43,34.0,claudia-de-la-cruz-karina-garcia,CLAUDIA DE LA CRUZ KARINA GARCIA,Claudia De La Cruz Karina Garcia,OTHER,618,2995327,0.0002063213799361472,True,1
2024,MISSOURI,MO,29,43,34.0,shiva-ayyadurai-crystal-ellis,SHIVA AYYADURAI CRYSTAL ELLIS,Shiva Ayyadurai Crystal Ellis,OTHER,34,2995327,1.135101443014402e-05,True,1
2024,MISSOURI,MO,29,43,34.0,future-madam-potus-jessica-kennedy,FUTURE MADAM POTUS JESSICA KENNEDY,Future Madam Potus Jessica Kennedy,OTHER,10,2995327,3.338533655924712e-06,True,1
2024,MISSISSIPPI,MS,28,64,46.0,donald-trump,"TRUMP, DONALD J.",Donald Trump,REPUBLICAN,747744,1228008,0.6089080852893467,False,1
2024,MISSISSIPPI,MS,28,64,46.0,kamala-harris,"HARRIS, KAMALA D.",Kamala Harris,DEMOCRAT,466668,1228008,0.3800203256004847,False,1
2024,MISSISSIPPI,MS,28,64,46.0,robert-f-kennedy-jr,"KENNEDY, ROBERT F. JR",Robert F. Kennedy Jr.,OTHER,5387,1228008,0.004386779239223197,False,1
2024,MISSISSIPPI,MS,28,64,46.0,chase-oliver,"OLIVER, CHASE",Chase Oliver,LIBERTARIAN,2536,1228008,0.0020651331261685594,False,1
2024,MISSISSIPPI,MS,28,64,46.0,jill-stein,"STEIN, JILL",Jill Stein,OTHER,1873,1228008,0.00152523436329405,False,1
2024,MISSISSIPPI,MS,28,64,46.0,claudia-de-la-cruz,"DE LA CRUZ, CLAUDIA",Claudia De La Cruz,OTHER,1075,1228008,0.0008754014631826503,False,1
2024,MISSISSIPPI,MS,28,64,46.0,randall-terry,"TERRY, RANDALL",Randall Terry,OTHER,1030,1228008,0.0008387567507703533,False,1
2024,MISSISSIPPI,MS,28,64,46.0,peter-sonski,"SONSKI, PETER",Peter Sonski,OTHER,1007,1228008,0.000820027231092957,False,1
2024,MISSISSIPPI,MS,28,64,46.0,shiva-ayyadurai,"AYYADURAI, SHIVA",Shiva Ayyadurai,OTHER,688,1228008,0.0005602569364368962,False,1
2024,MONTANA,MT,30,81,64.0,donald-trump,"TRUMP, DONALD J.",Donald Trump,REPUBLICAN,352079,602963,0.583914767572803,False,1
2024,MONTANA,MT,30,81,64.0,kamala-harris,"HARRIS, KAMALA D.",Kamala Harris,DEMOCRAT,231906,602963,0.38461066433595426,False,1
2024,MONTANA,MT,30,81,64.0,robert-f-kennedy-jr,"KENNEDY, ROBERT F. JR",Robert F. Kennedy Jr.,OTHER,11825,602963,0.0196114852818498,False,1
2024,MONTANA,MT,30,81,64.0,chase-oliver,"OLIVER, CHASE",Chase Oliver,LIBERTARIAN,4275,602963,0.007089987279484811,False,1
2024,MONTANA,MT,30,81,64.0,jill-stein,"STEIN, JILL",Jill Stein,OTHER,2878,602963,0.004773095529908137,False,1
2024,NORTH CAROLINA,NC,37,56,47.0,donald-trump,"TRUMP, DONALD J.",Donald Trump,REPUBLICAN,2898423,5699141,0.5085719058363357,False,1
2024,NORTH CAROLINA,NC,37,56,47.0,kamala-harris,"HARRIS, KAMALA D.",Kamala Harris,DEMOCRAT,2715375,5699141,0.4764533813078146,False,1
2024,NORTH CAROLINA,NC,37,56,47.0,jill-stein,"STEIN, JILL",Jill Stein,OTHER,24762,5699141,0.004344865305139845,False,1
2024,NORTH CAROLINA,NC,37,56,47.0,chase-oliver,"OLIVER, CHASE",Chase Oliver,LIBERTARIAN,22125,5699141,0.0038821639962934766,False,1
2024,NORTH CAROLINA,NC,37,56,47.0,write-in,WRITE-IN,Write-In,OTHER,18936,5699141,0.0033226059857090744,True,1
2024,NORTH CAROLINA,NC,37,56,47.0,cornel-west,"WEST, CORNEL",Cornel West,OTHER,12099,5699141,0.0021229515114646225,False,1
2024,NORTH CAROLINA,NC,37,56,47.0,randall-terry,"TERRY, RANDALL",Randall Terry,OTHER,6863,5699141,0.0012042165652683449,False,1
2024,NORTH CAROLINA,NC,37,56,47.0,claudia-de-la-cruz,CLAUDIA DE LA CRUZ,Claudia De La Cruz,OTHER,528,5699141,9.264554079290195e-05,True,1
2024,NORTH CAROLINA,NC,37,56,47.0,shiva-ayyadurai,SHIVA AYYADURAI,Shiva Ayyadurai,OTHER,30,5699141,5.263951181414883e-06,True,1
2024,NORTH DAKOTA,ND,38,44,36.0,donald-trump,"TRUMP, DONALD J.",Donald Trump,REPUBLICAN,246505,368155,0.669568524127066,False,1
2024,NORTH DAKOTA,ND,38,44,36.0,kamala-harris,"HARRIS, KAMALA D.",Kamala Harris,DEMOCRAT,112327,368155,0.3051079029213239,False,1
2024,NORTH DAKOTA,ND,38,44,36.0,chase-oliver,"OLIVER, CHASE",Chase Oliver,LIBERTARIAN,6227,368155,0.01691407151878964,False,1
2024,NORTH DAKOTA,ND,38,44,36.0,write-in,WRITE-IN,Write-In,OTHER,3096,368155,0.008409501432820415,True,1
2024,NEBRASKA,NE,31,46,35.0,donald-trump,"TRUMP, DONALD J.",Donald Trump,REPUBLICAN,564816,952182,0.5931807154514578,False,1
2024,NEBRASKA,NE,31,46,35.0,kamala-harris,"HARRIS, KAMALA D.",Kamala Harris,DEMOCRAT,369995,952182,0.3885759235104213,False,1
2024,NEBRASKA,NE,31,46,35.0,chase-oliver,"OLIVER, CHASE",Chase Oliver,LIBERTARIAN,6399,952182,0.006720353881925934,False,1
2024,NEBRASKA,NE,31,46,35.0,write-in,WRITE-IN,Write-In,OTHER,5023,952182,0.0052752520001428296,True,1
2024,NEBRASKA,NE,31,46,35.0,cornel-west,"WEST, CORNEL",Cornel West,OTHER,3062,952182,0.0032157717747237397,False,1
2024,NEBRASKA,NE,31,46,35.0,jill-stein,"STEIN, JILL",Jill Stein,OTHER,2887,952182,0.0030319833813283593,False,1
2024,NEW HAMPSHIRE,NH,33,12,,kamala-harris,"HARRIS, KAMALA D.",Kamala Harris,DEMOCRAT,418488,831033,0.5035756702802415,False,1
2024,NEW HAMPSHIRE,NH,33,12,,donald-trump,"TRUMP, DONALD J.",Donald Trump,REPUBLICAN,395523,831033,0.4759413886091166,False,1
2024,NEW HAMPSHIRE,NH,33,12,,undervotes,UNDERVOTES,Undervotes,OTHER,4482,831033,0.005393287631177101,False,1
2024,NEW HAMPSHIRE,NH,33,12,,chase-oliver,"OLIVER, CHASE",Chase Oliver,LIBERTARIAN,4425,831033,0.0053246982971795346,False,1
2024,NEW HAMPSHIRE,NH,33,12,,write-in,WRITE-IN,Write-In,OTHER,4073,831033,0.004901129076703332,True,1
2024,NEW HAMPSHIRE,NH,33,12,,jill-stein,"STEIN, JILL",Jill Stein,OTHER,3680,831033,0.004428223668614844,False,1
2024,NEW HAMPSHIRE,NH,33,12,,overvotes,OVERVOTES,Overvotes,OTHER,362,831033,0.0004356024369670037,False,1
2024,NEW JERSEY,NJ,34,22,12.0,kamala-harris,"HARRIS, KAMALA D.",Kamala Harris,DEMOCRAT,2220713,4272725,0.5197416168838388,False,1
2024,NEW JERSEY,NJ,34,22,12.0,donald-trump,"TRUMP, DONALD J.",Donald Trump,REPUBLICAN,1968215,4272725,0.4606463088544196,False,1
2024,NEW JERSEY,NJ,34,22,12.0,jill-stein,"STEIN, JILL",Jill Stein,OTHER,39041,4272725,0.009137260179393713,False,1
2024,NEW JERSEY,NJ,34,22,12.0,robert-f-kennedy-jr,"KENNEDY, ROBERT F. JR",Robert F. Kennedy Jr.,OTHER,23479,4272725,0.005495088029302144,False,1
2024,NEW JERSEY,NJ,34,22,12.0,chase-oliver,"OLIVER, CHASE",Chase Oliver,LIBERTARIAN,10500,4272725,0.0024574481156638913,False,1
2024,NEW JERSEY,NJ,34,22,12.0,claudia-de-la-cruz,"DE LA CRUZ, CLAUDIA",Claudia De La Cruz,OTHER,5105,4272725,0.0011947878695680158,False,1
2024,NEW JERSEY,NJ,34,22,12.0,randall-terry,"TERRY, RANDALL",Randall Terry,OTHER,3024,4272725,0.0007077450573112007,False,1
2024,NEW JERSEY,NJ,34,22,12.0,joseph-kishore,"KISHORE, JOSEPH",Joseph Kishore,OTHER,1371,4272725,0.00032087251110239954,False,1
2024,NEW JERSEY,NJ,34,22,12.0,rachele-fruit,"FRUIT, RACHELE",Rachele Fruit,OTHER,1277,4272725,0.00029887249940026566,False,1
2024,NEW MEXICO,NM,35,85,66.0,kamala-harris,"HARRIS, KAMALA D.",Kamala Harris,DEMOCRAT,478802,923403,0.5185189998299767,False,1
2024,NEW MEXICO,NM,35,85,66.0,donald-trump,"TRUMP, DONALD J.",Donald Trump,REPUBLICAN,423391,923403,0.4585116141056505,False,1
2024,NEW MEXICO,NM,35,85,66.0,robert-f-kennedy-jr,"KENNEDY, ROBERT F. JR",Robert F. Kennedy Jr.,OTHER,9553,923403,0.010345428810605987,False,1
2024,NEW MEXICO,NM,35,85,66.0,jill-stein,"STEIN, JILL",Jill Stein,OTHER,4611,923403,0.004993486051052465,False,1
2024,NEW MEXICO,NM,35,85,66.0,chase-oliver,"OLIVER, CHASE",Chase Oliver,LIBERTARIAN,3745,923403,0.004055650674732484,False,1
2024,NEW MEXICO,NM,35,85,66.0,claudia-de-la-cruz,"DE LA CRUZ, CLAUDIA",Claudia De La Cruz,OTHER,2442,923403,0.002644565807128632,False,1
2024,NEW MEXICO,NM,35,85,66.0,laura-ebke,"EBKE, LAURA",Laura Ebke,OTHER,859,923403,0.000930254720853192,False,1
2024,NEVADA,NV,32,88,65.0,donald-trump,"TRUMP, DONALD J.",Donald Trump,REPUBLICAN,751205,1484840,0.505916462379785,False,1
2024,NEVADA,NV,32,88,65.0,kamala-harris,"HARRIS, KAMALA D.",Kamala Harris,DEMOCRAT,705197,1484840,0.47493130572991027,False,1
2024,NEVADA,NV,32,88,65.0,none-of-these-candidates,NONE OF THESE CANDIDATES,None Of These Candidates,OTHER,19625,1484840,0.013216912259906791,False,1
2024,NEVADA,NV,32,88,65.0,chase-oliver,"OLIVER, CHASE",Chase Oliver,LIBERTARIAN,6059,1484840,0.004080574337975809,False,1
2024,NEVADA,NV,32,88,65.0,joel-skousen,"SKOUSEN, JOEL",Joel Skousen,OTHER,2754,1484840,0.001854745292422079,False,1
2024,NEW YORK,NY,36,21,13.0,kamala-harris,"HARRIS, KAMALA D.",Kamala Harris,DEMOCRAT,4619195,8381429,0.5511226068967475,False,1
2024,NEW YORK,NY,36,21,13.0,donald-trump,"TRUMP, DONALD J.",Donald Trump,REPUBLICAN,3578899,8381429,0.42700343819651754,False,1
2024,NEW YORK,NY,36,21,13.0,undervotes,UNDERVOTES,Undervotes,OTHER,71560,8381429,0.008537923545018398,False,1
2024,NEW YORK,NY,36,21,13.0,jill-stein,JILL STEIN,Jill Stein,OTHER,46703,8381429,0.005572200158230774,True,1
2024,NEW YORK,NY,36,21,13.0,void,VOID,Void,OTHER,46395,8381429,0.0055354522480593705,False,1
2024,NEW YORK,NY,36,21,13.0,claudia-de-la-cruz,CLAUDIA DE LA CRUZ,Claudia De La Cruz,OTHER,6327,8381429,0.0007548832066703661,True,1
2024,NEW YORK,NY,36,21,13.0,chase-oliver,CHASE OLIVER,Chase Oliver,OTHER,5338,8381429,0.0006368842353732282,True,1
2024,NEW YORK,NY,36,21,13.0,cornel-west,CORNEL WEST,Cornel West,OTHER,4152,8381429,0.0004953809189339909,True,1
2024,NEW YORK,NY,36,21,13.0,peter-sonski,PETER SONSKI,Peter Sonski,OTHER,1544,8381429,0.00018421679644366133,True,1
2024,NEW YORK,NY,36,21,13.0,shiva-ayyadurai,SHIVA AYYADURAI,Shiva Ayyadurai,OTHER,134,8381429,1.5987727152493923e-05,True,1
2024,NEW YORK,NY,36,21,13.0,chris-garrity,CHRIS GARRITY,Chris Garrity,OTHER,108,8381429,1.2885630839323461e-05,True,1
2024,NEW YORK,NY,36,21,13.0,scattering,SCATTERING,Scattering,OTHER,100,8381429,1.1931139666040241e-05,True,1
2024,NEW YORK,NY,36,21,13.0,raymond-anthony-scollin,RAYMOND ANTHONY SCOLLIN,Raymond Anthony Scollin,OTHER,51,8381429,6.084881229680524e-06,True,1
2024,NEW YORK,NY,36,21,13.0,andrew-o-donnell,ANDREW O'DONNELL,Andrew O'Donnell,OTHER,20,8381429,2.3862279332080484e-06,True,1
2024,NEW YORK,NY,36,21,13.0,future-madam-potus,FUTURE MADAM POTUS,Future Madam Potus,OTHER,18,8381429,2.1476051398872434e-06,True,1
2024,NEW YORK,NY,36,21,13.0,garry-hubbard,GARRY HUBBARD,Garry Hubbard,OTHER,6,8381429,7.158683799624146e-07,True,1
2024,NEW YORK,NY,36,21,13.0,andre-ramon-mcneil-sr,ANDRE RAMON MCNEIL SR,Andre Ramon Mcneil Sr,OTHER,5,8381429,5.965569833020121e-07,True,1
2024,OHIO,OH,39,31,24.0,donald-trump,"TRUMP, DONALD J.",Donald Trump,REPUBLICAN,3180116,5767788,0.5513579902728741,False,1
2024,OHIO,OH,39,31,24.0,kamala-harris,"HARRIS, KAMALA D.",Kamala Harris,DEMOCRAT,2533699,5767788,0.4392843495634722,False,1
2024,OHIO,OH,39,31,24.0,chase-oliver,"OLIVER, CHASE",Chase Oliver,LIBERTARIAN,28200,5767788,0.004889222696812019,False,1
2024,OHIO,OH,39,31,24.0,richard-duncan,"DUNCAN, RICHARD",Richard Duncan,OTHER,12805,5767788,0.0022200885330736844,False,1
2024,OHIO,OH,39,31,24.0,peter-sonski,"SONSKI, PETER",Peter Sonski,OTHER,10197,5767788,0.0017679221219642609,False,1
2024,OHIO,OH,39,31,24.0,claudia-de-la-cruz-and-karina-garcia,CLAUDIA DE LA CRUZ AND KARINA GARCIA,Claudia De La Cruz And Karina Garcia,OTHER,1794,5767788,0.00031103778432910504,True,1
2024,OHIO,OH,39,31,24.0,cornel-west-and-melina-abdullah,CORNEL WEST AND MELINA ABDULLAH,Cornel West And Melina Abdullah,OTHER,852,5767788,0.00014771694105261845,True,1
2024,OHIO,OH,39,31,24.0,shiva-ayyadurai-and-crystal-ellis,SHIVA AYYADURAI AND CRYSTAL ELLIS,Shiva Ayyadurai And Crystal Ellis,OTHER,74,5767788,1.2829875161847141e-05,True,1
2024,OHIO,OH,39,31,24.0,john-cheng-and-wayne-waligorski,JOHN CHENG AND WAYNE WALIGORSKI,John Cheng And Wayne Waligorski,OTHER,24,5767788,4.161040593031505e-06,True,1
2024,OHIO,OH,39,31,24.0,chris-garrity-and-cody-ballard,CHRIS GARRITY AND CODY BALLARD,Chris Garrity And Cody Ballard,OTHER,13,5767788,2.2538969878920654e-06,True,1
2024,OHIO,OH,39,31,24.0,jay-bowman-and-de-d-bowman,JAY BOWMAN AND DE D BOWMAN,Jay Bowman And De D Bowman,OTHER,7,5767788,1.213636839634189e-06,True,1
2024,OHIO,OH,39,31,24.0,brian-kienitz-and-christina-johnston,BRIAN KIENITZ AND CHRISTINA JOHNSTON,Brian Kienitz And Christina Johnston,OTHER,4,5767788,6.935067655052509e-07,True,1
2024,OHIO,OH,39,31,24.0,william-nalbach-and-willis-butts,WILLIAM NALBACH AND WILLIS BUTTS,William Nalbach And Willis Butts,OTHER,3,5767788,5.201300741289382e-07,True,1
2024,OHIO,OH,39,31,24.0,cherunda-fox-and-harlan-mcvay,CHERUNDA FOX AND HARLAN MCVAY,Cherunda Fox And Harlan Mcvay,OTHER,0,5767788,0.0,True,1
2024,OKLAHOMA,OK,40,73,53.0,donald-trump,"TRUMP, DONALD J.",Donald Trump,REPUBLICAN,1036213,1566173,0.6616210342024795,False,1
2024,OKLAHOMA,OK,40,73,53.0,kamala-harris,"HARRIS, KAMALA D.",Kamala Harris,DEMOCRAT,499599,1566173,0.3189934956099997,False,1
2024,OKLAHOMA,OK,40,73,53.0,robert-f-kennedy-jr,"KENNEDY, ROBERT F. JR",Robert F. Kennedy Jr.,OTHER,16020,1566173,0.010228755060903233,False,1
2024,OKLAHOMA,OK,40,73,53.0,chase-oliver,"OLIVER, CHASE",Chase Oliver,LIBERTARIAN,9198,1566173,0.0058729144226084854,False,1
2024,OKLAHOMA,OK,40,73,53.0,chris-garrity,"GARRITY, CHRIS",Chris Garrity,OTHER,5143,1566173,0.003283800704009072,False,1
2024,OREGON,OR,41,92,72.0,kamala-harris,"HARRIS, KAMALA D.",Kamala Harris,DEMOCRAT,1240600,2244493,0.5527306166693324,False,1
2024,OREGON,OR,41,92,72.0,donald-trump,"TRUMP, DONALD J.",Donald Trump,REPUBLICAN,919480,2244493,0.4096604444745428,False,1
2024,OREGON,OR,41,92,72.0,robert-f-kennedy-jr,"KENNEDY, ROBERT F. JR",Robert F. Kennedy Jr.,OTHER,33733,2244493,0.01502922931815782,False,1
2024,OREGON,OR,41,92,72.0,jill-stein,"STEIN, JILL",Jill Stein,OTHER,19099,2244493,0.008509271358832485,False,1
2024,OREGON,OR,41,92,72.0,write-in,WRITE-IN,Write-In,OTHER,15026,2244493,0.006694607646359334,True,1
2024,OREGON,OR,41,92,72.0,chase-oliver,"OLIVER, CHASE",Chase Oliver,LIBERTARIAN,9061,2244493,0.004036991872997599,False,1
2024,OREGON,OR,41,92,72.0,cornel-west,"WEST, CORNEL",Cornel West,OTHER,5644,2244493,0.0025145990653568534,False,1
2024,OREGON,OR,41,92,72.0,randall-terry,"TERRY, RANDALL",Randall Terry,OTHER,1850,2244493,0.0008242395944206553,False,1
2024,PENNSYLVANIA,PA,42,23,14.0,donald-trump,"TRUMP, DONALD J.",Donald Trump,REPUBLICAN,3543308,7034206,0.5037253671558666,False,1
2024,PENNSYLVANIA,PA,42,23,14.0,kamala-harris,"HARRIS, KAMALA D.",Kamala Harris,DEMOCRAT,3423042,7034206,0.4866280572391539,False,1
2024,PENNSYLVANIA,PA,42,23,14.0,jill-stein,"STEIN, JILL",Jill Stein,OTHER,34538,7034206,0.004910006900565608,False,1
2024,PENNSYLVANIA,PA,42,23,14.0,chase-oliver,"OLIVER, CHASE",Chase Oliver,LIBERTARIAN,33318,7034206,0.004736568704413831,False,1
2024,RHODE ISLAND,RI,44,15,5.0,kamala-harris,"HARRIS, KAMALA D.",Kamala Harris,DEMOCRAT,285156,513086,0.5557664796934627,False,1
2024,RHODE ISLAND,RI,44,15,5.0,donald-trump,"TRUMP, DONALD J.",Donald Trump,REPUBLICAN,214406,513086,0.4178753659230616,False,1
2024,RHODE ISLAND,RI,44,15,5.0,robert-f-kennedy-jr,"KENNEDY, ROBERT F. JR",Robert F. Kennedy Jr.,OTHER,5045,513086,0.009832659632108458,False,1
2024,RHODE ISLAND,RI,44,15,5.0,jill-stein,"STEIN, JILL",Jill Stein,OTHER,2900,513086,0.005652073921330927,False,1
2024,RHODE ISLAND,RI,44,15,5.0,write-in,WRITE-IN,Write-In,OTHER,2727,513086,0.005314898477058427,True,1
2024,RHODE ISLAND,RI,44,15,5.0,chase-oliver,"OLIVER, CHASE",Chase Oliver,LIBERTARIAN,1617,513086,0.0031515184588938308,False,1
2024,RHODE ISLAND,RI,44,15,5.0,claudia-de-la-cruz,"DE LA CRUZ, CLAUDIA",Claudia De La Cruz,OTHER,1176,513086,0.0022920134246500585,False,1
2024,RHODE ISLAND,RI,44,15,5.0,robert-wells,"WELLS, ROBERT",Robert Wells,OTHER,59,513086,0.00011499046943397403,False,1
2024,SOUTH CAROLINA,SC,45,57,48.0,donald-trump,"TRUMP, DONALD J.",Donald Trump,REPUBLICAN,1483747,2548140,0.5822862951015251,False,1
2024,SOUTH CAROLINA,SC,45,57,48.0,kamala-harris,"HARRIS, KAMALA D.",Kamala Harris,DEMOCRAT,1028452,2548140,0.40360890688894646,False,1
2024,SOUTH CAROLINA,SC,45,57,48.0,chase-oliver,"OLIVER, CHASE",Chase Oliver,LIBERTARIAN,12669,2548140,0.004971861828627941,False,1
2024,SOUTH CAROLINA,SC,45,57,48.0,jill-stein,"STEIN, JILL",Jill Stein,OTHER,8117,2548140,0.0031854607674617562,False,1
2024,SOUTH CAROLINA,SC,45,57,48.0,cornel-west,"WEST, CORNEL",Cornel West,OTHER,6744,2548140,0.0026466363700581603,False,1
2024,SOUTH CAROLINA,SC,45,57,48.0,randall-terry,"TERRY, RANDALL",Randall Terry,OTHER,5352,2548140,0.0021003555534625257,False,1
2024,SOUTH CAROLINA,SC,45,57,48.0,claudia-de-la-cruz,"DE LA CRUZ, CLAUDIA",Claudia De La Cruz,OTHER,3059,2548140,0.0012004834899181365,False,1
2024,SOUTH DAKOTA,SD,46,45,37.0,donald-trump,"TRUMP, DONALD J.",Donald Trump,REPUBLICAN,272081,428922,0.6343367791812964,False,1
2024,SOUTH DAKOTA,SD,46,45,37.0,kamala-harris,"HARRIS, KAMALA D.",Kamala Harris,DEMOCRAT,146859,428922,0.34239092422398476,False,1
2024,SOUTH DAKOTA,SD,46,45,37.0,robert-f-kennedy-jr,"KENNEDY, ROBERT F. JR",Robert F. Kennedy Jr.,OTHER,7204,428922,0.016795594537002065,False,1
2024,SOUTH DAKOTA,SD,46,45,37.0,chase-oliver,"OLIVER, CHASE",Chase Oliver,LIBERTARIAN,2778,428922,0.006476702057716788,False,1
2024,TENNESSEE,TN,47,62,54.0,donald-trump,"TRUMP, DONALD J.",Donald Trump,REPUBLICAN,1966865,3063942,0.6419393709149847,False,1
2024,TENNESSEE,TN,47,62,54.0,kamala-harris,"HARRIS, KAMALA D.",Kamala Harris,DEMOCRAT,1056265,3063942,0.3447405336001791,False,1
2024,TENNESSEE,TN,47,62,54.0,robert-f-kennedy-jr,"KENNEDY, ROBERT F. JR",Robert F. Kennedy Jr.,OTHER,21535,3063942,0.007028527302409771,False,1
2024,TENNESSEE,TN,47,62,54.0,jill-stein,"STEIN, JILL",Jill Stein,OTHER,8967,3063942,0.002926621979136681,False,1
2024,TENNESSEE,TN,47,62,54.0,jay-j-bowman,"BOWMAN, JAY J.",Jay J. Bowman,OTHER,5865,3063942,0.0019142007257317534,False,1
2024,TENNESSEE,TN,47,62,54.0,claudia-de-la-cruz,"DE LA CRUZ, CLAUDIA",Claudia De La Cruz,OTHER,3457,3063942,0.001128285065448367,False,1
2024,TENNESSEE,TN,47,62,54.0,rachele-fruit,"FRUIT, RACHELE",Rachele Fruit,OTHER,988,3063942,0.0003224604121096287,False,1
2024,TEXAS,TX,48,74,49.0,donald-trump,"TRUMP, DONALD J.",Donald Trump,REPUBLICAN,6393597,11388674,0.561399597529967,False,1
2024,TEXAS,TX,48,74,49.0,kamala-harris,"HARRIS, KAMALA D.",Kamala Harris,DEMOCRAT,4835250,11388674,0.42456654743124617,False,1
2024,TEXAS,TX,48,74,49.0,jill-stein,"STEIN, JILL",Jill Stein,OTHER,82701,11388674,0.007261688235171189,False,1
2024,TEXAS,TX,48,74,49.0,chase-oliver,"OLIVER, CHASE",Chase Oliver,LIBERTARIAN,68557,11388674,0.006019752606844309,False,1
2024,TEXAS,TX,48,74,49.0,peter-sonski-lauren-onak,PETER SONSKI/LAUREN ONAK,Peter Sonski/Lauren Onak,OTHER,3780,11388674,0.0003319087015749156,True,1
2024,TEXAS,TX,48,74,49.0,claudia-de-la-cruz-karina-garcia,CLAUDIA DE LA CRUZ/KARINA GARCIA,Claudia De La Cruz/Karina Garcia,OTHER,2374,11388674,0.00020845271363461627,True,1
2024,TEXAS,TX,48,74,49.0,cornel-west-melina-abdullah,CORNEL WEST/MELINA ABDULLAH,Cornel West/Melina Abdullah,OTHER,1858,11388674,0.00016314454167359605,True,1
2024,TEXAS,TX,48,74,49.0,shiva-ayyadurai-crystal-ellis,SHIVA AYYADURAI/CRYSTAL ELLIS,Shiva Ayyadurai/Crystal Ellis,OTHER,433,11388674,3.8020229571941384e-05,True,1
2024,TEXAS,TX,48,74,49.0,jessie-cuellar-wesley-lasley,JESSIE CUELLAR/WESLEY LASLEY,Jessie Cuellar/Wesley Lasley,OTHER,98,11388674,8.605040411201515e-06,True,1
2024,TEXAS,TX,48,74,49.0,cherunda-fox-harlan-mcvay,CHERUNDA FOX/HARLAN MCVAY,Cherunda Fox/Harlan Mcvay,OTHER,26,11388674,2.2829699050126466e-06,True,1
2024,UTAH,UT,49,87,67.0,donald-trump,"TRUMP, DONALD J.",Donald Trump,REPUBLICAN,883818,1488494,0.5937665855556018,False,1
2024,UTAH,UT,49,87,67.0,kamala-harris,"HARRIS, KAMALA D.",Kamala Harris,DEMOCRAT,562566,1488494,0.3779430753499846,False,1
2024,UTAH,UT,49,87,67.0,chase-oliver,"OLIVER, CHASE",Chase Oliver,LIBERTARIAN,16902,1488494,0.011355101196242645,False,1
2024,UTAH,UT,49,87,67.0,joel-skousen,"SKOUSEN, JOEL",Joel Skousen,OTHER,8402,1488494,0.005644631419407804,False,1
2024,UTAH,UT,49,87,67.0,jill-stein,"STEIN, JILL",Jill Stein,OTHER,8222,1488494,0.005523703824133654,False,1
2024,UTAH,UT,49,87,67.0,claudia-de-la-cruz,"DE LA CRUZ, CLAUDIA",Claudia De La Cruz,OTHER,3189,1488494,0.0021424338962736833,False,1
2024,UTAH,UT,49,87,67.0,lucifer-justin-case-everylove,"EVERYLOVE, LUCIFER ""JUSTIN CASE""","Lucifer ""Justin Case"" Everylove",OTHER,2653,1488494,0.0017823383903462157,False,1
2024,UTAH,UT,49,87,67.0,cornel-west,"WEST, CORNEL",Cornel West,OTHER,2199,1488494,0.0014773321222658607,False,1
2024,UTAH,UT,49,87,67.0,peter-sonski-lauren-michelle-onak,PETER SONSKI / LAUREN MICHELLE ONAK,Peter Sonski / Lauren Michelle Onak,OTHER,441,1488494,0.00029627260842166644,True,1
2024,UTAH,UT,49,87,67.0,jay-j-bowman-de-d-bowman,JAY J BOWMAN / DE D. BOWMAN,Jay J Bowman / De D. Bowman,OTHER,59,1488494,3.963737845097125e-05,True,1
2024,UTAH,UT,49,87,67.0,steve-m-johnson,STEVE M. JOHNSON,Steve M. Johnson,OTHER,33,1488494,2.2170059133594088e-05,True,1
2024,UTAH,UT,49,87,67.0,future-madam-potus,FUTURE MADAM POTUS,Future Madam Potus,OTHER,9,1488494,6.046379763707479e-06,True,1
2024,UTAH,UT,49,87,67.0,andre-ramon-mc-neil,ANDRE RAMON MC NEIL,Andre Ramon Mc Neil,OTHER,1,1488494,6.718199737452754e-07,True,1
2024,UTAH,UT,49,87,67.0,buddie-arden-wilkerson,BUDDIE ARDEN WILKERSON,Buddie Arden Wilkerson,OTHER,0,1488494,0.0,True,1
2024,UTAH,UT,49,87,67.0,shondra-yevette-irving,SHONDRA YEVETTE IRVING,Shondra Yevette Irving,OTHER,0,1488494,0.0,True,1
2024,VIRGINIA,VA,51,54,40.0,kamala-harris,"HARRIS, KAMALA D.",Kamala Harris,DEMOCRAT,2333778,4503288,0.5182386736091495,False,1
2024,VIRGINIA,VA,51,54,40.0,donald-trump,"TRUMP, DONALD J.",Donald Trump,REPUBLICAN,2074097,4503288,0.46057391843470813,False,1
2024,VIRGINIA,VA,51,54,40.0,jill-stein,"STEIN, JILL",Jill Stein,OTHER,34880,4503288,0.0077454517676861885,False,1
2024,VIRGINIA,VA,51,54,40.0,write-in,WRITE-IN,Write-In,OTHER,23348,4503288,0.005184656188989023,True,1
2024,VIRGINIA,VA,51,54,40.0,chase-oliver,"OLIVER, CHASE",Chase Oliver,LIBERTARIAN,19802,4503288,0.004397231533936981,False,1
2024,VIRGINIA,VA,51,54,40.0,cornel-west,"WEST, CORNEL",Cornel West,OTHER,8975,4503288,0.0019929882343745283,False,1
2024,VIRGINIA,VA,51,54,40.0,claudia-de-la-cruz,"DE LA CRUZ, CLAUDIA",Claudia De La Cruz,OTHER,8408,4503288,0.0018670802311555469,False,1
2024,VERMONT,VT,50,13,6.0,kamala-harris,"HARRIS, KAMALA D.",Kamala Harris,DEMOCRAT,235791,372885,0.6323424111991632,False,1
2024,VERMONT,VT,50,13,6.0,donald-trump,"TRUMP, DONALD J.",Donald Trump,REPUBLICAN,119395,372885,0.3201925526636899,False,1
2024,VERMONT,VT,50,13,6.0,robert-f-kennedy-jr,"KENNEDY, ROBERT F. JR",Robert F. Kennedy Jr.,OTHER,5905,372885,0.015835981602907064,False,1
2024,VERMONT,VT,50,13,6.0,undervotes,UNDERVOTES,Undervotes,OTHER,3195,372885,0.008568325355002213,False,1
2024,VERMONT,VT,50,13,6.0,write-in,WRITE-IN,Write-In,OTHER,3033,372885,0.008133875055311959,True,1
2024,VERMONT,VT,50,13,6.0,chase-oliver,"OLIVER, CHASE",Chase Oliver,LIBERTARIAN,1828,372885,0.004902315727369028,False,1
2024,VERMONT,VT,50,13,6.0,claudia-de-la-cruz,"DE LA CRUZ, CLAUDIA",Claudia De La Cruz,OTHER,1710,372885,0.004585864274508226,False,1
2024,VERMONT,VT,50,13,6.0,cornel-west,"WEST, CORNEL",Cornel West,OTHER,1549,372885,0.00415409576679137,False,1
2024,VERMONT,VT,50,13,6.0,spoiled,SPOILED,Spoiled,OTHER,268,372885,0.0007187202488702951,False,1
2024,VERMONT,VT,50,13,6.0,rachele-fruit,"FRUIT, RACHELE",Rachele Fruit,OTHER,211,372885,0.0005658581063866876,False,1
2024,WASHINGTON,WA,53,91,73.0,kamala-harris,"HARRIS, KAMALA D.",Kamala Harris,DEMOCRAT,2245849,3924243,0.5723012056083173,False,1
2024,WASHINGTON,WA,53,91,73.0,donald-trump,"TRUMP, DONALD J.",Donald Trump,REPUBLICAN,1530923,3924243,0.39011931727979127,False,1
2024,WASHINGTON,WA,53,91,73.0,robert-f-kennedy-jr,"KENNEDY, ROBERT F. JR",Robert F. Kennedy Jr.,OTHER,54868,3924243,0.013981804898422448,False,1
2024,WASHINGTON,WA,53,91,73.0,jill-stein,"STEIN, JILL",Jill Stein,OTHER,29754,3924243,0.0075820992736688325,False,1
2024,WASHINGTON,WA,53,91,73.0,write-in,WRITE-IN,Write-In,OTHER,25408,3924243,0.006474624532680571,True,1
2024,WASHINGTON,WA,53,91,73.0,chase-oliver,"OLIVER, CHASE",Chase Oliver,LIBERTARIAN,16428,3924243,0.004186285100081723,False,1
2024,WASHINGTON,WA,53,91,73.0,claudia-de-la-cruz,"DE LA CRUZ, CLAUDIA",Claudia De La Cruz,OTHER,8695,3924243,0.0022157139606288397,False,1
2024,WASHINGTON,WA,53,91,73.0,cornel-west,"WEST, CORNEL",Cornel West,OTHER,7254,3924243,0.0018485093812997818,False,1
2024,WASHINGTON,WA,53,91,73.0,shiva-ayyadurai,"AYYADURAI, SHIVA",Shiva Ayyadurai,OTHER,3323,3924243,0.0008467875205485491,False,1
2024,WASHINGTON,WA,53,91,73.0,joseph-kishore,"KISHORE, JOSEPH",Joseph Kishore,OTHER,917,3924243,0.00023367564139121865,False,1
2024,WASHINGTON,WA,53,91,73.0,rachele-fruit,"FRUIT, RACHELE",Rachele Fruit,OTHER,824,3924243,0.00020997680316942657,False,1
2024,WISCONSIN,WI,55,35,25.0,donald-trump,"TRUMP, DONALD J.",Donald Trump,REPUBLICAN,1697626,3422918,0.495958711251628,False,1
2024,WISCONSIN,WI,55,35,25.0,kamala-harris,"HARRIS, KAMALA D.",Kamala Harris,DEMOCRAT,1668229,3422918,0.48737042488309684,False,1
2024,WISCONSIN,WI,55,35,25.0,robert-f-kennedy-jr,"KENNEDY, ROBERT F. JR",Robert F. Kennedy Jr.,OTHER,17740,3422918,0.005182712527732186,False,1
2024,WISCONSIN,WI,55,35,25.0,jill-stein,"STEIN, JILL",Jill Stein,OTHER,12275,3422918,0.0035861215489240467,False,1
2024,WISCONSIN,WI,55,35,25.0,chase-oliver,"OLIVER, CHASE",Chase Oliver,LIBERTARIAN,10511,3422918,0.0030707717801010718,False,1
2024,WISCONSIN,WI,55,35,25.0,scattering,SCATTERING,Scattering,OTHER,7131,3422918,0.002083310204918727,True,1
2024,WISCONSIN,WI,55,35,25.0,randall-terry,"TERRY, RANDALL",Randall Terry,OTHER,4044,3422918,0.001181448109478521,False,1
2024,WISCONSIN,WI,55,35,25.0,cornel-west,"WEST, CORNEL",Cornel West,OTHER,2753,3422918,0.0008042845315020693,False,1
2024,WISCONSIN,WI,55,35,25.0,claudia-de-la-cruz,"DE LA CRUZ, CLAUDIA",Claudia De La Cruz,OTHER,2035,3422918,0.0005945219838745772,False,1
2024,WISCONSIN,WI,55,35,25.0,peter-sonski-lauren-onak,PETER SONSKI / LAUREN ONAK,Peter Sonski / Lauren Onak,OTHER,561,3422918,0.00016389524960866723,True,1
2024,WISCONSIN,WI,55,35,25.0,doug-jenkins,DOUG JENKINS,Doug Jenkins,OTHER,12,3422918,3.505780740292347e-06,True,1
2024,WISCONSIN,WI,55,35,25.0,future-madam-potus,FUTURE MADAM POTUS,Future Madam Potus,OTHER,1,3422918,2.9214839502436224e-07,True,1
2024,WISCONSIN,WI,55,35,25.0,andr-ramone-mcneil-sr,"ANDRÉ RAMONE MCNEIL, SR.",André Ramone Mcneil Sr.,OTHER,0,3422918,0.0,True,1
2024,WISCONSIN,WI,55,35,25.0,brian-kienitz,BRIAN KIENITZ,Brian Kienitz,OTHER,0,3422918,0.0,True,1
2024,WISCONSIN,WI,55,35,25.0,cherunda-lynn-fox,CHERUNDA LYNN FOX,Cherunda Lynn Fox,OTHER,0,3422918,0.0,True,1
2024,WEST VIRGINIA,WV,54,55,,donald-trump,"TRUMP, DONALD J.",Donald Trump,REPUBLICAN,533556,762584,0.6996684955362295,False,1
2024,WEST VIRGINIA,WV,54,55,,kamala-harris,"HARRIS, KAMALA D.",Kamala Harris,DEMOCRAT,214309,762584,0.2810300242333959,False,1
2024,WEST VIRGINIA,WV,54,55,,robert-f-kennedy-jr,"KENNEDY, ROBERT F. JR",Robert F. Kennedy Jr.,OTHER,8947,762584,0.011732477995866684,False,1
2024,WEST VIRGINIA,WV,54,55,,chase-oliver,"OLIVER, CHASE",Chase Oliver,LIBERTARIAN,3047,762584,0.003995625399955939,False,1
2024,WEST VIRGINIA,WV,54,55,,jill-stein,"STEIN, JILL",Jill Stein,OTHER,2531,762584,0.003318978630550864,False,1
2024,WEST VIRGINIA,WV,54,55,,claudia-de-la-cruz,CLAUDIA DE LA CRUZ,Claudia De La Cruz,OTHER,73,762584,9.572715923753974e-05,True,1
2024,WEST VIRGINIA,WV,54,55,,peter-sonski,PETER SONSKI,Peter Sonski,OTHER,63,762584,8.261384975294524e-05,True,1
2024,WEST VIRGINIA,WV,54,55,,cornel-west,CORNEL WEST,Cornel West,OTHER,39,762584,5.114190698991849e-05,True,1
2024,WEST VIRGINIA,WV,54,55,,dr-shiva,DR. SHIVA,Dr. Shiva,OTHER,10,762584,1.3113309484594485e-05,True,1
2024,WEST VIRGINIA,WV,54,55,,angela-dwyer,ANGELA DWYER,Angela Dwyer,OTHER,3,762584,3.933992845378345e-06,True,1
2024,WEST VIRGINIA,WV,54,55,,doug-bell,DOUG BELL,Doug Bell,OTHER,2,762584,2.6226618969188967e-06,True,1
2024,WEST VIRGINIA,WV,54,55,,rick-mattox,RICK MATTOX,Rick Mattox,OTHER,2,762584,2.6226618969188967e-06,True,1
2024,WEST VIRGINIA,WV,54,55,,doug-jenkins,DOUG JENKINS,Doug Jenkins,OTHER,1,762584,1.3113309484594483e-06,True,1
2024,WEST VIRGINIA,WV,54,55,,future-madam-potus,FUTURE MADAM POTUS,Future Madam Potus,OTHER,1,762584,1.3113309484594483e-06,True,1
2024,WEST VIRGINIA,WV,54,55,,andre-ramon-mcneil-sr,ANDRE' RAMON MCNEIL SR,Andre' Ramon Mcneil Sr,OTHER,0,762584,0.0,True,1
2024,WEST VIRGINIA,WV,54,55,,brandon-l-mcintyre,BRANDON L. MCINTYRE,Brandon L. Mcintyre,OTHER,0,762584,0.0,True,1
2024,WEST VIRGINIA,WV,54,55,,brian-kienitz,BRIAN KIENITZ,Brian Kienitz,OTHER,0,762584,0.0,True,1
2024,WEST VIRGINIA,WV,54,55,,carol-asher,CAROL ASHER,Carol Asher,OTHER,0,762584,0.0,True,1
2024,WEST VIRGINIA,WV,54,55,,cherunda-lynn-fox,CHERUNDA LYNN FOX,Cherunda Lynn Fox,OTHER,0,762584,0.0,True,1
2024,WEST VIRGINIA,WV,54,55,,chris-garrity,CHRIS GARRITY,Chris Garrity,OTHER,0,762584,0.0,True,1
2024,WEST VIRGINIA,WV,54,55,,christin-powers,CHRISTIN POWERS,Christin Powers,OTHER,0,762584,0.0,True,1
2024,WEST VIRGINIA,WV,54,55,,christine-chisholm,CHRISTINE CHISHOLM,Christine Chisholm,OTHER,0,762584,0.0,True,1
2024,WEST VIRGINIA,WV,54,55,,christopher-stried,CHRISTOPHER STRIED,Christopher Stried,OTHER,0,762584,0.0,True,1
2024,WEST VIRGINIA,WV,54,55,,dennis-schuller,DENNIS SCHULLER,Dennis Schuller,OTHER,0,762584,0.0,True,1
2024,WEST VIRGINIA,WV,54,55,,garry-hubbard,GARRY HUBBARD,Garry Hubbard,OTHER,0,762584,0.0,True,1
2024,WEST VIRGINIA,WV,54,55,,john-cheng,JOHN CHENG,John Cheng,OTHER,0,762584,0.0,True,1
2024,WEST VIRGINIA,WV,54,55,,john-r-gibb-jr,JOHN R. GIBB JR.,John R. Gibb Jr.,OTHER,0,762584,0.0,True,1
2024,WEST VIRGINIA,WV,54,55,,les-waller,LES WALLER,Les Waller,OTHER,0,762584,0.0,True,1
2024,WEST VIRGINIA,WV,54,55,,mama-wysinger,MAMA WYSINGER,Mama Wysinger,OTHER,0,762584,0.0,True,1
2024,WEST VIRGINIA,WV,54,55,,paij-boring,PAIJ BORING,Paij Boring,OTHER,0,762584,0.0,True,1
2024,WEST VIRGINIA,WV,54,55,,paul-raymond-farrow-jr,PAUL RAYMOND FARROW JR,Paul Raymond Farrow Jr,OTHER,0,762584,0.0,True,1
2024,WEST VIRGINIA,WV,54,55,,president-r-boddie,PRESIDENT R BODDIE,President R Boddie,OTHER,0,762584,0.0,True,1
2024,WEST VIRGINIA,WV,54,55,,richard-mayers,RICHARD MAYERS,Richard Mayers,OTHER,0,762584,0.0,True,1
2024,WEST VIRGINIA,WV,54,55,,roger-d-richard,ROGER D. RICHARD,Roger D. Richard,OTHER,0,762584,0.0,True,1
2024,WEST VIRGINIA,WV,54,55,,shondra-irving,SHONDRA IRVING,Shondra Irving,OTHER,0,762584,0.0,True,1
2024,WEST VIRGINIA,WV,54,55,,william-cody-nalbach,WILLIAM CODY NALBACH,William Cody Nalbach,OTHER,0,762584,0.0,True,1
2024,WYOMING,WY,56,83,68.0,donald-trump,"TRUMP, DONALD J.",Donald Trump,REPUBLICAN,192633,271123,0.7105004001873688,False,1
2024,WYOMING,WY,56,83,68.0,kamala-harris,"HARRIS, KAMALA D.",Kamala Harris,DEMOCRAT,69527,271123,0.256440803620497,False,1
2024,WYOMING,WY,56,83,68.0,chase-oliver,"OLIVER, CHASE",Chase Oliver,LIBERTARIAN,4193,271123,0.015465305414885494,False,1
2024,WYOMING,WY,56,83,68.0,write-in,WRITE-IN,Write-In,OTHER,2695,271123,0.009940137871003198,True,1
2024,WYOMING,WY,56,83,68.0,undervotes,UNDERVOTES,Undervotes,OTHER,1999,271123,0.007373037329920369,False,1
2024,WYOMING,WY,56,83,68.0,overvotes,OVERVOTES,Overvotes,OTHER,76,271123,0.00028031557632513654,False,1
